2026-08-07 15:12:04.732 -07:00 [INF] Application started. Press Ctrl+C to shut down.
2026-08-07 15:12:04.747 -07:00 [INF] Hosting environment: Production
2026-08-07 15:12:04.747 -07:00 [INF] Content root path: C:\Projects\CvarcLogger\src\CvarcLogger.App\bin\Debug\net9.0-windows
2026-08-07 15:12:05.057 -07:00 [INF] Executed DbCommand (6ms) [Parameters=[], CommandType='"Text"', CommandTimeout='30']
PRAGMA journal_mode = 'wal';
2026-08-07 15:12:05.061 -07:00 [INF] Acquiring an exclusive lock for migration application. See https://aka.ms/efcore-docs-migrations-lock for more information if this takes too long.
2026-08-07 15:12:05.065 -07:00 [INF] Executed DbCommand (2ms) [Parameters=[], CommandType='"Text"', CommandTimeout='30']
SELECT COUNT(*) FROM "sqlite_master" WHERE "name" = '__EFMigrationsLock' AND "type" = 'table';
2026-08-07 15:12:05.069 -07:00 [INF] Executed DbCommand (2ms) [Parameters=[], CommandType='"Text"', CommandTimeout='30']
CREATE TABLE IF NOT EXISTS "__EFMigrationsLock" (
    "Id" INTEGER NOT NULL CONSTRAINT "PK___EFMigrationsLock" PRIMARY KEY,
    "Timestamp" TEXT NOT NULL
);
2026-08-07 15:12:05.069 -07:00 [INF] Executed DbCommand (0ms) [Parameters=[], CommandType='"Text"', CommandTimeout='30']
INSERT OR IGNORE INTO "__EFMigrationsLock"("Id", "Timestamp") VALUES(1, '2026-08-07 22:12:05.0693835+00:00');
SELECT changes();
2026-08-07 15:12:05.092 -07:00 [INF] Executed DbCommand (0ms) [Parameters=[], CommandType='"Text"', CommandTimeout='30']
CREATE TABLE IF NOT EXISTS "__EFMigrationsHistory" (
    "MigrationId" TEXT NOT NULL CONSTRAINT "PK___EFMigrationsHistory" PRIMARY KEY,
    "ProductVersion" TEXT NOT NULL
);
2026-08-07 15:12:05.099 -07:00 [INF] Executed DbCommand (0ms) [Parameters=[], CommandType='"Text"', CommandTimeout='30']
SELECT COUNT(*) FROM "sqlite_master" WHERE "name" = '__EFMigrationsHistory' AND "type" = 'table';
2026-08-07 15:12:05.100 -07:00 [INF] Executed DbCommand (0ms) [Parameters=[], CommandType='"Text"', CommandTimeout='30']
SELECT "MigrationId", "ProductVersion"
FROM "__EFMigrationsHistory"
ORDER BY "MigrationId";
2026-08-07 15:12:05.104 -07:00 [INF] Applying migration '20260715204055_InitialCreate'.
2026-08-07 15:12:05.112 -07:00 [INF] Executed DbCommand (0ms) [Parameters=[], CommandType='"Text"', CommandTimeout='30']
CREATE TABLE "DxccEntities" (
    "EntityCode" INTEGER NOT NULL CONSTRAINT "PK_DxccEntities" PRIMARY KEY AUTOINCREMENT,
    "EntityName" TEXT NOT NULL,
    "Continent" TEXT NULL,
    "CqZone" INTEGER NULL,
    "ItuZone" INTEGER NULL,
    "IsDeleted" INTEGER NOT NULL,
    "Notes" TEXT NULL
);
2026-08-07 15:12:05.112 -07:00 [INF] Executed DbCommand (0ms) [Parameters=[], CommandType='"Text"', CommandTimeout='30']
CREATE TABLE "StationProfiles" (
    "Id" INTEGER NOT NULL CONSTRAINT "PK_StationProfiles" PRIMARY KEY AUTOINCREMENT,
    "Callsign" TEXT NOT NULL,
    "OperatorCallsign" TEXT NULL,
    "MyGridSquare" TEXT NULL,
    "MyState" TEXT NULL,
    "MyCounty" TEXT NULL,
    "IsDefault" INTEGER NOT NULL,
    "Notes" TEXT NULL
);
2026-08-07 15:12:05.112 -07:00 [INF] Executed DbCommand (0ms) [Parameters=[], CommandType='"Text"', CommandTimeout='30']
CREATE TABLE "PrefixMappings" (
    "Id" INTEGER NOT NULL CONSTRAINT "PK_PrefixMappings" PRIMARY KEY AUTOINCREMENT,
    "Prefix" TEXT NOT NULL,
    "DxccEntityCode" INTEGER NOT NULL,
    CONSTRAINT "FK_PrefixMappings_DxccEntities_DxccEntityCode" FOREIGN KEY ("DxccEntityCode") REFERENCES "DxccEntities" ("EntityCode") ON DELETE CASCADE
);
2026-08-07 15:12:05.112 -07:00 [INF] Executed DbCommand (0ms) [Parameters=[], CommandType='"Text"', CommandTimeout='30']
CREATE TABLE "Qsos" (
    "Id" INTEGER NOT NULL CONSTRAINT "PK_Qsos" PRIMARY KEY AUTOINCREMENT,
    "Callsign" TEXT NOT NULL,
    "QsoDateTimeOnUtc" TEXT NOT NULL,
    "QsoDateTimeOffUtc" TEXT NULL,
    "Band" TEXT NOT NULL,
    "Mode" TEXT NOT NULL,
    "SubMode" TEXT NULL,
    "FrequencyMhz" TEXT NULL,
    "FrequencyRxMhz" TEXT NULL,
    "RstSent" TEXT NULL,
    "RstRcvd" TEXT NULL,
    "Name" TEXT NULL,
    "GridSquare" TEXT NULL,
    "County" TEXT NULL,
    "State" TEXT NULL,
    "Country" TEXT NULL,
    "DxccEntityCode" INTEGER NULL,
    "DxccEntityOverride" INTEGER NOT NULL,
    "Continent" TEXT NULL,
    "CqZone" INTEGER NULL,
    "ItuZone" INTEGER NULL,
    "TxPowerWatts" TEXT NULL,
    "QslSent" TEXT NOT NULL,
    "QslRcvd" TEXT NOT NULL,
    "QslSentDate" TEXT NULL,
    "QslRcvdDate" TEXT NULL,
    "LotwQslSent" TEXT NOT NULL,
    "LotwQslRcvd" TEXT NOT NULL,
    "LotwQslSentDate" TEXT NULL,
    "LotwQslRcvdDate" TEXT NULL,
    "QslViaCallsign" TEXT NULL,
    "Comment" TEXT NULL,
    "Notes" TEXT NULL,
    "StationProfileId" INTEGER NULL,
    "StationCallsign" TEXT NOT NULL,
    "OperatorCallsign" TEXT NULL,
    "MyGridSquare" TEXT NULL,
    "MyState" TEXT NULL,
    "MyCounty" TEXT NULL,
    "ContestId" TEXT NULL,
    "StxSerial" INTEGER NULL,
    "SrxSerial" INTEGER NULL,
    "AdifExtraFieldsJson" TEXT NULL,
    "CreatedAtUtc" TEXT NOT NULL,
    "ModifiedAtUtc" TEXT NOT NULL,
    CONSTRAINT "FK_Qsos_DxccEntities_DxccEntityCode" FOREIGN KEY ("DxccEntityCode") REFERENCES "DxccEntities" ("EntityCode") ON DELETE SET NULL,
    CONSTRAINT "FK_Qsos_StationProfiles_StationProfileId" FOREIGN KEY ("StationProfileId") REFERENCES "StationProfiles" ("Id") ON DELETE SET NULL
);
2026-08-07 15:12:05.112 -07:00 [INF] Executed DbCommand (0ms) [Parameters=[], CommandType='"Text"', CommandTimeout='30']
CREATE INDEX "IX_PrefixMappings_DxccEntityCode" ON "PrefixMappings" ("DxccEntityCode");
2026-08-07 15:12:05.112 -07:00 [INF] Executed DbCommand (0ms) [Parameters=[], CommandType='"Text"', CommandTimeout='30']
CREATE UNIQUE INDEX "IX_PrefixMappings_Prefix" ON "PrefixMappings" ("Prefix");
2026-08-07 15:12:05.112 -07:00 [INF] Executed DbCommand (0ms) [Parameters=[], CommandType='"Text"', CommandTimeout='30']
CREATE INDEX "IX_Qsos_Callsign" ON "Qsos" ("Callsign");
2026-08-07 15:12:05.112 -07:00 [INF] Executed DbCommand (0ms) [Parameters=[], CommandType='"Text"', CommandTimeout='30']
CREATE INDEX "IX_Qsos_DxccEntityCode" ON "Qsos" ("DxccEntityCode");
2026-08-07 15:12:05.112 -07:00 [INF] Executed DbCommand (0ms) [Parameters=[], CommandType='"Text"', CommandTimeout='30']
CREATE INDEX "IX_Qsos_QsoDateTimeOnUtc" ON "Qsos" ("QsoDateTimeOnUtc");
2026-08-07 15:12:05.112 -07:00 [INF] Executed DbCommand (0ms) [Parameters=[], CommandType='"Text"', CommandTimeout='30']
CREATE INDEX "IX_Qsos_StationProfileId" ON "Qsos" ("StationProfileId");
2026-08-07 15:12:05.112 -07:00 [INF] Executed DbCommand (0ms) [Parameters=[], CommandType='"Text"', CommandTimeout='30']
INSERT INTO "__EFMigrationsHistory" ("MigrationId", "ProductVersion")
VALUES ('20260715204055_InitialCreate', '9.0.18');
2026-08-07 15:12:05.113 -07:00 [INF] Applying migration '20260715231126_AddQsoCity'.
2026-08-07 15:12:05.115 -07:00 [INF] Executed DbCommand (0ms) [Parameters=[], CommandType='"Text"', CommandTimeout='30']
ALTER TABLE "Qsos" ADD "City" TEXT NULL;
2026-08-07 15:12:05.115 -07:00 [INF] Executed DbCommand (0ms) [Parameters=[], CommandType='"Text"', CommandTimeout='30']
INSERT INTO "__EFMigrationsHistory" ("MigrationId", "ProductVersion")
VALUES ('20260715231126_AddQsoCity', '9.0.18');
2026-08-07 15:12:05.115 -07:00 [INF] Applying migration '20260716035536_AddQsoArrlSection'.
2026-08-07 15:12:05.117 -07:00 [INF] Executed DbCommand (0ms) [Parameters=[], CommandType='"Text"', CommandTimeout='30']
ALTER TABLE "Qsos" ADD "ArrlSection" TEXT NULL;
2026-08-07 15:12:05.117 -07:00 [INF] Executed DbCommand (0ms) [Parameters=[], CommandType='"Text"', CommandTimeout='30']
INSERT INTO "__EFMigrationsHistory" ("MigrationId", "ProductVersion")
VALUES ('20260716035536_AddQsoArrlSection', '9.0.18');
2026-08-07 15:12:05.117 -07:00 [INF] Applying migration '20260716205301_AddStationTimeZoneFields'.
2026-08-07 15:12:05.119 -07:00 [INF] Executed DbCommand (0ms) [Parameters=[], CommandType='"Text"', CommandTimeout='30']
ALTER TABLE "StationProfiles" ADD "ObservesDaylightSavingTime" INTEGER NOT NULL DEFAULT 0;
2026-08-07 15:12:05.119 -07:00 [INF] Executed DbCommand (0ms) [Parameters=[], CommandType='"Text"', CommandTimeout='30']
ALTER TABLE "StationProfiles" ADD "UtcOffsetHours" TEXT NOT NULL DEFAULT '0.0';
2026-08-07 15:12:05.119 -07:00 [INF] Executed DbCommand (0ms) [Parameters=[], CommandType='"Text"', CommandTimeout='30']
ALTER TABLE "Qsos" ADD "ObservesDaylightSavingTime" INTEGER NOT NULL DEFAULT 0;
2026-08-07 15:12:05.120 -07:00 [INF] Executed DbCommand (0ms) [Parameters=[], CommandType='"Text"', CommandTimeout='30']
ALTER TABLE "Qsos" ADD "UtcOffsetHours" TEXT NULL;
2026-08-07 15:12:05.120 -07:00 [INF] Executed DbCommand (0ms) [Parameters=[], CommandType='"Text"', CommandTimeout='30']
INSERT INTO "__EFMigrationsHistory" ("MigrationId", "ProductVersion")
VALUES ('20260716205301_AddStationTimeZoneFields', '9.0.18');
2026-08-07 15:12:05.120 -07:00 [INF] Applying migration '20260716210522_AddStationQthOp'.
2026-08-07 15:12:05.121 -07:00 [INF] Executed DbCommand (0ms) [Parameters=[], CommandType='"Text"', CommandTimeout='30']
ALTER TABLE "StationProfiles" ADD "Op" TEXT NULL;
2026-08-07 15:12:05.122 -07:00 [INF] Executed DbCommand (0ms) [Parameters=[], CommandType='"Text"', CommandTimeout='30']
ALTER TABLE "StationProfiles" ADD "Qth" TEXT NULL;
2026-08-07 15:12:05.122 -07:00 [INF] Executed DbCommand (0ms) [Parameters=[], CommandType='"Text"', CommandTimeout='30']
ALTER TABLE "Qsos" ADD "Op" TEXT NULL;
2026-08-07 15:12:05.122 -07:00 [INF] Executed DbCommand (0ms) [Parameters=[], CommandType='"Text"', CommandTimeout='30']
ALTER TABLE "Qsos" ADD "Qth" TEXT NULL;
2026-08-07 15:12:05.122 -07:00 [INF] Executed DbCommand (0ms) [Parameters=[], CommandType='"Text"', CommandTimeout='30']
INSERT INTO "__EFMigrationsHistory" ("MigrationId", "ProductVersion")
VALUES ('20260716210522_AddStationQthOp', '9.0.18');
2026-08-07 15:12:05.122 -07:00 [INF] Applying migration '20260717052758_RemoveQsoComment'.
2026-08-07 15:12:05.128 -07:00 [INF] Executed DbCommand (0ms) [Parameters=[], CommandType='"Text"', CommandTimeout='30']
CREATE TABLE "ef_temp_Qsos" (
    "Id" INTEGER NOT NULL CONSTRAINT "PK_Qsos" PRIMARY KEY AUTOINCREMENT,
    "AdifExtraFieldsJson" TEXT NULL,
    "ArrlSection" TEXT NULL,
    "Band" TEXT NOT NULL,
    "Callsign" TEXT NOT NULL,
    "City" TEXT NULL,
    "ContestId" TEXT NULL,
    "Continent" TEXT NULL,
    "Country" TEXT NULL,
    "County" TEXT NULL,
    "CqZone" INTEGER NULL,
    "CreatedAtUtc" TEXT NOT NULL,
    "DxccEntityCode" INTEGER NULL,
    "DxccEntityOverride" INTEGER NOT NULL,
    "FrequencyMhz" TEXT NULL,
    "FrequencyRxMhz" TEXT NULL,
    "GridSquare" TEXT NULL,
    "ItuZone" INTEGER NULL,
    "LotwQslRcvd" TEXT NOT NULL,
    "LotwQslRcvdDate" TEXT NULL,
    "LotwQslSent" TEXT NOT NULL,
    "LotwQslSentDate" TEXT NULL,
    "Mode" TEXT NOT NULL,
    "ModifiedAtUtc" TEXT NOT NULL,
    "MyCounty" TEXT NULL,
    "MyGridSquare" TEXT NULL,
    "MyState" TEXT NULL,
    "Name" TEXT NULL,
    "Notes" TEXT NULL,
    "ObservesDaylightSavingTime" INTEGER NOT NULL,
    "Op" TEXT NULL,
    "OperatorCallsign" TEXT NULL,
    "QslRcvd" TEXT NOT NULL,
    "QslRcvdDate" TEXT NULL,
    "QslSent" TEXT NOT NULL,
    "QslSentDate" TEXT NULL,
    "QslViaCallsign" TEXT NULL,
    "QsoDateTimeOffUtc" TEXT NULL,
    "QsoDateTimeOnUtc" TEXT NOT NULL,
    "Qth" TEXT NULL,
    "RstRcvd" TEXT NULL,
    "RstSent" TEXT NULL,
    "SrxSerial" INTEGER NULL,
    "State" TEXT NULL,
    "StationCallsign" TEXT NOT NULL,
    "StationProfileId" INTEGER NULL,
    "StxSerial" INTEGER NULL,
    "SubMode" TEXT NULL,
    "TxPowerWatts" TEXT NULL,
    "UtcOffsetHours" TEXT NULL,
    CONSTRAINT "FK_Qsos_DxccEntities_DxccEntityCode" FOREIGN KEY ("DxccEntityCode") REFERENCES "DxccEntities" ("EntityCode") ON DELETE SET NULL,
    CONSTRAINT "FK_Qsos_StationProfiles_StationProfileId" FOREIGN KEY ("StationProfileId") REFERENCES "StationProfiles" ("Id") ON DELETE SET NULL
);
2026-08-07 15:12:05.128 -07:00 [INF] Executed DbCommand (0ms) [Parameters=[], CommandType='"Text"', CommandTimeout='30']
INSERT INTO "ef_temp_Qsos" ("Id", "AdifExtraFieldsJson", "ArrlSection", "Band", "Callsign", "City", "ContestId", "Continent", "Country", "County", "CqZone", "CreatedAtUtc", "DxccEntityCode", "DxccEntityOverride", "FrequencyMhz", "FrequencyRxMhz", "GridSquare", "ItuZone", "LotwQslRcvd", "LotwQslRcvdDate", "LotwQslSent", "LotwQslSentDate", "Mode", "ModifiedAtUtc", "MyCounty", "MyGridSquare", "MyState", "Name", "Notes", "ObservesDaylightSavingTime", "Op", "OperatorCallsign", "QslRcvd", "QslRcvdDate", "QslSent", "QslSentDate", "QslViaCallsign", "QsoDateTimeOffUtc", "QsoDateTimeOnUtc", "Qth", "RstRcvd", "RstSent", "SrxSerial", "State", "StationCallsign", "StationProfileId", "StxSerial", "SubMode", "TxPowerWatts", "UtcOffsetHours")
SELECT "Id", "AdifExtraFieldsJson", "ArrlSection", "Band", "Callsign", "City", "ContestId", "Continent", "Country", "County", "CqZone", "CreatedAtUtc", "DxccEntityCode", "DxccEntityOverride", "FrequencyMhz", "FrequencyRxMhz", "GridSquare", "ItuZone", "LotwQslRcvd", "LotwQslRcvdDate", "LotwQslSent", "LotwQslSentDate", "Mode", "ModifiedAtUtc", "MyCounty", "MyGridSquare", "MyState", "Name", "Notes", "ObservesDaylightSavingTime", "Op", "OperatorCallsign", "QslRcvd", "QslRcvdDate", "QslSent", "QslSentDate", "QslViaCallsign", "QsoDateTimeOffUtc", "QsoDateTimeOnUtc", "Qth", "RstRcvd", "RstSent", "SrxSerial", "State", "StationCallsign", "StationProfileId", "StxSerial", "SubMode", "TxPowerWatts", "UtcOffsetHours"
FROM "Qsos";
2026-08-07 15:12:05.129 -07:00 [INF] Executed DbCommand (0ms) [Parameters=[], CommandType='"Text"', CommandTimeout='30']
PRAGMA foreign_keys = 0;
2026-08-07 15:12:05.129 -07:00 [INF] Executed DbCommand (0ms) [Parameters=[], CommandType='"Text"', CommandTimeout='30']
DROP TABLE "Qsos";
2026-08-07 15:12:05.130 -07:00 [INF] Executed DbCommand (0ms) [Parameters=[], CommandType='"Text"', CommandTimeout='30']
ALTER TABLE "ef_temp_Qsos" RENAME TO "Qsos";
2026-08-07 15:12:05.130 -07:00 [INF] Executed DbCommand (0ms) [Parameters=[], CommandType='"Text"', CommandTimeout='30']
PRAGMA foreign_keys = 1;
2026-08-07 15:12:05.130 -07:00 [INF] Executed DbCommand (0ms) [Parameters=[], CommandType='"Text"', CommandTimeout='30']
CREATE INDEX "IX_Qsos_Callsign" ON "Qsos" ("Callsign");
2026-08-07 15:12:05.130 -07:00 [INF] Executed DbCommand (0ms) [Parameters=[], CommandType='"Text"', CommandTimeout='30']
CREATE INDEX "IX_Qsos_DxccEntityCode" ON "Qsos" ("DxccEntityCode");
2026-08-07 15:12:05.130 -07:00 [INF] Executed DbCommand (0ms) [Parameters=[], CommandType='"Text"', CommandTimeout='30']
CREATE INDEX "IX_Qsos_QsoDateTimeOnUtc" ON "Qsos" ("QsoDateTimeOnUtc");
2026-08-07 15:12:05.130 -07:00 [INF] Executed DbCommand (0ms) [Parameters=[], CommandType='"Text"', CommandTimeout='30']
CREATE INDEX "IX_Qsos_StationProfileId" ON "Qsos" ("StationProfileId");
2026-08-07 15:12:05.131 -07:00 [INF] Executed DbCommand (0ms) [Parameters=[], CommandType='"Text"', CommandTimeout='30']
INSERT INTO "__EFMigrationsHistory" ("MigrationId", "ProductVersion")
VALUES ('20260717052758_RemoveQsoComment', '9.0.18');
2026-08-07 15:12:05.131 -07:00 [INF] Applying migration '20260717054826_RenameQsoNotesToComment'.
2026-08-07 15:12:05.133 -07:00 [INF] Executed DbCommand (0ms) [Parameters=[], CommandType='"Text"', CommandTimeout='30']
ALTER TABLE "Qsos" RENAME COLUMN "Notes" TO "Comment";
2026-08-07 15:12:05.134 -07:00 [INF] Executed DbCommand (0ms) [Parameters=[], CommandType='"Text"', CommandTimeout='30']
INSERT INTO "__EFMigrationsHistory" ("MigrationId", "ProductVersion")
VALUES ('20260717054826_RenameQsoNotesToComment', '9.0.18');
2026-08-07 15:12:05.134 -07:00 [INF] Applying migration '20260717194323_AddSotaPotaFields'.
2026-08-07 15:12:05.136 -07:00 [INF] Executed DbCommand (0ms) [Parameters=[], CommandType='"Text"', CommandTimeout='30']
ALTER TABLE "Qsos" ADD "MySigInfo" TEXT NULL;
2026-08-07 15:12:05.136 -07:00 [INF] Executed DbCommand (0ms) [Parameters=[], CommandType='"Text"', CommandTimeout='30']
ALTER TABLE "Qsos" ADD "MySotaRef" TEXT NULL;
2026-08-07 15:12:05.136 -07:00 [INF] Executed DbCommand (0ms) [Parameters=[], CommandType='"Text"', CommandTimeout='30']
ALTER TABLE "Qsos" ADD "SigInfo" TEXT NULL;
2026-08-07 15:12:05.136 -07:00 [INF] Executed DbCommand (0ms) [Parameters=[], CommandType='"Text"', CommandTimeout='30']
ALTER TABLE "Qsos" ADD "SotaRef" TEXT NULL;
2026-08-07 15:12:05.136 -07:00 [INF] Executed DbCommand (0ms) [Parameters=[], CommandType='"Text"', CommandTimeout='30']
INSERT INTO "__EFMigrationsHistory" ("MigrationId", "ProductVersion")
VALUES ('20260717194323_AddSotaPotaFields', '9.0.18');
2026-08-07 15:12:05.136 -07:00 [INF] Applying migration '20260717205919_MigrateLegacyDataModeToAdifModes'.
2026-08-07 15:12:05.138 -07:00 [INF] Executed DbCommand (0ms) [Parameters=[], CommandType='"Text"', CommandTimeout='30']
UPDATE Qsos SET Mode = 'FT8', SubMode = NULL WHERE Mode = 'DATA' AND SubMode = 'FT8';
2026-08-07 15:12:05.138 -07:00 [INF] Executed DbCommand (0ms) [Parameters=[], CommandType='"Text"', CommandTimeout='30']
UPDATE Qsos SET Mode = 'FT4', SubMode = NULL WHERE Mode = 'DATA' AND SubMode = 'FT4';
2026-08-07 15:12:05.138 -07:00 [INF] Executed DbCommand (0ms) [Parameters=[], CommandType='"Text"', CommandTimeout='30']
UPDATE Qsos SET Mode = 'RTTY', SubMode = NULL WHERE Mode = 'DATA' AND SubMode = 'RTTY';
2026-08-07 15:12:05.138 -07:00 [INF] Executed DbCommand (0ms) [Parameters=[], CommandType='"Text"', CommandTimeout='30']
UPDATE Qsos SET Mode = 'PSK', SubMode = 'PSK31' WHERE Mode = 'DATA' AND SubMode = 'PSK31';
2026-08-07 15:12:05.138 -07:00 [INF] Executed DbCommand (0ms) [Parameters=[], CommandType='"Text"', CommandTimeout='30']
UPDATE Qsos SET Mode = 'DIGITALVOICE', SubMode = 'DMR' WHERE Mode = 'DATA' AND SubMode = 'DMR';
2026-08-07 15:12:05.138 -07:00 [INF] Executed DbCommand (0ms) [Parameters=[], CommandType='"Text"', CommandTimeout='30']
UPDATE Qsos SET Mode = 'DIGITALVOICE', SubMode = 'DSTAR' WHERE Mode = 'DATA' AND SubMode = 'D-STAR';
2026-08-07 15:12:05.138 -07:00 [INF] Executed DbCommand (0ms) [Parameters=[], CommandType='"Text"', CommandTimeout='30']
INSERT INTO "__EFMigrationsHistory" ("MigrationId", "ProductVersion")
VALUES ('20260717205919_MigrateLegacyDataModeToAdifModes', '9.0.18');
2026-08-07 15:12:05.138 -07:00 [INF] Applying migration '20260719153201_AddSotaActivations'.
2026-08-07 15:12:05.141 -07:00 [INF] Executed DbCommand (0ms) [Parameters=[], CommandType='"Text"', CommandTimeout='30']
CREATE TABLE "SotaActivations" (
    "Id" INTEGER NOT NULL CONSTRAINT "PK_SotaActivations" PRIMARY KEY AUTOINCREMENT,
    "SummitCode" TEXT NOT NULL,
    "Points" INTEGER NOT NULL,
    "Activated" INTEGER NOT NULL,
    "ActivationDateUtc" TEXT NULL
);
2026-08-07 15:12:05.141 -07:00 [INF] Executed DbCommand (0ms) [Parameters=[], CommandType='"Text"', CommandTimeout='30']
INSERT INTO "__EFMigrationsHistory" ("MigrationId", "ProductVersion")
VALUES ('20260719153201_AddSotaActivations', '9.0.18');
2026-08-07 15:12:05.141 -07:00 [INF] Applying migration '20260719175645_AddSotaActivationSummitName'.
2026-08-07 15:12:05.143 -07:00 [INF] Executed DbCommand (0ms) [Parameters=[], CommandType='"Text"', CommandTimeout='30']
ALTER TABLE "SotaActivations" ADD "SummitName" TEXT NOT NULL DEFAULT '';
2026-08-07 15:12:05.143 -07:00 [INF] Executed DbCommand (0ms) [Parameters=[], CommandType='"Text"', CommandTimeout='30']
INSERT INTO "__EFMigrationsHistory" ("MigrationId", "ProductVersion")
VALUES ('20260719175645_AddSotaActivationSummitName', '9.0.18');
2026-08-07 15:12:05.143 -07:00 [INF] Applying migration '20260719181924_AddPotaActivations'.
2026-08-07 15:12:05.145 -07:00 [INF] Executed DbCommand (0ms) [Parameters=[], CommandType='"Text"', CommandTimeout='30']
CREATE TABLE "PotaActivations" (
    "Id" INTEGER NOT NULL CONSTRAINT "PK_PotaActivations" PRIMARY KEY AUTOINCREMENT,
    "ParkReference" TEXT NOT NULL,
    "ParkName" TEXT NOT NULL,
    "Activated" INTEGER NOT NULL,
    "ActivationDateUtc" TEXT NULL,
    "TotalQsoCount" INTEGER NOT NULL
);
2026-08-07 15:12:05.145 -07:00 [INF] Executed DbCommand (0ms) [Parameters=[], CommandType='"Text"', CommandTimeout='30']
INSERT INTO "__EFMigrationsHistory" ("MigrationId", "ProductVersion")
VALUES ('20260719181924_AddPotaActivations', '9.0.18');
2026-08-07 15:12:05.145 -07:00 [INF] Applying migration '20260728220709_AddContestAndSkccFields'.
2026-08-07 15:12:05.148 -07:00 [INF] Executed DbCommand (0ms) [Parameters=[], CommandType='"Text"', CommandTimeout='30']
ALTER TABLE "StationProfiles" ADD "SkccNr" TEXT NULL;
2026-08-07 15:12:05.148 -07:00 [INF] Executed DbCommand (0ms) [Parameters=[], CommandType='"Text"', CommandTimeout='30']
ALTER TABLE "Qsos" ADD "Check" TEXT NULL;
2026-08-07 15:12:05.148 -07:00 [INF] Executed DbCommand (0ms) [Parameters=[], CommandType='"Text"', CommandTimeout='30']
ALTER TABLE "Qsos" ADD "Class" TEXT NULL;
2026-08-07 15:12:05.148 -07:00 [INF] Executed DbCommand (0ms) [Parameters=[], CommandType='"Text"', CommandTimeout='30']
ALTER TABLE "Qsos" ADD "MySkccNr" TEXT NULL;
2026-08-07 15:12:05.148 -07:00 [INF] Executed DbCommand (0ms) [Parameters=[], CommandType='"Text"', CommandTimeout='30']
ALTER TABLE "Qsos" ADD "Precedence" TEXT NULL;
2026-08-07 15:12:05.148 -07:00 [INF] Executed DbCommand (0ms) [Parameters=[], CommandType='"Text"', CommandTimeout='30']
ALTER TABLE "Qsos" ADD "SkccNr" TEXT NULL;
2026-08-07 15:12:05.148 -07:00 [INF] Executed DbCommand (0ms) [Parameters=[], CommandType='"Text"', CommandTimeout='30']
INSERT INTO "__EFMigrationsHistory" ("MigrationId", "ProductVersion")
VALUES ('20260728220709_AddContestAndSkccFields', '9.0.18');
2026-08-07 15:12:05.148 -07:00 [INF] Applying migration '20260802050843_DxccEntityCodeNeverGenerated'.
2026-08-07 15:12:05.153 -07:00 [INF] Executed DbCommand (0ms) [Parameters=[], CommandType='"Text"', CommandTimeout='30']
CREATE TABLE "ef_temp_DxccEntities" (
    "EntityCode" INTEGER NOT NULL CONSTRAINT "PK_DxccEntities" PRIMARY KEY,
    "Continent" TEXT NULL,
    "CqZone" INTEGER NULL,
    "EntityName" TEXT NOT NULL,
    "IsDeleted" INTEGER NOT NULL,
    "ItuZone" INTEGER NULL,
    "Notes" TEXT NULL
);
2026-08-07 15:12:05.153 -07:00 [INF] Executed DbCommand (0ms) [Parameters=[], CommandType='"Text"', CommandTimeout='30']
INSERT INTO "ef_temp_DxccEntities" ("EntityCode", "Continent", "CqZone", "EntityName", "IsDeleted", "ItuZone", "Notes")
SELECT "EntityCode", "Continent", "CqZone", "EntityName", "IsDeleted", "ItuZone", "Notes"
FROM "DxccEntities";
2026-08-07 15:12:05.153 -07:00 [INF] Executed DbCommand (0ms) [Parameters=[], CommandType='"Text"', CommandTimeout='30']
PRAGMA foreign_keys = 0;
2026-08-07 15:12:05.153 -07:00 [INF] Executed DbCommand (0ms) [Parameters=[], CommandType='"Text"', CommandTimeout='30']
DROP TABLE "DxccEntities";
2026-08-07 15:12:05.154 -07:00 [INF] Executed DbCommand (0ms) [Parameters=[], CommandType='"Text"', CommandTimeout='30']
ALTER TABLE "ef_temp_DxccEntities" RENAME TO "DxccEntities";
2026-08-07 15:12:05.154 -07:00 [INF] Executed DbCommand (0ms) [Parameters=[], CommandType='"Text"', CommandTimeout='30']
PRAGMA foreign_keys = 1;
2026-08-07 15:12:05.154 -07:00 [INF] Executed DbCommand (0ms) [Parameters=[], CommandType='"Text"', CommandTimeout='30']
INSERT INTO "__EFMigrationsHistory" ("MigrationId", "ProductVersion")
VALUES ('20260802050843_DxccEntityCodeNeverGenerated', '9.0.18');
2026-08-07 15:12:05.155 -07:00 [INF] Executed DbCommand (0ms) [Parameters=[], CommandType='"Text"', CommandTimeout='30']
DELETE FROM "__EFMigrationsLock";
2026-08-07 15:12:05.233 -07:00 [INF] Executed DbCommand (0ms) [Parameters=[], CommandType='"Text"', CommandTimeout='30']
SELECT EXISTS (
    SELECT 1
    FROM "DxccEntities" AS "d")
2026-08-07 15:12:05.321 -07:00 [INF] Executed DbCommand (1ms) [Parameters=[@p0='?' (DbType = Int32), @p1='?' (Size = 2), @p2='?' (DbType = Int32), @p3='?' (Size = 4), @p4='?' (DbType = Boolean), @p5='?' (DbType = Int32), @p6='?'], CommandType='"Text"', CommandTimeout='30']
INSERT INTO "DxccEntities" ("EntityCode", "Continent", "CqZone", "EntityName", "IsDeleted", "ItuZone", "Notes")
VALUES (@p0, @p1, @p2, @p3, @p4, @p5, @p6);
2026-08-07 15:12:05.322 -07:00 [INF] Executed DbCommand (0ms) [Parameters=[@p0='?' (DbType = Int32), @p1='?' (Size = 2), @p2='?' (DbType = Int32), @p3='?' (Size = 6), @p4='?' (DbType = Boolean), @p5='?' (DbType = Int32), @p6='?'], CommandType='"Text"', CommandTimeout='30']
INSERT INTO "DxccEntities" ("EntityCode", "Continent", "CqZone", "EntityName", "IsDeleted", "ItuZone", "Notes")
VALUES (@p0, @p1, @p2, @p3, @p4, @p5, @p6);
2026-08-07 15:12:05.322 -07:00 [INF] Executed DbCommand (0ms) [Parameters=[@p0='?' (DbType = Int32), @p1='?' (Size = 2), @p2='?' (DbType = Int32), @p3='?' (Size = 11), @p4='?' (DbType = Boolean), @p5='?' (DbType = Int32), @p6='?'], CommandType='"Text"', CommandTimeout='30']
INSERT INTO "DxccEntities" ("EntityCode", "Continent", "CqZone", "EntityName", "IsDeleted", "ItuZone", "Notes")
VALUES (@p0, @p1, @p2, @p3, @p4, @p5, @p6);
2026-08-07 15:12:05.322 -07:00 [INF] Executed DbCommand (0ms) [Parameters=[@p0='?' (DbType = Int32), @p1='?' (Size = 2), @p2='?' (DbType = Int32), @p3='?' (Size = 25), @p4='?' (DbType = Boolean), @p5='?' (DbType = Int32), @p6='?'], CommandType='"Text"', CommandTimeout='30']
INSERT INTO "DxccEntities" ("EntityCode", "Continent", "CqZone", "EntityName", "IsDeleted", "ItuZone", "Notes")
VALUES (@p0, @p1, @p2, @p3, @p4, @p5, @p6);
2026-08-07 15:12:05.322 -07:00 [INF] Executed DbCommand (0ms) [Parameters=[@p0='?' (DbType = Int32), @p1='?' (Size = 2), @p2='?' (DbType = Int32), @p3='?' (Size = 9), @p4='?' (DbType = Boolean), @p5='?' (DbType = Int32), @p6='?'], CommandType='"Text"', CommandTimeout='30']
INSERT INTO "DxccEntities" ("EntityCode", "Continent", "CqZone", "EntityName", "IsDeleted", "ItuZone", "Notes")
VALUES (@p0, @p1, @p2, @p3, @p4, @p5, @p6);
2026-08-07 15:12:05.322 -07:00 [INF] Executed DbCommand (0ms) [Parameters=[@p0='?' (DbType = Int32), @p1='?' (Size = 2), @p2='?' (DbType = Int32), @p3='?' (Size = 6), @p4='?' (DbType = Boolean), @p5='?' (DbType = Int32), @p6='?'], CommandType='"Text"', CommandTimeout='30']
INSERT INTO "DxccEntities" ("EntityCode", "Continent", "CqZone", "EntityName", "IsDeleted", "ItuZone", "Notes")
VALUES (@p0, @p1, @p2, @p3, @p4, @p5, @p6);
2026-08-07 15:12:05.322 -07:00 [INF] Executed DbCommand (0ms) [Parameters=[@p0='?' (DbType = Int32), @p1='?' (Size = 2), @p2='?' (DbType = Int32), @p3='?' (Size = 7), @p4='?' (DbType = Boolean), @p5='?' (DbType = Int32), @p6='?'], CommandType='"Text"', CommandTimeout='30']
INSERT INTO "DxccEntities" ("EntityCode", "Continent", "CqZone", "EntityName", "IsDeleted", "ItuZone", "Notes")
VALUES (@p0, @p1, @p2, @p3, @p4, @p5, @p6);
2026-08-07 15:12:05.322 -07:00 [INF] Executed DbCommand (0ms) [Parameters=[@p0='?' (DbType = Int32), @p1='?' (Size = 2), @p2='?' (DbType = Int32), @p3='?' (Size = 14), @p4='?' (DbType = Boolean), @p5='?' (DbType = Int32), @p6='?'], CommandType='"Text"', CommandTimeout='30']
INSERT INTO "DxccEntities" ("EntityCode", "Continent", "CqZone", "EntityName", "IsDeleted", "ItuZone", "Notes")
VALUES (@p0, @p1, @p2, @p3, @p4, @p5, @p6);
2026-08-07 15:12:05.322 -07:00 [INF] Executed DbCommand (0ms) [Parameters=[@p0='?' (DbType = Int32), @p1='?' (Size = 2), @p2='?' (DbType = Int32), @p3='?' (Size = 24), @p4='?' (DbType = Boolean), @p5='?' (DbType = Int32), @p6='?'], CommandType='"Text"', CommandTimeout='30']
INSERT INTO "DxccEntities" ("EntityCode", "Continent", "CqZone", "EntityName", "IsDeleted", "ItuZone", "Notes")
VALUES (@p0, @p1, @p2, @p3, @p4, @p5, @p6);
2026-08-07 15:12:05.322 -07:00 [INF] Executed DbCommand (0ms) [Parameters=[@p0='?' (DbType = Int32), @p1='?' (Size = 2), @p2='?' (DbType = Int32), @p3='?' (Size = 21), @p4='?' (DbType = Boolean), @p5='?' (DbType = Int32), @p6='?'], CommandType='"Text"', CommandTimeout='30']
INSERT INTO "DxccEntities" ("EntityCode", "Continent", "CqZone", "EntityName", "IsDeleted", "ItuZone", "Notes")
VALUES (@p0, @p1, @p2, @p3, @p4, @p5, @p6);
2026-08-07 15:12:05.322 -07:00 [INF] Executed DbCommand (0ms) [Parameters=[@p0='?' (DbType = Int32), @p1='?' (Size = 2), @p2='?' (DbType = Int32), @p3='?' (Size = 8), @p4='?' (DbType = Boolean), @p5='?' (DbType = Int32), @p6='?'], CommandType='"Text"', CommandTimeout='30']
INSERT INTO "DxccEntities" ("EntityCode", "Continent", "CqZone", "EntityName", "IsDeleted", "ItuZone", "Notes")
VALUES (@p0, @p1, @p2, @p3, @p4, @p5, @p6);
2026-08-07 15:12:05.322 -07:00 [INF] Executed DbCommand (0ms) [Parameters=[@p0='?' (DbType = Int32), @p1='?' (Size = 2), @p2='?' (DbType = Int32), @p3='?' (Size = 10), @p4='?' (DbType = Boolean), @p5='?' (DbType = Int32), @p6='?'], CommandType='"Text"', CommandTimeout='30']
INSERT INTO "DxccEntities" ("EntityCode", "Continent", "CqZone", "EntityName", "IsDeleted", "ItuZone", "Notes")
VALUES (@p0, @p1, @p2, @p3, @p4, @p5, @p6);
2026-08-07 15:12:05.322 -07:00 [INF] Executed DbCommand (0ms) [Parameters=[@p0='?' (DbType = Int32), @p1='?' (Size = 2), @p2='?' (DbType = Int32), @p3='?' (Size = 7), @p4='?' (DbType = Boolean), @p5='?' (DbType = Int32), @p6='?'], CommandType='"Text"', CommandTimeout='30']
INSERT INTO "DxccEntities" ("EntityCode", "Continent", "CqZone", "EntityName", "IsDeleted", "ItuZone", "Notes")
VALUES (@p0, @p1, @p2, @p3, @p4, @p5, @p6);
2026-08-07 15:12:05.322 -07:00 [INF] Executed DbCommand (0ms) [Parameters=[@p0='?' (DbType = Int32), @p1='?' (Size = 2), @p2='?' (DbType = Int32), @p3='?' (Size = 14), @p4='?' (DbType = Boolean), @p5='?' (DbType = Int32), @p6='?'], CommandType='"Text"', CommandTimeout='30']
INSERT INTO "DxccEntities" ("EntityCode", "Continent", "CqZone", "EntityName", "IsDeleted", "ItuZone", "Notes")
VALUES (@p0, @p1, @p2, @p3, @p4, @p5, @p6);
2026-08-07 15:12:05.322 -07:00 [INF] Executed DbCommand (0ms) [Parameters=[@p0='?' (DbType = Int32), @p1='?' (Size = 2), @p2='?' (DbType = Int32), @p3='?' (Size = 32), @p4='?' (DbType = Boolean), @p5='?' (DbType = Int32), @p6='?'], CommandType='"Text"', CommandTimeout='30']
INSERT INTO "DxccEntities" ("EntityCode", "Continent", "CqZone", "EntityName", "IsDeleted", "ItuZone", "Notes")
VALUES (@p0, @p1, @p2, @p3, @p4, @p5, @p6);
2026-08-07 15:12:05.322 -07:00 [INF] Executed DbCommand (0ms) [Parameters=[@p0='?' (DbType = Int32), @p1='?' (Size = 2), @p2='?' (DbType = Int32), @p3='?' (Size = 7), @p4='?' (DbType = Boolean), @p5='?' (DbType = Int32), @p6='?'], CommandType='"Text"', CommandTimeout='30']
INSERT INTO "DxccEntities" ("EntityCode", "Continent", "CqZone", "EntityName", "IsDeleted", "ItuZone", "Notes")
VALUES (@p0, @p1, @p2, @p3, @p4, @p5, @p6);
2026-08-07 15:12:05.322 -07:00 [INF] Executed DbCommand (0ms) [Parameters=[@p0='?' (DbType = Int32), @p1='?' (Size = 2), @p2='?' (DbType = Int32), @p3='?' (Size = 10), @p4='?' (DbType = Boolean), @p5='?' (DbType = Int32), @p6='?'], CommandType='"Text"', CommandTimeout='30']
INSERT INTO "DxccEntities" ("EntityCode", "Continent", "CqZone", "EntityName", "IsDeleted", "ItuZone", "Notes")
VALUES (@p0, @p1, @p2, @p3, @p4, @p5, @p6);
2026-08-07 15:12:05.322 -07:00 [INF] Executed DbCommand (0ms) [Parameters=[@p0='?' (DbType = Int32), @p1='?' (Size = 2), @p2='?' (DbType = Int32), @p3='?' (Size = 19), @p4='?' (DbType = Boolean), @p5='?' (DbType = Int32), @p6='?'], CommandType='"Text"', CommandTimeout='30']
INSERT INTO "DxccEntities" ("EntityCode", "Continent", "CqZone", "EntityName", "IsDeleted", "ItuZone", "Notes")
VALUES (@p0, @p1, @p2, @p3, @p4, @p5, @p6);
2026-08-07 15:12:05.323 -07:00 [INF] Executed DbCommand (0ms) [Parameters=[@p0='?' (DbType = Int32), @p1='?' (Size = 2), @p2='?' (DbType = Int32), @p3='?' (Size = 12), @p4='?' (DbType = Boolean), @p5='?' (DbType = Int32), @p6='?'], CommandType='"Text"', CommandTimeout='30']
INSERT INTO "DxccEntities" ("EntityCode", "Continent", "CqZone", "EntityName", "IsDeleted", "ItuZone", "Notes")
VALUES (@p0, @p1, @p2, @p3, @p4, @p5, @p6);
2026-08-07 15:12:05.323 -07:00 [INF] Executed DbCommand (0ms) [Parameters=[@p0='?' (DbType = Int32), @p1='?' (Size = 2), @p2='?' (DbType = Int32), @p3='?' (Size = 5), @p4='?' (DbType = Boolean), @p5='?' (DbType = Int32), @p6='?'], CommandType='"Text"', CommandTimeout='30']
INSERT INTO "DxccEntities" ("EntityCode", "Continent", "CqZone", "EntityName", "IsDeleted", "ItuZone", "Notes")
VALUES (@p0, @p1, @p2, @p3, @p4, @p5, @p6);
2026-08-07 15:12:05.323 -07:00 [INF] Executed DbCommand (0ms) [Parameters=[@p0='?' (DbType = Int32), @p1='?' (Size = 2), @p2='?' (DbType = Int32), @p3='?' (Size = 6), @p4='?' (DbType = Boolean), @p5='?' (DbType = Int32), @p6='?'], CommandType='"Text"', CommandTimeout='30']
INSERT INTO "DxccEntities" ("EntityCode", "Continent", "CqZone", "EntityName", "IsDeleted", "ItuZone", "Notes")
VALUES (@p0, @p1, @p2, @p3, @p4, @p5, @p6);
2026-08-07 15:12:05.323 -07:00 [INF] Executed DbCommand (0ms) [Parameters=[@p0='?' (DbType = Int32), @p1='?' (Size = 2), @p2='?' (DbType = Int32), @p3='?' (Size = 7), @p4='?' (DbType = Boolean), @p5='?' (DbType = Int32), @p6='?'], CommandType='"Text"', CommandTimeout='30']
INSERT INTO "DxccEntities" ("EntityCode", "Continent", "CqZone", "EntityName", "IsDeleted", "ItuZone", "Notes")
VALUES (@p0, @p1, @p2, @p3, @p4, @p5, @p6);
2026-08-07 15:12:05.323 -07:00 [INF] Executed DbCommand (0ms) [Parameters=[@p0='?' (DbType = Int32), @p1='?' (Size = 2), @p2='?' (DbType = Int32), @p3='?' (Size = 10), @p4='?' (DbType = Boolean), @p5='?' (DbType = Int32), @p6='?'], CommandType='"Text"', CommandTimeout='30']
INSERT INTO "DxccEntities" ("EntityCode", "Continent", "CqZone", "EntityName", "IsDeleted", "ItuZone", "Notes")
VALUES (@p0, @p1, @p2, @p3, @p4, @p5, @p6);
2026-08-07 15:12:05.323 -07:00 [INF] Executed DbCommand (0ms) [Parameters=[@p0='?' (DbType = Int32), @p1='?' (Size = 2), @p2='?' (DbType = Int32), @p3='?' (Size = 33), @p4='?' (DbType = Boolean), @p5='?' (DbType = Int32), @p6='?'], CommandType='"Text"', CommandTimeout='30']
INSERT INTO "DxccEntities" ("EntityCode", "Continent", "CqZone", "EntityName", "IsDeleted", "ItuZone", "Notes")
VALUES (@p0, @p1, @p2, @p3, @p4, @p5, @p6);
2026-08-07 15:12:05.323 -07:00 [INF] Executed DbCommand (0ms) [Parameters=[@p0='?' (DbType = Int32), @p1='?' (Size = 2), @p2='?' (DbType = Int32), @p3='?' (Size = 15), @p4='?' (DbType = Boolean), @p5='?' (DbType = Int32), @p6='?'], CommandType='"Text"', CommandTimeout='30']
INSERT INTO "DxccEntities" ("EntityCode", "Continent", "CqZone", "EntityName", "IsDeleted", "ItuZone", "Notes")
VALUES (@p0, @p1, @p2, @p3, @p4, @p5, @p6);
2026-08-07 15:12:05.323 -07:00 [INF] Executed DbCommand (0ms) [Parameters=[@p0='?' (DbType = Int32), @p1='?' (Size = 2), @p2='?' (DbType = Int32), @p3='?' (Size = 10), @p4='?' (DbType = Boolean), @p5='?' (DbType = Int32), @p6='?'], CommandType='"Text"', CommandTimeout='30']
INSERT INTO "DxccEntities" ("EntityCode", "Continent", "CqZone", "EntityName", "IsDeleted", "ItuZone", "Notes")
VALUES (@p0, @p1, @p2, @p3, @p4, @p5, @p6);
2026-08-07 15:12:05.323 -07:00 [INF] Executed DbCommand (0ms) [Parameters=[@p0='?' (DbType = Int32), @p1='?' (Size = 2), @p2='?' (DbType = Int32), @p3='?' (Size = 11), @p4='?' (DbType = Boolean), @p5='?' (DbType = Int32), @p6='?'], CommandType='"Text"', CommandTimeout='30']
INSERT INTO "DxccEntities" ("EntityCode", "Continent", "CqZone", "EntityName", "IsDeleted", "ItuZone", "Notes")
VALUES (@p0, @p1, @p2, @p3, @p4, @p5, @p6);
2026-08-07 15:12:05.323 -07:00 [INF] Executed DbCommand (0ms) [Parameters=[@p0='?' (DbType = Int32), @p1='?' (Size = 2), @p2='?' (DbType = Int32), @p3='?' (Size = 12), @p4='?' (DbType = Boolean), @p5='?' (DbType = Int32), @p6='?'], CommandType='"Text"', CommandTimeout='30']
INSERT INTO "DxccEntities" ("EntityCode", "Continent", "CqZone", "EntityName", "IsDeleted", "ItuZone", "Notes")
VALUES (@p0, @p1, @p2, @p3, @p4, @p5, @p6);
2026-08-07 15:12:05.323 -07:00 [INF] Executed DbCommand (0ms) [Parameters=[@p0='?' (DbType = Int32), @p1='?' (Size = 2), @p2='?' (DbType = Int32), @p3='?' (Size = 13), @p4='?' (DbType = Boolean), @p5='?' (DbType = Int32), @p6='?'], CommandType='"Text"', CommandTimeout='30']
INSERT INTO "DxccEntities" ("EntityCode", "Continent", "CqZone", "EntityName", "IsDeleted", "ItuZone", "Notes")
VALUES (@p0, @p1, @p2, @p3, @p4, @p5, @p6);
2026-08-07 15:12:05.323 -07:00 [INF] Executed DbCommand (0ms) [Parameters=[@p0='?' (DbType = Int32), @p1='?' (Size = 2), @p2='?' (DbType = Int32), @p3='?' (Size = 8), @p4='?' (DbType = Boolean), @p5='?' (DbType = Int32), @p6='?'], CommandType='"Text"', CommandTimeout='30']
INSERT INTO "DxccEntities" ("EntityCode", "Continent", "CqZone", "EntityName", "IsDeleted", "ItuZone", "Notes")
VALUES (@p0, @p1, @p2, @p3, @p4, @p5, @p6);
2026-08-07 15:12:05.323 -07:00 [INF] Executed DbCommand (0ms) [Parameters=[@p0='?' (DbType = Int32), @p1='?' (Size = 2), @p2='?' (DbType = Int32), @p3='?' (Size = 19), @p4='?' (DbType = Boolean), @p5='?' (DbType = Int32), @p6='?'], CommandType='"Text"', CommandTimeout='30']
INSERT INTO "DxccEntities" ("EntityCode", "Continent", "CqZone", "EntityName", "IsDeleted", "ItuZone", "Notes")
VALUES (@p0, @p1, @p2, @p3, @p4, @p5, @p6);
2026-08-07 15:12:05.323 -07:00 [INF] Executed DbCommand (0ms) [Parameters=[@p0='?' (DbType = Int32), @p1='?' (Size = 2), @p2='?' (DbType = Int32), @p3='?' (Size = 5), @p4='?' (DbType = Boolean), @p5='?' (DbType = Int32), @p6='?'], CommandType='"Text"', CommandTimeout='30']
INSERT INTO "DxccEntities" ("EntityCode", "Continent", "CqZone", "EntityName", "IsDeleted", "ItuZone", "Notes")
VALUES (@p0, @p1, @p2, @p3, @p4, @p5, @p6);
2026-08-07 15:12:05.323 -07:00 [INF] Executed DbCommand (0ms) [Parameters=[@p0='?' (DbType = Int32), @p1='?' (Size = 2), @p2='?' (DbType = Int32), @p3='?' (Size = 9), @p4='?' (DbType = Boolean), @p5='?' (DbType = Int32), @p6='?'], CommandType='"Text"', CommandTimeout='30']
INSERT INTO "DxccEntities" ("EntityCode", "Continent", "CqZone", "EntityName", "IsDeleted", "ItuZone", "Notes")
VALUES (@p0, @p1, @p2, @p3, @p4, @p5, @p6);
2026-08-07 15:12:05.323 -07:00 [INF] Executed DbCommand (0ms) [Parameters=[@p0='?' (DbType = Int32), @p1='?' (Size = 2), @p2='?' (DbType = Int32), @p3='?' (Size = 10), @p4='?' (DbType = Boolean), @p5='?' (DbType = Int32), @p6='?'], CommandType='"Text"', CommandTimeout='30']
INSERT INTO "DxccEntities" ("EntityCode", "Continent", "CqZone", "EntityName", "IsDeleted", "ItuZone", "Notes")
VALUES (@p0, @p1, @p2, @p3, @p4, @p5, @p6);
2026-08-07 15:12:05.323 -07:00 [INF] Executed DbCommand (0ms) [Parameters=[@p0='?' (DbType = Int32), @p1='?' (Size = 2), @p2='?' (DbType = Int32), @p3='?' (Size = 13), @p4='?' (DbType = Boolean), @p5='?' (DbType = Int32), @p6='?'], CommandType='"Text"', CommandTimeout='30']
INSERT INTO "DxccEntities" ("EntityCode", "Continent", "CqZone", "EntityName", "IsDeleted", "ItuZone", "Notes")
VALUES (@p0, @p1, @p2, @p3, @p4, @p5, @p6);
2026-08-07 15:12:05.323 -07:00 [INF] Executed DbCommand (0ms) [Parameters=[@p0='?' (DbType = Int32), @p1='?' (Size = 2), @p2='?' (DbType = Int32), @p3='?' (Size = 9), @p4='?' (DbType = Boolean), @p5='?' (DbType = Int32), @p6='?'], CommandType='"Text"', CommandTimeout='30']
INSERT INTO "DxccEntities" ("EntityCode", "Continent", "CqZone", "EntityName", "IsDeleted", "ItuZone", "Notes")
VALUES (@p0, @p1, @p2, @p3, @p4, @p5, @p6);
2026-08-07 15:12:05.323 -07:00 [INF] Executed DbCommand (0ms) [Parameters=[@p0='?' (DbType = Int32), @p1='?' (Size = 2), @p2='?' (DbType = Int32), @p3='?' (Size = 22), @p4='?' (DbType = Boolean), @p5='?' (DbType = Int32), @p6='?'], CommandType='"Text"', CommandTimeout='30']
INSERT INTO "DxccEntities" ("EntityCode", "Continent", "CqZone", "EntityName", "IsDeleted", "ItuZone", "Notes")
VALUES (@p0, @p1, @p2, @p3, @p4, @p5, @p6);
2026-08-07 15:12:05.323 -07:00 [INF] Executed DbCommand (0ms) [Parameters=[@p0='?' (DbType = Int32), @p1='?' (Size = 2), @p2='?' (DbType = Int32), @p3='?' (Size = 17), @p4='?' (DbType = Boolean), @p5='?' (DbType = Int32), @p6='?'], CommandType='"Text"', CommandTimeout='30']
INSERT INTO "DxccEntities" ("EntityCode", "Continent", "CqZone", "EntityName", "IsDeleted", "ItuZone", "Notes")
VALUES (@p0, @p1, @p2, @p3, @p4, @p5, @p6);
2026-08-07 15:12:05.323 -07:00 [INF] Executed DbCommand (0ms) [Parameters=[@p0='?' (DbType = Int32), @p1='?' (Size = 2), @p2='?' (DbType = Int32), @p3='?' (Size = 6), @p4='?' (DbType = Boolean), @p5='?' (DbType = Int32), @p6='?'], CommandType='"Text"', CommandTimeout='30']
INSERT INTO "DxccEntities" ("EntityCode", "Continent", "CqZone", "EntityName", "IsDeleted", "ItuZone", "Notes")
VALUES (@p0, @p1, @p2, @p3, @p4, @p5, @p6);
2026-08-07 15:12:05.323 -07:00 [INF] Executed DbCommand (0ms) [Parameters=[@p0='?' (DbType = Int32), @p1='?' (Size = 2), @p2='?' (DbType = Int32), @p3='?' (Size = 7), @p4='?' (DbType = Boolean), @p5='?' (DbType = Int32), @p6='?'], CommandType='"Text"', CommandTimeout='30']
INSERT INTO "DxccEntities" ("EntityCode", "Continent", "CqZone", "EntityName", "IsDeleted", "ItuZone", "Notes")
VALUES (@p0, @p1, @p2, @p3, @p4, @p5, @p6);
2026-08-07 15:12:05.323 -07:00 [INF] Executed DbCommand (0ms) [Parameters=[@p0='?' (DbType = Int32), @p1='?' (Size = 2), @p2='?' (DbType = Int32), @p3='?' (Size = 7), @p4='?' (DbType = Boolean), @p5='?' (DbType = Int32), @p6='?'], CommandType='"Text"', CommandTimeout='30']
INSERT INTO "DxccEntities" ("EntityCode", "Continent", "CqZone", "EntityName", "IsDeleted", "ItuZone", "Notes")
VALUES (@p0, @p1, @p2, @p3, @p4, @p5, @p6);
2026-08-07 15:12:05.323 -07:00 [INF] Executed DbCommand (0ms) [Parameters=[@p0='?' (DbType = Int32), @p1='?' (Size = 2), @p2='?' (DbType = Int32), @p3='?' (Size = 8), @p4='?' (DbType = Boolean), @p5='?' (DbType = Int32), @p6='?'], CommandType='"Text"', CommandTimeout='30']
INSERT INTO "DxccEntities" ("EntityCode", "Continent", "CqZone", "EntityName", "IsDeleted", "ItuZone", "Notes")
VALUES (@p0, @p1, @p2, @p3, @p4, @p5, @p6);
2026-08-07 15:12:05.323 -07:00 [INF] Executed DbCommand (0ms) [Parameters=[@p0='?' (DbType = Int32), @p1='?' (Size = 2), @p2='?' (DbType = Int32), @p3='?' (Size = 15), @p4='?' (DbType = Boolean), @p5='?' (DbType = Int32), @p6='?'], CommandType='"Text"', CommandTimeout='30']
INSERT INTO "DxccEntities" ("EntityCode", "Continent", "CqZone", "EntityName", "IsDeleted", "ItuZone", "Notes")
VALUES (@p0, @p1, @p2, @p3, @p4, @p5, @p6);
2026-08-07 15:12:05.323 -07:00 [INF] Executed DbCommand (0ms) [Parameters=[@p0='?' (DbType = Int32), @p1='?' (Size = 2), @p2='?' (DbType = Int32), @p3='?' (Size = 19), @p4='?' (DbType = Boolean), @p5='?' (DbType = Int32), @p6='?'], CommandType='"Text"', CommandTimeout='30']
INSERT INTO "DxccEntities" ("EntityCode", "Continent", "CqZone", "EntityName", "IsDeleted", "ItuZone", "Notes")
VALUES (@p0, @p1, @p2, @p3, @p4, @p5, @p6);
2026-08-07 15:12:05.323 -07:00 [INF] Executed DbCommand (0ms) [Parameters=[@p0='?' (DbType = Int32), @p1='?' (Size = 2), @p2='?' (DbType = Int32), @p3='?' (Size = 7), @p4='?' (DbType = Boolean), @p5='?' (DbType = Int32), @p6='?'], CommandType='"Text"', CommandTimeout='30']
INSERT INTO "DxccEntities" ("EntityCode", "Continent", "CqZone", "EntityName", "IsDeleted", "ItuZone", "Notes")
VALUES (@p0, @p1, @p2, @p3, @p4, @p5, @p6);
2026-08-07 15:12:05.323 -07:00 [INF] Executed DbCommand (0ms) [Parameters=[@p0='?' (DbType = Int32), @p1='?' (Size = 2), @p2='?' (DbType = Int32), @p3='?' (Size = 16), @p4='?' (DbType = Boolean), @p5='?' (DbType = Int32), @p6='?'], CommandType='"Text"', CommandTimeout='30']
INSERT INTO "DxccEntities" ("EntityCode", "Continent", "CqZone", "EntityName", "IsDeleted", "ItuZone", "Notes")
VALUES (@p0, @p1, @p2, @p3, @p4, @p5, @p6);
2026-08-07 15:12:05.323 -07:00 [INF] Executed DbCommand (0ms) [Parameters=[@p0='?' (DbType = Int32), @p1='?' (Size = 2), @p2='?' (DbType = Int32), @p3='?' (Size = 8), @p4='?' (DbType = Boolean), @p5='?' (DbType = Int32), @p6='?'], CommandType='"Text"', CommandTimeout='30']
INSERT INTO "DxccEntities" ("EntityCode", "Continent", "CqZone", "EntityName", "IsDeleted", "ItuZone", "Notes")
VALUES (@p0, @p1, @p2, @p3, @p4, @p5, @p6);
2026-08-07 15:12:05.323 -07:00 [INF] Executed DbCommand (0ms) [Parameters=[@p0='?' (DbType = Int32), @p1='?' (Size = 2), @p2='?' (DbType = Int32), @p3='?' (Size = 13), @p4='?' (DbType = Boolean), @p5='?' (DbType = Int32), @p6='?'], CommandType='"Text"', CommandTimeout='30']
INSERT INTO "DxccEntities" ("EntityCode", "Continent", "CqZone", "EntityName", "IsDeleted", "ItuZone", "Notes")
VALUES (@p0, @p1, @p2, @p3, @p4, @p5, @p6);
2026-08-07 15:12:05.323 -07:00 [INF] Executed DbCommand (0ms) [Parameters=[@p0='?' (DbType = Int32), @p1='?' (Size = 2), @p2='?' (DbType = Int32), @p3='?' (Size = 7), @p4='?' (DbType = Boolean), @p5='?' (DbType = Int32), @p6='?'], CommandType='"Text"', CommandTimeout='30']
INSERT INTO "DxccEntities" ("EntityCode", "Continent", "CqZone", "EntityName", "IsDeleted", "ItuZone", "Notes")
VALUES (@p0, @p1, @p2, @p3, @p4, @p5, @p6);
2026-08-07 15:12:05.323 -07:00 [INF] Executed DbCommand (0ms) [Parameters=[@p0='?' (DbType = Int32), @p1='?' (Size = 2), @p2='?' (DbType = Int32), @p3='?' (Size = 18), @p4='?' (DbType = Boolean), @p5='?' (DbType = Int32), @p6='?'], CommandType='"Text"', CommandTimeout='30']
INSERT INTO "DxccEntities" ("EntityCode", "Continent", "CqZone", "EntityName", "IsDeleted", "ItuZone", "Notes")
VALUES (@p0, @p1, @p2, @p3, @p4, @p5, @p6);
2026-08-07 15:12:05.323 -07:00 [INF] Executed DbCommand (0ms) [Parameters=[@p0='?' (DbType = Int32), @p1='?' (Size = 2), @p2='?' (DbType = Int32), @p3='?' (Size = 6), @p4='?' (DbType = Boolean), @p5='?' (DbType = Int32), @p6='?'], CommandType='"Text"', CommandTimeout='30']
INSERT INTO "DxccEntities" ("EntityCode", "Continent", "CqZone", "EntityName", "IsDeleted", "ItuZone", "Notes")
VALUES (@p0, @p1, @p2, @p3, @p4, @p5, @p6);
2026-08-07 15:12:05.323 -07:00 [INF] Executed DbCommand (0ms) [Parameters=[@p0='?' (DbType = Int32), @p1='?' (Size = 2), @p2='?' (DbType = Int32), @p3='?' (Size = 10), @p4='?' (DbType = Boolean), @p5='?' (DbType = Int32), @p6='?'], CommandType='"Text"', CommandTimeout='30']
INSERT INTO "DxccEntities" ("EntityCode", "Continent", "CqZone", "EntityName", "IsDeleted", "ItuZone", "Notes")
VALUES (@p0, @p1, @p2, @p3, @p4, @p5, @p6);
2026-08-07 15:12:05.323 -07:00 [INF] Executed DbCommand (0ms) [Parameters=[@p0='?' (DbType = Int32), @p1='?' (Size = 2), @p2='?' (DbType = Int32), @p3='?' (Size = 4), @p4='?' (DbType = Boolean), @p5='?' (DbType = Int32), @p6='?'], CommandType='"Text"', CommandTimeout='30']
INSERT INTO "DxccEntities" ("EntityCode", "Continent", "CqZone", "EntityName", "IsDeleted", "ItuZone", "Notes")
VALUES (@p0, @p1, @p2, @p3, @p4, @p5, @p6);
2026-08-07 15:12:05.323 -07:00 [INF] Executed DbCommand (0ms) [Parameters=[@p0='?' (DbType = Int32), @p1='?' (Size = 2), @p2='?' (DbType = Int32), @p3='?' (Size = 13), @p4='?' (DbType = Boolean), @p5='?' (DbType = Int32), @p6='?'], CommandType='"Text"', CommandTimeout='30']
INSERT INTO "DxccEntities" ("EntityCode", "Continent", "CqZone", "EntityName", "IsDeleted", "ItuZone", "Notes")
VALUES (@p0, @p1, @p2, @p3, @p4, @p5, @p6);
2026-08-07 15:12:05.323 -07:00 [INF] Executed DbCommand (0ms) [Parameters=[@p0='?' (DbType = Int32), @p1='?' (Size = 2), @p2='?' (DbType = Int32), @p3='?' (Size = 18), @p4='?' (DbType = Boolean), @p5='?' (DbType = Int32), @p6='?'], CommandType='"Text"', CommandTimeout='30']
INSERT INTO "DxccEntities" ("EntityCode", "Continent", "CqZone", "EntityName", "IsDeleted", "ItuZone", "Notes")
VALUES (@p0, @p1, @p2, @p3, @p4, @p5, @p6);
2026-08-07 15:12:05.324 -07:00 [INF] Executed DbCommand (0ms) [Parameters=[@p0='?' (DbType = Int32), @p1='?' (Size = 2), @p2='?' (DbType = Int32), @p3='?' (Size = 11), @p4='?' (DbType = Boolean), @p5='?' (DbType = Int32), @p6='?'], CommandType='"Text"', CommandTimeout='30']
INSERT INTO "DxccEntities" ("EntityCode", "Continent", "CqZone", "EntityName", "IsDeleted", "ItuZone", "Notes")
VALUES (@p0, @p1, @p2, @p3, @p4, @p5, @p6);
2026-08-07 15:12:05.324 -07:00 [INF] Executed DbCommand (0ms) [Parameters=[@p0='?' (DbType = Int32), @p1='?' (Size = 2), @p2='?' (DbType = Int32), @p3='?' (Size = 7), @p4='?' (DbType = Boolean), @p5='?' (DbType = Int32), @p6='?'], CommandType='"Text"', CommandTimeout='30']
INSERT INTO "DxccEntities" ("EntityCode", "Continent", "CqZone", "EntityName", "IsDeleted", "ItuZone", "Notes")
VALUES (@p0, @p1, @p2, @p3, @p4, @p5, @p6);
2026-08-07 15:12:05.324 -07:00 [INF] Executed DbCommand (0ms) [Parameters=[@p0='?' (DbType = Int32), @p1='?' (Size = 2), @p2='?' (DbType = Int32), @p3='?' (Size = 9), @p4='?' (DbType = Boolean), @p5='?' (DbType = Int32), @p6='?'], CommandType='"Text"', CommandTimeout='30']
INSERT INTO "DxccEntities" ("EntityCode", "Continent", "CqZone", "EntityName", "IsDeleted", "ItuZone", "Notes")
VALUES (@p0, @p1, @p2, @p3, @p4, @p5, @p6);
2026-08-07 15:12:05.324 -07:00 [INF] Executed DbCommand (0ms) [Parameters=[@p0='?' (DbType = Int32), @p1='?' (Size = 2), @p2='?' (DbType = Int32), @p3='?' (Size = 7), @p4='?' (DbType = Boolean), @p5='?' (DbType = Int32), @p6='?'], CommandType='"Text"', CommandTimeout='30']
INSERT INTO "DxccEntities" ("EntityCode", "Continent", "CqZone", "EntityName", "IsDeleted", "ItuZone", "Notes")
VALUES (@p0, @p1, @p2, @p3, @p4, @p5, @p6);
2026-08-07 15:12:05.324 -07:00 [INF] Executed DbCommand (0ms) [Parameters=[@p0='?' (DbType = Int32), @p1='?' (Size = 2), @p2='?' (DbType = Int32), @p3='?' (Size = 5), @p4='?' (DbType = Boolean), @p5='?' (DbType = Int32), @p6='?'], CommandType='"Text"', CommandTimeout='30']
INSERT INTO "DxccEntities" ("EntityCode", "Continent", "CqZone", "EntityName", "IsDeleted", "ItuZone", "Notes")
VALUES (@p0, @p1, @p2, @p3, @p4, @p5, @p6);
2026-08-07 15:12:05.324 -07:00 [INF] Executed DbCommand (0ms) [Parameters=[@p0='?' (DbType = Int32), @p1='?' (Size = 2), @p2='?' (DbType = Int32), @p3='?' (Size = 10), @p4='?' (DbType = Boolean), @p5='?' (DbType = Int32), @p6='?'], CommandType='"Text"', CommandTimeout='30']
INSERT INTO "DxccEntities" ("EntityCode", "Continent", "CqZone", "EntityName", "IsDeleted", "ItuZone", "Notes")
VALUES (@p0, @p1, @p2, @p3, @p4, @p5, @p6);
2026-08-07 15:12:05.324 -07:00 [INF] Executed DbCommand (0ms) [Parameters=[@p0='?' (DbType = Int32), @p1='?' (Size = 2), @p2='?' (DbType = Int32), @p3='?' (Size = 8), @p4='?' (DbType = Boolean), @p5='?' (DbType = Int32), @p6='?'], CommandType='"Text"', CommandTimeout='30']
INSERT INTO "DxccEntities" ("EntityCode", "Continent", "CqZone", "EntityName", "IsDeleted", "ItuZone", "Notes")
VALUES (@p0, @p1, @p2, @p3, @p4, @p5, @p6);
2026-08-07 15:12:05.324 -07:00 [INF] Executed DbCommand (0ms) [Parameters=[@p0='?' (DbType = Int32), @p1='?' (Size = 2), @p2='?' (DbType = Int32), @p3='?' (Size = 7), @p4='?' (DbType = Boolean), @p5='?' (DbType = Int32), @p6='?'], CommandType='"Text"', CommandTimeout='30']
INSERT INTO "DxccEntities" ("EntityCode", "Continent", "CqZone", "EntityName", "IsDeleted", "ItuZone", "Notes")
VALUES (@p0, @p1, @p2, @p3, @p4, @p5, @p6);
2026-08-07 15:12:05.324 -07:00 [INF] Executed DbCommand (0ms) [Parameters=[@p0='?' (DbType = Int32), @p1='?' (Size = 2), @p2='?' (DbType = Int32), @p3='?' (Size = 10), @p4='?' (DbType = Boolean), @p5='?' (DbType = Int32), @p6='?'], CommandType='"Text"', CommandTimeout='30']
INSERT INTO "DxccEntities" ("EntityCode", "Continent", "CqZone", "EntityName", "IsDeleted", "ItuZone", "Notes")
VALUES (@p0, @p1, @p2, @p3, @p4, @p5, @p6);
2026-08-07 15:12:05.324 -07:00 [INF] Executed DbCommand (0ms) [Parameters=[@p0='?' (DbType = Int32), @p1='?' (Size = 2), @p2='?' (DbType = Int32), @p3='?' (Size = 9), @p4='?' (DbType = Boolean), @p5='?' (DbType = Int32), @p6='?'], CommandType='"Text"', CommandTimeout='30']
INSERT INTO "DxccEntities" ("EntityCode", "Continent", "CqZone", "EntityName", "IsDeleted", "ItuZone", "Notes")
VALUES (@p0, @p1, @p2, @p3, @p4, @p5, @p6);
2026-08-07 15:12:05.324 -07:00 [INF] Executed DbCommand (0ms) [Parameters=[@p0='?' (DbType = Int32), @p1='?' (Size = 2), @p2='?' (DbType = Int32), @p3='?' (Size = 6), @p4='?' (DbType = Boolean), @p5='?' (DbType = Int32), @p6='?'], CommandType='"Text"', CommandTimeout='30']
INSERT INTO "DxccEntities" ("EntityCode", "Continent", "CqZone", "EntityName", "IsDeleted", "ItuZone", "Notes")
VALUES (@p0, @p1, @p2, @p3, @p4, @p5, @p6);
2026-08-07 15:12:05.324 -07:00 [INF] Executed DbCommand (0ms) [Parameters=[@p0='?' (DbType = Int32), @p1='?' (Size = 2), @p2='?' (DbType = Int32), @p3='?' (Size = 18), @p4='?' (DbType = Boolean), @p5='?' (DbType = Int32), @p6='?'], CommandType='"Text"', CommandTimeout='30']
INSERT INTO "DxccEntities" ("EntityCode", "Continent", "CqZone", "EntityName", "IsDeleted", "ItuZone", "Notes")
VALUES (@p0, @p1, @p2, @p3, @p4, @p5, @p6);
2026-08-07 15:12:05.324 -07:00 [INF] Executed DbCommand (0ms) [Parameters=[@p0='?' (DbType = Int32), @p1='?' (Size = 2), @p2='?' (DbType = Int32), @p3='?' (Size = 17), @p4='?' (DbType = Boolean), @p5='?' (DbType = Int32), @p6='?'], CommandType='"Text"', CommandTimeout='30']
INSERT INTO "DxccEntities" ("EntityCode", "Continent", "CqZone", "EntityName", "IsDeleted", "ItuZone", "Notes")
VALUES (@p0, @p1, @p2, @p3, @p4, @p5, @p6);
2026-08-07 15:12:05.324 -07:00 [INF] Executed DbCommand (0ms) [Parameters=[@p0='?' (DbType = Int32), @p1='?' (Size = 2), @p2='?' (DbType = Int32), @p3='?' (Size = 5), @p4='?' (DbType = Boolean), @p5='?' (DbType = Int32), @p6='?'], CommandType='"Text"', CommandTimeout='30']
INSERT INTO "DxccEntities" ("EntityCode", "Continent", "CqZone", "EntityName", "IsDeleted", "ItuZone", "Notes")
VALUES (@p0, @p1, @p2, @p3, @p4, @p5, @p6);
2026-08-07 15:12:05.324 -07:00 [INF] Executed DbCommand (0ms) [Parameters=[@p0='?' (DbType = Int32), @p1='?' (Size = 2), @p2='?' (DbType = Int32), @p3='?' (Size = 17), @p4='?' (DbType = Boolean), @p5='?' (DbType = Int32), @p6='?'], CommandType='"Text"', CommandTimeout='30']
INSERT INTO "DxccEntities" ("EntityCode", "Continent", "CqZone", "EntityName", "IsDeleted", "ItuZone", "Notes")
VALUES (@p0, @p1, @p2, @p3, @p4, @p5, @p6);
2026-08-07 15:12:05.324 -07:00 [INF] Executed DbCommand (0ms) [Parameters=[@p0='?' (DbType = Int32), @p1='?' (Size = 2), @p2='?' (DbType = Int32), @p3='?' (Size = 8), @p4='?' (DbType = Boolean), @p5='?' (DbType = Int32), @p6='?'], CommandType='"Text"', CommandTimeout='30']
INSERT INTO "DxccEntities" ("EntityCode", "Continent", "CqZone", "EntityName", "IsDeleted", "ItuZone", "Notes")
VALUES (@p0, @p1, @p2, @p3, @p4, @p5, @p6);
2026-08-07 15:12:05.324 -07:00 [INF] Executed DbCommand (0ms) [Parameters=[@p0='?' (DbType = Int32), @p1='?' (Size = 2), @p2='?' (DbType = Int32), @p3='?' (Size = 10), @p4='?' (DbType = Boolean), @p5='?' (DbType = Int32), @p6='?'], CommandType='"Text"', CommandTimeout='30']
INSERT INTO "DxccEntities" ("EntityCode", "Continent", "CqZone", "EntityName", "IsDeleted", "ItuZone", "Notes")
VALUES (@p0, @p1, @p2, @p3, @p4, @p5, @p6);
2026-08-07 15:12:05.324 -07:00 [INF] Executed DbCommand (0ms) [Parameters=[@p0='?' (DbType = Int32), @p1='?' (Size = 2), @p2='?' (DbType = Int32), @p3='?' (Size = 9), @p4='?' (DbType = Boolean), @p5='?' (DbType = Int32), @p6='?'], CommandType='"Text"', CommandTimeout='30']
INSERT INTO "DxccEntities" ("EntityCode", "Continent", "CqZone", "EntityName", "IsDeleted", "ItuZone", "Notes")
VALUES (@p0, @p1, @p2, @p3, @p4, @p5, @p6);
2026-08-07 15:12:05.324 -07:00 [INF] Executed DbCommand (0ms) [Parameters=[@p0='?' (DbType = Int32), @p1='?' (Size = 2), @p2='?' (DbType = Int32), @p3='?' (Size = 11), @p4='?' (DbType = Boolean), @p5='?' (DbType = Int32), @p6='?'], CommandType='"Text"', CommandTimeout='30']
INSERT INTO "DxccEntities" ("EntityCode", "Continent", "CqZone", "EntityName", "IsDeleted", "ItuZone", "Notes")
VALUES (@p0, @p1, @p2, @p3, @p4, @p5, @p6);
2026-08-07 15:12:05.324 -07:00 [INF] Executed DbCommand (0ms) [Parameters=[@p0='?' (DbType = Int32), @p1='?' (Size = 2), @p2='?' (DbType = Int32), @p3='?' (Size = 12), @p4='?' (DbType = Boolean), @p5='?' (DbType = Int32), @p6='?'], CommandType='"Text"', CommandTimeout='30']
INSERT INTO "DxccEntities" ("EntityCode", "Continent", "CqZone", "EntityName", "IsDeleted", "ItuZone", "Notes")
VALUES (@p0, @p1, @p2, @p3, @p4, @p5, @p6);
2026-08-07 15:12:05.324 -07:00 [INF] Executed DbCommand (0ms) [Parameters=[@p0='?' (DbType = Int32), @p1='?' (Size = 2), @p2='?' (DbType = Int32), @p3='?' (Size = 9), @p4='?' (DbType = Boolean), @p5='?' (DbType = Int32), @p6='?'], CommandType='"Text"', CommandTimeout='30']
INSERT INTO "DxccEntities" ("EntityCode", "Continent", "CqZone", "EntityName", "IsDeleted", "ItuZone", "Notes")
VALUES (@p0, @p1, @p2, @p3, @p4, @p5, @p6);
2026-08-07 15:12:05.324 -07:00 [INF] Executed DbCommand (0ms) [Parameters=[@p0='?' (DbType = Int32), @p1='?' (Size = 2), @p2='?' (DbType = Int32), @p3='?' (Size = 4), @p4='?' (DbType = Boolean), @p5='?' (DbType = Int32), @p6='?'], CommandType='"Text"', CommandTimeout='30']
INSERT INTO "DxccEntities" ("EntityCode", "Continent", "CqZone", "EntityName", "IsDeleted", "ItuZone", "Notes")
VALUES (@p0, @p1, @p2, @p3, @p4, @p5, @p6);
2026-08-07 15:12:05.324 -07:00 [INF] Executed DbCommand (0ms) [Parameters=[@p0='?' (DbType = Int32), @p1='?' (Size = 2), @p2='?' (DbType = Int32), @p3='?' (Size = 7), @p4='?' (DbType = Boolean), @p5='?' (DbType = Int32), @p6='?'], CommandType='"Text"', CommandTimeout='30']
INSERT INTO "DxccEntities" ("EntityCode", "Continent", "CqZone", "EntityName", "IsDeleted", "ItuZone", "Notes")
VALUES (@p0, @p1, @p2, @p3, @p4, @p5, @p6);
2026-08-07 15:12:05.324 -07:00 [INF] Executed DbCommand (0ms) [Parameters=[@p0='?' (DbType = Int32), @p1='?' (Size = 2), @p2='?' (DbType = Int32), @p3='?' (Size = 14), @p4='?' (DbType = Boolean), @p5='?' (DbType = Int32), @p6='?'], CommandType='"Text"', CommandTimeout='30']
INSERT INTO "DxccEntities" ("EntityCode", "Continent", "CqZone", "EntityName", "IsDeleted", "ItuZone", "Notes")
VALUES (@p0, @p1, @p2, @p3, @p4, @p5, @p6);
2026-08-07 15:12:05.324 -07:00 [INF] Executed DbCommand (0ms) [Parameters=[@p0='?' (DbType = Int32), @p1='?' (Size = 2), @p2='?' (DbType = Int32), @p3='?' (Size = 8), @p4='?' (DbType = Boolean), @p5='?' (DbType = Int32), @p6='?'], CommandType='"Text"', CommandTimeout='30']
INSERT INTO "DxccEntities" ("EntityCode", "Continent", "CqZone", "EntityName", "IsDeleted", "ItuZone", "Notes")
VALUES (@p0, @p1, @p2, @p3, @p4, @p5, @p6);
2026-08-07 15:12:05.324 -07:00 [INF] Executed DbCommand (0ms) [Parameters=[@p0='?' (DbType = Int32), @p1='?' (Size = 2), @p2='?' (DbType = Int32), @p3='?' (Size = 6), @p4='?' (DbType = Boolean), @p5='?' (DbType = Int32), @p6='?'], CommandType='"Text"', CommandTimeout='30']
INSERT INTO "DxccEntities" ("EntityCode", "Continent", "CqZone", "EntityName", "IsDeleted", "ItuZone", "Notes")
VALUES (@p0, @p1, @p2, @p3, @p4, @p5, @p6);
2026-08-07 15:12:05.324 -07:00 [INF] Executed DbCommand (0ms) [Parameters=[@p0='?' (DbType = Int32), @p1='?' (Size = 2), @p2='?' (DbType = Int32), @p3='?' (Size = 6), @p4='?' (DbType = Boolean), @p5='?' (DbType = Int32), @p6='?'], CommandType='"Text"', CommandTimeout='30']
INSERT INTO "DxccEntities" ("EntityCode", "Continent", "CqZone", "EntityName", "IsDeleted", "ItuZone", "Notes")
VALUES (@p0, @p1, @p2, @p3, @p4, @p5, @p6);
2026-08-07 15:12:05.324 -07:00 [INF] Executed DbCommand (0ms) [Parameters=[@p0='?' (DbType = Int32), @p1='?' (Size = 2), @p2='?' (DbType = Int32), @p3='?' (Size = 13), @p4='?' (DbType = Boolean), @p5='?' (DbType = Int32), @p6='?'], CommandType='"Text"', CommandTimeout='30']
INSERT INTO "DxccEntities" ("EntityCode", "Continent", "CqZone", "EntityName", "IsDeleted", "ItuZone", "Notes")
VALUES (@p0, @p1, @p2, @p3, @p4, @p5, @p6);
2026-08-07 15:12:05.324 -07:00 [INF] Executed DbCommand (0ms) [Parameters=[@p0='?' (DbType = Int32), @p1='?' (Size = 2), @p2='?' (DbType = Int32), @p3='?' (Size = 6), @p4='?' (DbType = Boolean), @p5='?' (DbType = Int32), @p6='?'], CommandType='"Text"', CommandTimeout='30']
INSERT INTO "DxccEntities" ("EntityCode", "Continent", "CqZone", "EntityName", "IsDeleted", "ItuZone", "Notes")
VALUES (@p0, @p1, @p2, @p3, @p4, @p5, @p6);
2026-08-07 15:12:05.324 -07:00 [INF] Executed DbCommand (0ms) [Parameters=[@p0='?' (DbType = Int32), @p1='?' (Size = 2), @p2='?' (DbType = Int32), @p3='?' (Size = 8), @p4='?' (DbType = Boolean), @p5='?' (DbType = Int32), @p6='?'], CommandType='"Text"', CommandTimeout='30']
INSERT INTO "DxccEntities" ("EntityCode", "Continent", "CqZone", "EntityName", "IsDeleted", "ItuZone", "Notes")
VALUES (@p0, @p1, @p2, @p3, @p4, @p5, @p6);
2026-08-07 15:12:05.324 -07:00 [INF] Executed DbCommand (0ms) [Parameters=[@p0='?' (DbType = Int32), @p1='?' (Size = 2), @p2='?' (DbType = Int32), @p3='?' (Size = 5), @p4='?' (DbType = Boolean), @p5='?' (DbType = Int32), @p6='?'], CommandType='"Text"', CommandTimeout='30']
INSERT INTO "DxccEntities" ("EntityCode", "Continent", "CqZone", "EntityName", "IsDeleted", "ItuZone", "Notes")
VALUES (@p0, @p1, @p2, @p3, @p4, @p5, @p6);
2026-08-07 15:12:05.324 -07:00 [INF] Executed DbCommand (0ms) [Parameters=[@p0='?' (DbType = Int32), @p1='?' (Size = 2), @p2='?' (DbType = Int32), @p3='?' (Size = 11), @p4='?' (DbType = Boolean), @p5='?' (DbType = Int32), @p6='?'], CommandType='"Text"', CommandTimeout='30']
INSERT INTO "DxccEntities" ("EntityCode", "Continent", "CqZone", "EntityName", "IsDeleted", "ItuZone", "Notes")
VALUES (@p0, @p1, @p2, @p3, @p4, @p5, @p6);
2026-08-07 15:12:05.324 -07:00 [INF] Executed DbCommand (0ms) [Parameters=[@p0='?' (DbType = Int32), @p1='?' (Size = 2), @p2='?' (DbType = Int32), @p3='?' (Size = 8), @p4='?' (DbType = Boolean), @p5='?' (DbType = Int32), @p6='?'], CommandType='"Text"', CommandTimeout='30']
INSERT INTO "DxccEntities" ("EntityCode", "Continent", "CqZone", "EntityName", "IsDeleted", "ItuZone", "Notes")
VALUES (@p0, @p1, @p2, @p3, @p4, @p5, @p6);
2026-08-07 15:12:05.324 -07:00 [INF] Executed DbCommand (0ms) [Parameters=[@p0='?' (DbType = Int32), @p1='?' (Size = 2), @p2='?' (DbType = Int32), @p3='?' (Size = 6), @p4='?' (DbType = Boolean), @p5='?' (DbType = Int32), @p6='?'], CommandType='"Text"', CommandTimeout='30']
INSERT INTO "DxccEntities" ("EntityCode", "Continent", "CqZone", "EntityName", "IsDeleted", "ItuZone", "Notes")
VALUES (@p0, @p1, @p2, @p3, @p4, @p5, @p6);
2026-08-07 15:12:05.324 -07:00 [INF] Executed DbCommand (0ms) [Parameters=[@p0='?' (DbType = Int32), @p1='?' (Size = 2), @p2='?' (DbType = Int32), @p3='?' (Size = 9), @p4='?' (DbType = Boolean), @p5='?' (DbType = Int32), @p6='?'], CommandType='"Text"', CommandTimeout='30']
INSERT INTO "DxccEntities" ("EntityCode", "Continent", "CqZone", "EntityName", "IsDeleted", "ItuZone", "Notes")
VALUES (@p0, @p1, @p2, @p3, @p4, @p5, @p6);
2026-08-07 15:12:05.324 -07:00 [INF] Executed DbCommand (0ms) [Parameters=[@p0='?' (DbType = Int32), @p1='?' (Size = 2), @p2='?' (DbType = Int32), @p3='?' (Size = 7), @p4='?' (DbType = Boolean), @p5='?' (DbType = Int32), @p6='?'], CommandType='"Text"', CommandTimeout='30']
INSERT INTO "DxccEntities" ("EntityCode", "Continent", "CqZone", "EntityName", "IsDeleted", "ItuZone", "Notes")
VALUES (@p0, @p1, @p2, @p3, @p4, @p5, @p6);
2026-08-07 15:12:05.324 -07:00 [INF] Executed DbCommand (0ms) [Parameters=[@p0='?' (DbType = Int32), @p1='?' (Size = 2), @p2='?' (DbType = Int32), @p3='?' (Size = 6), @p4='?' (DbType = Boolean), @p5='?' (DbType = Int32), @p6='?'], CommandType='"Text"', CommandTimeout='30']
INSERT INTO "DxccEntities" ("EntityCode", "Continent", "CqZone", "EntityName", "IsDeleted", "ItuZone", "Notes")
VALUES (@p0, @p1, @p2, @p3, @p4, @p5, @p6);
2026-08-07 15:12:05.324 -07:00 [INF] Executed DbCommand (0ms) [Parameters=[@p0='?' (DbType = Int32), @p1='?' (Size = 2), @p2='?' (DbType = Int32), @p3='?' (Size = 11), @p4='?' (DbType = Boolean), @p5='?' (DbType = Int32), @p6='?'], CommandType='"Text"', CommandTimeout='30']
INSERT INTO "DxccEntities" ("EntityCode", "Continent", "CqZone", "EntityName", "IsDeleted", "ItuZone", "Notes")
VALUES (@p0, @p1, @p2, @p3, @p4, @p5, @p6);
2026-08-07 15:12:05.324 -07:00 [INF] Executed DbCommand (0ms) [Parameters=[@p0='?' (DbType = Int32), @p1='?' (Size = 2), @p2='?' (DbType = Int32), @p3='?' (Size = 20), @p4='?' (DbType = Boolean), @p5='?' (DbType = Int32), @p6='?'], CommandType='"Text"', CommandTimeout='30']
INSERT INTO "DxccEntities" ("EntityCode", "Continent", "CqZone", "EntityName", "IsDeleted", "ItuZone", "Notes")
VALUES (@p0, @p1, @p2, @p3, @p4, @p5, @p6);
2026-08-07 15:12:05.324 -07:00 [INF] Executed DbCommand (0ms) [Parameters=[@p0='?' (DbType = Int32), @p1='?' (Size = 2), @p2='?' (DbType = Int32), @p3='?' (Size = 18), @p4='?' (DbType = Boolean), @p5='?' (DbType = Int32), @p6='?'], CommandType='"Text"', CommandTimeout='30']
INSERT INTO "DxccEntities" ("EntityCode", "Continent", "CqZone", "EntityName", "IsDeleted", "ItuZone", "Notes")
VALUES (@p0, @p1, @p2, @p3, @p4, @p5, @p6);
2026-08-07 15:12:05.325 -07:00 [INF] Executed DbCommand (0ms) [Parameters=[@p0='?' (DbType = Int32), @p1='?' (Size = 2), @p2='?' (DbType = Int32), @p3='?' (Size = 11), @p4='?' (DbType = Boolean), @p5='?' (DbType = Int32), @p6='?'], CommandType='"Text"', CommandTimeout='30']
INSERT INTO "DxccEntities" ("EntityCode", "Continent", "CqZone", "EntityName", "IsDeleted", "ItuZone", "Notes")
VALUES (@p0, @p1, @p2, @p3, @p4, @p5, @p6);
2026-08-07 15:12:05.325 -07:00 [INF] Executed DbCommand (0ms) [Parameters=[@p0='?' (DbType = Int32), @p1='?' (Size = 2), @p2='?' (DbType = Int32), @p3='?' (Size = 10), @p4='?' (DbType = Boolean), @p5='?' (DbType = Int32), @p6='?'], CommandType='"Text"', CommandTimeout='30']
INSERT INTO "DxccEntities" ("EntityCode", "Continent", "CqZone", "EntityName", "IsDeleted", "ItuZone", "Notes")
VALUES (@p0, @p1, @p2, @p3, @p4, @p5, @p6);
2026-08-07 15:12:05.325 -07:00 [INF] Executed DbCommand (0ms) [Parameters=[@p0='?' (DbType = Int32), @p1='?' (Size = 2), @p2='?' (DbType = Int32), @p3='?' (Size = 13), @p4='?' (DbType = Boolean), @p5='?' (DbType = Int32), @p6='?'], CommandType='"Text"', CommandTimeout='30']
INSERT INTO "DxccEntities" ("EntityCode", "Continent", "CqZone", "EntityName", "IsDeleted", "ItuZone", "Notes")
VALUES (@p0, @p1, @p2, @p3, @p4, @p5, @p6);
2026-08-07 15:12:05.325 -07:00 [INF] Executed DbCommand (0ms) [Parameters=[@p0='?' (DbType = Int32), @p1='?' (Size = 2), @p2='?' (DbType = Int32), @p3='?' (Size = 8), @p4='?' (DbType = Boolean), @p5='?' (DbType = Int32), @p6='?'], CommandType='"Text"', CommandTimeout='30']
INSERT INTO "DxccEntities" ("EntityCode", "Continent", "CqZone", "EntityName", "IsDeleted", "ItuZone", "Notes")
VALUES (@p0, @p1, @p2, @p3, @p4, @p5, @p6);
2026-08-07 15:12:05.325 -07:00 [INF] Executed DbCommand (0ms) [Parameters=[@p0='?' (DbType = Int32), @p1='?' (Size = 2), @p2='?' (DbType = Int32), @p3='?' (Size = 12), @p4='?' (DbType = Boolean), @p5='?' (DbType = Int32), @p6='?'], CommandType='"Text"', CommandTimeout='30']
INSERT INTO "DxccEntities" ("EntityCode", "Continent", "CqZone", "EntityName", "IsDeleted", "ItuZone", "Notes")
VALUES (@p0, @p1, @p2, @p3, @p4, @p5, @p6);
2026-08-07 15:12:05.325 -07:00 [INF] Executed DbCommand (0ms) [Parameters=[@p0='?' (DbType = Int32), @p1='?' (Size = 2), @p2='?' (DbType = Int32), @p3='?' (Size = 10), @p4='?' (DbType = Boolean), @p5='?' (DbType = Int32), @p6='?'], CommandType='"Text"', CommandTimeout='30']
INSERT INTO "DxccEntities" ("EntityCode", "Continent", "CqZone", "EntityName", "IsDeleted", "ItuZone", "Notes")
VALUES (@p0, @p1, @p2, @p3, @p4, @p5, @p6);
2026-08-07 15:12:05.325 -07:00 [INF] Executed DbCommand (0ms) [Parameters=[@p0='?' (DbType = Int32), @p1='?' (Size = 2), @p2='?' (DbType = Int32), @p3='?' (Size = 4), @p4='?' (DbType = Boolean), @p5='?' (DbType = Int32), @p6='?'], CommandType='"Text"', CommandTimeout='30']
INSERT INTO "DxccEntities" ("EntityCode", "Continent", "CqZone", "EntityName", "IsDeleted", "ItuZone", "Notes")
VALUES (@p0, @p1, @p2, @p3, @p4, @p5, @p6);
2026-08-07 15:12:05.325 -07:00 [INF] Executed DbCommand (0ms) [Parameters=[@p0='?' (DbType = Int32), @p1='?' (Size = 2), @p2='?' (DbType = Int32), @p3='?' (Size = 17), @p4='?' (DbType = Boolean), @p5='?' (DbType = Int32), @p6='?'], CommandType='"Text"', CommandTimeout='30']
INSERT INTO "DxccEntities" ("EntityCode", "Continent", "CqZone", "EntityName", "IsDeleted", "ItuZone", "Notes")
VALUES (@p0, @p1, @p2, @p3, @p4, @p5, @p6);
2026-08-07 15:12:05.325 -07:00 [INF] Executed DbCommand (0ms) [Parameters=[@p0='?' (DbType = Int32), @p1='?' (Size = 2), @p2='?' (DbType = Int32), @p3='?' (Size = 7), @p4='?' (DbType = Boolean), @p5='?' (DbType = Int32), @p6='?'], CommandType='"Text"', CommandTimeout='30']
INSERT INTO "DxccEntities" ("EntityCode", "Continent", "CqZone", "EntityName", "IsDeleted", "ItuZone", "Notes")
VALUES (@p0, @p1, @p2, @p3, @p4, @p5, @p6);
2026-08-07 15:12:05.325 -07:00 [INF] Executed DbCommand (0ms) [Parameters=[@p0='?' (DbType = Int32), @p1='?' (Size = 2), @p2='?' (DbType = Int32), @p3='?' (Size = 8), @p4='?' (DbType = Boolean), @p5='?' (DbType = Int32), @p6='?'], CommandType='"Text"', CommandTimeout='30']
INSERT INTO "DxccEntities" ("EntityCode", "Continent", "CqZone", "EntityName", "IsDeleted", "ItuZone", "Notes")
VALUES (@p0, @p1, @p2, @p3, @p4, @p5, @p6);
2026-08-07 15:12:05.325 -07:00 [INF] Executed DbCommand (0ms) [Parameters=[@p0='?' (DbType = Int32), @p1='?' (Size = 2), @p2='?' (DbType = Int32), @p3='?' (Size = 12), @p4='?' (DbType = Boolean), @p5='?' (DbType = Int32), @p6='?'], CommandType='"Text"', CommandTimeout='30']
INSERT INTO "DxccEntities" ("EntityCode", "Continent", "CqZone", "EntityName", "IsDeleted", "ItuZone", "Notes")
VALUES (@p0, @p1, @p2, @p3, @p4, @p5, @p6);
2026-08-07 15:12:05.325 -07:00 [INF] Executed DbCommand (0ms) [Parameters=[@p0='?' (DbType = Int32), @p1='?' (Size = 2), @p2='?' (DbType = Int32), @p3='?' (Size = 15), @p4='?' (DbType = Boolean), @p5='?' (DbType = Int32), @p6='?'], CommandType='"Text"', CommandTimeout='30']
INSERT INTO "DxccEntities" ("EntityCode", "Continent", "CqZone", "EntityName", "IsDeleted", "ItuZone", "Notes")
VALUES (@p0, @p1, @p2, @p3, @p4, @p5, @p6);
2026-08-07 15:12:05.325 -07:00 [INF] Executed DbCommand (0ms) [Parameters=[@p0='?' (DbType = Int32), @p1='?' (Size = 2), @p2='?' (DbType = Int32), @p3='?' (Size = 4), @p4='?' (DbType = Boolean), @p5='?' (DbType = Int32), @p6='?'], CommandType='"Text"', CommandTimeout='30']
INSERT INTO "DxccEntities" ("EntityCode", "Continent", "CqZone", "EntityName", "IsDeleted", "ItuZone", "Notes")
VALUES (@p0, @p1, @p2, @p3, @p4, @p5, @p6);
2026-08-07 15:12:05.325 -07:00 [INF] Executed DbCommand (0ms) [Parameters=[@p0='?' (DbType = Int32), @p1='?' (Size = 2), @p2='?' (DbType = Int32), @p3='?' (Size = 7), @p4='?' (DbType = Boolean), @p5='?' (DbType = Int32), @p6='?'], CommandType='"Text"', CommandTimeout='30']
INSERT INTO "DxccEntities" ("EntityCode", "Continent", "CqZone", "EntityName", "IsDeleted", "ItuZone", "Notes")
VALUES (@p0, @p1, @p2, @p3, @p4, @p5, @p6);
2026-08-07 15:12:05.325 -07:00 [INF] Executed DbCommand (0ms) [Parameters=[@p0='?' (DbType = Int32), @p1='?' (Size = 2), @p2='?' (DbType = Int32), @p3='?' (Size = 6), @p4='?' (DbType = Boolean), @p5='?' (DbType = Int32), @p6='?'], CommandType='"Text"', CommandTimeout='30']
INSERT INTO "DxccEntities" ("EntityCode", "Continent", "CqZone", "EntityName", "IsDeleted", "ItuZone", "Notes")
VALUES (@p0, @p1, @p2, @p3, @p4, @p5, @p6);
2026-08-07 15:12:05.325 -07:00 [INF] Executed DbCommand (0ms) [Parameters=[@p0='?' (DbType = Int32), @p1='?' (Size = 2), @p2='?' (DbType = Int32), @p3='?' (Size = 9), @p4='?' (DbType = Boolean), @p5='?' (DbType = Int32), @p6='?'], CommandType='"Text"', CommandTimeout='30']
INSERT INTO "DxccEntities" ("EntityCode", "Continent", "CqZone", "EntityName", "IsDeleted", "ItuZone", "Notes")
VALUES (@p0, @p1, @p2, @p3, @p4, @p5, @p6);
2026-08-07 15:12:05.325 -07:00 [INF] Executed DbCommand (0ms) [Parameters=[@p0='?' (DbType = Int32), @p1='?' (Size = 2), @p2='?' (DbType = Int32), @p3='?' (Size = 12), @p4='?' (DbType = Boolean), @p5='?' (DbType = Int32), @p6='?'], CommandType='"Text"', CommandTimeout='30']
INSERT INTO "DxccEntities" ("EntityCode", "Continent", "CqZone", "EntityName", "IsDeleted", "ItuZone", "Notes")
VALUES (@p0, @p1, @p2, @p3, @p4, @p5, @p6);
2026-08-07 15:12:05.325 -07:00 [INF] Executed DbCommand (0ms) [Parameters=[@p0='?' (DbType = Int32), @p1='?' (Size = 2), @p2='?' (DbType = Int32), @p3='?' (Size = 9), @p4='?' (DbType = Boolean), @p5='?' (DbType = Int32), @p6='?'], CommandType='"Text"', CommandTimeout='30']
INSERT INTO "DxccEntities" ("EntityCode", "Continent", "CqZone", "EntityName", "IsDeleted", "ItuZone", "Notes")
VALUES (@p0, @p1, @p2, @p3, @p4, @p5, @p6);
2026-08-07 15:12:05.325 -07:00 [INF] Executed DbCommand (0ms) [Parameters=[@p0='?' (DbType = Int32), @p1='?' (Size = 2), @p2='?' (DbType = Int32), @p3='?' (Size = 6), @p4='?' (DbType = Boolean), @p5='?' (DbType = Int32), @p6='?'], CommandType='"Text"', CommandTimeout='30']
INSERT INTO "DxccEntities" ("EntityCode", "Continent", "CqZone", "EntityName", "IsDeleted", "ItuZone", "Notes")
VALUES (@p0, @p1, @p2, @p3, @p4, @p5, @p6);
2026-08-07 15:12:05.325 -07:00 [INF] Executed DbCommand (0ms) [Parameters=[@p0='?' (DbType = Int32), @p1='?' (Size = 2), @p2='?' (DbType = Int32), @p3='?' (Size = 9), @p4='?' (DbType = Boolean), @p5='?' (DbType = Int32), @p6='?'], CommandType='"Text"', CommandTimeout='30']
INSERT INTO "DxccEntities" ("EntityCode", "Continent", "CqZone", "EntityName", "IsDeleted", "ItuZone", "Notes")
VALUES (@p0, @p1, @p2, @p3, @p4, @p5, @p6);
2026-08-07 15:12:05.325 -07:00 [INF] Executed DbCommand (0ms) [Parameters=[@p0='?' (DbType = Int32), @p1='?' (Size = 2), @p2='?' (DbType = Int32), @p3='?' (Size = 5), @p4='?' (DbType = Boolean), @p5='?' (DbType = Int32), @p6='?'], CommandType='"Text"', CommandTimeout='30']
INSERT INTO "DxccEntities" ("EntityCode", "Continent", "CqZone", "EntityName", "IsDeleted", "ItuZone", "Notes")
VALUES (@p0, @p1, @p2, @p3, @p4, @p5, @p6);
2026-08-07 15:12:05.325 -07:00 [INF] Executed DbCommand (0ms) [Parameters=[@p0='?' (DbType = Int32), @p1='?' (Size = 2), @p2='?' (DbType = Int32), @p3='?' (Size = 12), @p4='?' (DbType = Boolean), @p5='?' (DbType = Int32), @p6='?'], CommandType='"Text"', CommandTimeout='30']
INSERT INTO "DxccEntities" ("EntityCode", "Continent", "CqZone", "EntityName", "IsDeleted", "ItuZone", "Notes")
VALUES (@p0, @p1, @p2, @p3, @p4, @p5, @p6);
2026-08-07 15:12:05.325 -07:00 [INF] Executed DbCommand (0ms) [Parameters=[@p0='?' (DbType = Int32), @p1='?' (Size = 2), @p2='?' (DbType = Int32), @p3='?' (Size = 5), @p4='?' (DbType = Boolean), @p5='?' (DbType = Int32), @p6='?'], CommandType='"Text"', CommandTimeout='30']
INSERT INTO "DxccEntities" ("EntityCode", "Continent", "CqZone", "EntityName", "IsDeleted", "ItuZone", "Notes")
VALUES (@p0, @p1, @p2, @p3, @p4, @p5, @p6);
2026-08-07 15:12:05.325 -07:00 [INF] Executed DbCommand (0ms) [Parameters=[@p0='?' (DbType = Int32), @p1='?' (Size = 2), @p2='?' (DbType = Int32), @p3='?' (Size = 7), @p4='?' (DbType = Boolean), @p5='?' (DbType = Int32), @p6='?'], CommandType='"Text"', CommandTimeout='30']
INSERT INTO "DxccEntities" ("EntityCode", "Continent", "CqZone", "EntityName", "IsDeleted", "ItuZone", "Notes")
VALUES (@p0, @p1, @p2, @p3, @p4, @p5, @p6);
2026-08-07 15:12:05.325 -07:00 [INF] Executed DbCommand (0ms) [Parameters=[@p0='?' (DbType = Int32), @p1='?' (Size = 2), @p2='?' (DbType = Int32), @p3='?' (Size = 8), @p4='?' (DbType = Boolean), @p5='?' (DbType = Int32), @p6='?'], CommandType='"Text"', CommandTimeout='30']
INSERT INTO "DxccEntities" ("EntityCode", "Continent", "CqZone", "EntityName", "IsDeleted", "ItuZone", "Notes")
VALUES (@p0, @p1, @p2, @p3, @p4, @p5, @p6);
2026-08-07 15:12:05.325 -07:00 [INF] Executed DbCommand (0ms) [Parameters=[@p0='?' (DbType = Int32), @p1='?' (Size = 2), @p2='?' (DbType = Int32), @p3='?' (Size = 5), @p4='?' (DbType = Boolean), @p5='?' (DbType = Int32), @p6='?'], CommandType='"Text"', CommandTimeout='30']
INSERT INTO "DxccEntities" ("EntityCode", "Continent", "CqZone", "EntityName", "IsDeleted", "ItuZone", "Notes")
VALUES (@p0, @p1, @p2, @p3, @p4, @p5, @p6);
2026-08-07 15:12:05.325 -07:00 [INF] Executed DbCommand (0ms) [Parameters=[@p0='?' (DbType = Int32), @p1='?' (Size = 2), @p2='?' (DbType = Int32), @p3='?' (Size = 10), @p4='?' (DbType = Boolean), @p5='?' (DbType = Int32), @p6='?'], CommandType='"Text"', CommandTimeout='30']
INSERT INTO "DxccEntities" ("EntityCode", "Continent", "CqZone", "EntityName", "IsDeleted", "ItuZone", "Notes")
VALUES (@p0, @p1, @p2, @p3, @p4, @p5, @p6);
2026-08-07 15:12:05.325 -07:00 [INF] Executed DbCommand (0ms) [Parameters=[@p0='?' (DbType = Int32), @p1='?' (Size = 2), @p2='?' (DbType = Int32), @p3='?' (Size = 13), @p4='?' (DbType = Boolean), @p5='?' (DbType = Int32), @p6='?'], CommandType='"Text"', CommandTimeout='30']
INSERT INTO "DxccEntities" ("EntityCode", "Continent", "CqZone", "EntityName", "IsDeleted", "ItuZone", "Notes")
VALUES (@p0, @p1, @p2, @p3, @p4, @p5, @p6);
2026-08-07 15:12:05.325 -07:00 [INF] Executed DbCommand (0ms) [Parameters=[@p0='?' (DbType = Int32), @p1='?' (Size = 2), @p2='?' (DbType = Int32), @p3='?' (Size = 16), @p4='?' (DbType = Boolean), @p5='?' (DbType = Int32), @p6='?'], CommandType='"Text"', CommandTimeout='30']
INSERT INTO "DxccEntities" ("EntityCode", "Continent", "CqZone", "EntityName", "IsDeleted", "ItuZone", "Notes")
VALUES (@p0, @p1, @p2, @p3, @p4, @p5, @p6);
2026-08-07 15:12:05.325 -07:00 [INF] Executed DbCommand (0ms) [Parameters=[@p0='?' (DbType = Int32), @p1='?' (Size = 2), @p2='?' (DbType = Int32), @p3='?' (Size = 9), @p4='?' (DbType = Boolean), @p5='?' (DbType = Int32), @p6='?'], CommandType='"Text"', CommandTimeout='30']
INSERT INTO "DxccEntities" ("EntityCode", "Continent", "CqZone", "EntityName", "IsDeleted", "ItuZone", "Notes")
VALUES (@p0, @p1, @p2, @p3, @p4, @p5, @p6);
2026-08-07 15:12:05.325 -07:00 [INF] Executed DbCommand (0ms) [Parameters=[@p0='?' (DbType = Int32), @p1='?' (Size = 2), @p2='?' (DbType = Int32), @p3='?' (Size = 11), @p4='?' (DbType = Boolean), @p5='?' (DbType = Int32), @p6='?'], CommandType='"Text"', CommandTimeout='30']
INSERT INTO "DxccEntities" ("EntityCode", "Continent", "CqZone", "EntityName", "IsDeleted", "ItuZone", "Notes")
VALUES (@p0, @p1, @p2, @p3, @p4, @p5, @p6);
2026-08-07 15:12:05.325 -07:00 [INF] Executed DbCommand (0ms) [Parameters=[@p0='?' (DbType = Int32), @p1='?' (Size = 2), @p2='?' (DbType = Int32), @p3='?' (Size = 11), @p4='?' (DbType = Boolean), @p5='?' (DbType = Int32), @p6='?'], CommandType='"Text"', CommandTimeout='30']
INSERT INTO "DxccEntities" ("EntityCode", "Continent", "CqZone", "EntityName", "IsDeleted", "ItuZone", "Notes")
VALUES (@p0, @p1, @p2, @p3, @p4, @p5, @p6);
2026-08-07 15:12:05.325 -07:00 [INF] Executed DbCommand (0ms) [Parameters=[@p0='?' (DbType = Int32), @p1='?' (Size = 2), @p2='?' (DbType = Int32), @p3='?' (Size = 12), @p4='?' (DbType = Boolean), @p5='?' (DbType = Int32), @p6='?'], CommandType='"Text"', CommandTimeout='30']
INSERT INTO "DxccEntities" ("EntityCode", "Continent", "CqZone", "EntityName", "IsDeleted", "ItuZone", "Notes")
VALUES (@p0, @p1, @p2, @p3, @p4, @p5, @p6);
2026-08-07 15:12:05.325 -07:00 [INF] Executed DbCommand (0ms) [Parameters=[@p0='?' (DbType = Int32), @p1='?' (Size = 2), @p2='?' (DbType = Int32), @p3='?' (Size = 7), @p4='?' (DbType = Boolean), @p5='?' (DbType = Int32), @p6='?'], CommandType='"Text"', CommandTimeout='30']
INSERT INTO "DxccEntities" ("EntityCode", "Continent", "CqZone", "EntityName", "IsDeleted", "ItuZone", "Notes")
VALUES (@p0, @p1, @p2, @p3, @p4, @p5, @p6);
2026-08-07 15:12:05.325 -07:00 [INF] Executed DbCommand (0ms) [Parameters=[@p0='?' (DbType = Int32), @p1='?' (Size = 2), @p2='?' (DbType = Int32), @p3='?' (Size = 11), @p4='?' (DbType = Boolean), @p5='?' (DbType = Int32), @p6='?'], CommandType='"Text"', CommandTimeout='30']
INSERT INTO "DxccEntities" ("EntityCode", "Continent", "CqZone", "EntityName", "IsDeleted", "ItuZone", "Notes")
VALUES (@p0, @p1, @p2, @p3, @p4, @p5, @p6);
2026-08-07 15:12:05.325 -07:00 [INF] Executed DbCommand (0ms) [Parameters=[@p0='?' (DbType = Int32), @p1='?' (Size = 2), @p2='?' (DbType = Int32), @p3='?' (Size = 12), @p4='?' (DbType = Boolean), @p5='?' (DbType = Int32), @p6='?'], CommandType='"Text"', CommandTimeout='30']
INSERT INTO "DxccEntities" ("EntityCode", "Continent", "CqZone", "EntityName", "IsDeleted", "ItuZone", "Notes")
VALUES (@p0, @p1, @p2, @p3, @p4, @p5, @p6);
2026-08-07 15:12:05.325 -07:00 [INF] Executed DbCommand (0ms) [Parameters=[@p0='?' (DbType = Int32), @p1='?' (Size = 2), @p2='?' (DbType = Int32), @p3='?' (Size = 11), @p4='?' (DbType = Boolean), @p5='?' (DbType = Int32), @p6='?'], CommandType='"Text"', CommandTimeout='30']
INSERT INTO "DxccEntities" ("EntityCode", "Continent", "CqZone", "EntityName", "IsDeleted", "ItuZone", "Notes")
VALUES (@p0, @p1, @p2, @p3, @p4, @p5, @p6);
2026-08-07 15:12:05.326 -07:00 [INF] Executed DbCommand (0ms) [Parameters=[@p0='?' (DbType = Int32), @p1='?' (Size = 2), @p2='?' (DbType = Int32), @p3='?' (Size = 10), @p4='?' (DbType = Boolean), @p5='?' (DbType = Int32), @p6='?'], CommandType='"Text"', CommandTimeout='30']
INSERT INTO "DxccEntities" ("EntityCode", "Continent", "CqZone", "EntityName", "IsDeleted", "ItuZone", "Notes")
VALUES (@p0, @p1, @p2, @p3, @p4, @p5, @p6);
2026-08-07 15:12:05.326 -07:00 [INF] Executed DbCommand (0ms) [Parameters=[@p0='?' (DbType = Int32), @p1='?' (Size = 2), @p2='?' (DbType = Int32), @p3='?' (Size = 9), @p4='?' (DbType = Boolean), @p5='?' (DbType = Int32), @p6='?'], CommandType='"Text"', CommandTimeout='30']
INSERT INTO "DxccEntities" ("EntityCode", "Continent", "CqZone", "EntityName", "IsDeleted", "ItuZone", "Notes")
VALUES (@p0, @p1, @p2, @p3, @p4, @p5, @p6);
2026-08-07 15:12:05.326 -07:00 [INF] Executed DbCommand (0ms) [Parameters=[@p0='?' (DbType = Int32), @p1='?' (Size = 2), @p2='?' (DbType = Int32), @p3='?' (Size = 16), @p4='?' (DbType = Boolean), @p5='?' (DbType = Int32), @p6='?'], CommandType='"Text"', CommandTimeout='30']
INSERT INTO "DxccEntities" ("EntityCode", "Continent", "CqZone", "EntityName", "IsDeleted", "ItuZone", "Notes")
VALUES (@p0, @p1, @p2, @p3, @p4, @p5, @p6);
2026-08-07 15:12:05.326 -07:00 [INF] Executed DbCommand (0ms) [Parameters=[@p0='?' (DbType = Int32), @p1='?' (Size = 2), @p2='?' (DbType = Int32), @p3='?' (Size = 4), @p4='?' (DbType = Boolean), @p5='?' (DbType = Int32), @p6='?'], CommandType='"Text"', CommandTimeout='30']
INSERT INTO "DxccEntities" ("EntityCode", "Continent", "CqZone", "EntityName", "IsDeleted", "ItuZone", "Notes")
VALUES (@p0, @p1, @p2, @p3, @p4, @p5, @p6);
2026-08-07 15:12:05.326 -07:00 [INF] Executed DbCommand (0ms) [Parameters=[@p0='?' (DbType = Int32), @p1='?' (Size = 2), @p2='?' (DbType = Int32), @p3='?' (Size = 16), @p4='?' (DbType = Boolean), @p5='?' (DbType = Int32), @p6='?'], CommandType='"Text"', CommandTimeout='30']
INSERT INTO "DxccEntities" ("EntityCode", "Continent", "CqZone", "EntityName", "IsDeleted", "ItuZone", "Notes")
VALUES (@p0, @p1, @p2, @p3, @p4, @p5, @p6);
2026-08-07 15:12:05.326 -07:00 [INF] Executed DbCommand (0ms) [Parameters=[@p0='?' (DbType = Int32), @p1='?' (Size = 2), @p2='?' (DbType = Int32), @p3='?' (Size = 7), @p4='?' (DbType = Boolean), @p5='?' (DbType = Int32), @p6='?'], CommandType='"Text"', CommandTimeout='30']
INSERT INTO "DxccEntities" ("EntityCode", "Continent", "CqZone", "EntityName", "IsDeleted", "ItuZone", "Notes")
VALUES (@p0, @p1, @p2, @p3, @p4, @p5, @p6);
2026-08-07 15:12:05.326 -07:00 [INF] Executed DbCommand (0ms) [Parameters=[@p0='?' (DbType = Int32), @p1='?' (Size = 2), @p2='?' (DbType = Int32), @p3='?' (Size = 11), @p4='?' (DbType = Boolean), @p5='?' (DbType = Int32), @p6='?'], CommandType='"Text"', CommandTimeout='30']
INSERT INTO "DxccEntities" ("EntityCode", "Continent", "CqZone", "EntityName", "IsDeleted", "ItuZone", "Notes")
VALUES (@p0, @p1, @p2, @p3, @p4, @p5, @p6);
2026-08-07 15:12:05.326 -07:00 [INF] Executed DbCommand (0ms) [Parameters=[@p0='?' (DbType = Int32), @p1='?' (Size = 2), @p2='?' (DbType = Int32), @p3='?' (Size = 10), @p4='?' (DbType = Boolean), @p5='?' (DbType = Int32), @p6='?'], CommandType='"Text"', CommandTimeout='30']
INSERT INTO "DxccEntities" ("EntityCode", "Continent", "CqZone", "EntityName", "IsDeleted", "ItuZone", "Notes")
VALUES (@p0, @p1, @p2, @p3, @p4, @p5, @p6);
2026-08-07 15:12:05.326 -07:00 [INF] Executed DbCommand (0ms) [Parameters=[@p0='?' (DbType = Int32), @p1='?' (Size = 2), @p2='?' (DbType = Int32), @p3='?' (Size = 10), @p4='?' (DbType = Boolean), @p5='?' (DbType = Int32), @p6='?'], CommandType='"Text"', CommandTimeout='30']
INSERT INTO "DxccEntities" ("EntityCode", "Continent", "CqZone", "EntityName", "IsDeleted", "ItuZone", "Notes")
VALUES (@p0, @p1, @p2, @p3, @p4, @p5, @p6);
2026-08-07 15:12:05.326 -07:00 [INF] Executed DbCommand (0ms) [Parameters=[@p0='?' (DbType = Int32), @p1='?' (Size = 2), @p2='?' (DbType = Int32), @p3='?' (Size = 11), @p4='?' (DbType = Boolean), @p5='?' (DbType = Int32), @p6='?'], CommandType='"Text"', CommandTimeout='30']
INSERT INTO "DxccEntities" ("EntityCode", "Continent", "CqZone", "EntityName", "IsDeleted", "ItuZone", "Notes")
VALUES (@p0, @p1, @p2, @p3, @p4, @p5, @p6);
2026-08-07 15:12:05.326 -07:00 [INF] Executed DbCommand (0ms) [Parameters=[@p0='?' (DbType = Int32), @p1='?' (Size = 2), @p2='?' (DbType = Int32), @p3='?' (Size = 5), @p4='?' (DbType = Boolean), @p5='?' (DbType = Int32), @p6='?'], CommandType='"Text"', CommandTimeout='30']
INSERT INTO "DxccEntities" ("EntityCode", "Continent", "CqZone", "EntityName", "IsDeleted", "ItuZone", "Notes")
VALUES (@p0, @p1, @p2, @p3, @p4, @p5, @p6);
2026-08-07 15:12:05.326 -07:00 [INF] Executed DbCommand (0ms) [Parameters=[@p0='?' (DbType = Int32), @p1='?' (Size = 2), @p2='?' (DbType = Int32), @p3='?' (Size = 4), @p4='?' (DbType = Boolean), @p5='?' (DbType = Int32), @p6='?'], CommandType='"Text"', CommandTimeout='30']
INSERT INTO "DxccEntities" ("EntityCode", "Continent", "CqZone", "EntityName", "IsDeleted", "ItuZone", "Notes")
VALUES (@p0, @p1, @p2, @p3, @p4, @p5, @p6);
2026-08-07 15:12:05.326 -07:00 [INF] Executed DbCommand (0ms) [Parameters=[@p0='?' (DbType = Int32), @p1='?' (Size = 2), @p2='?' (DbType = Int32), @p3='?' (Size = 10), @p4='?' (DbType = Boolean), @p5='?' (DbType = Int32), @p6='?'], CommandType='"Text"', CommandTimeout='30']
INSERT INTO "DxccEntities" ("EntityCode", "Continent", "CqZone", "EntityName", "IsDeleted", "ItuZone", "Notes")
VALUES (@p0, @p1, @p2, @p3, @p4, @p5, @p6);
2026-08-07 15:12:05.326 -07:00 [INF] Executed DbCommand (0ms) [Parameters=[@p0='?' (DbType = Int32), @p1='?' (Size = 2), @p2='?' (DbType = Int32), @p3='?' (Size = 5), @p4='?' (DbType = Boolean), @p5='?' (DbType = Int32), @p6='?'], CommandType='"Text"', CommandTimeout='30']
INSERT INTO "DxccEntities" ("EntityCode", "Continent", "CqZone", "EntityName", "IsDeleted", "ItuZone", "Notes")
VALUES (@p0, @p1, @p2, @p3, @p4, @p5, @p6);
2026-08-07 15:12:05.326 -07:00 [INF] Executed DbCommand (0ms) [Parameters=[@p0='?' (DbType = Int32), @p1='?' (Size = 2), @p2='?' (DbType = Int32), @p3='?' (Size = 14), @p4='?' (DbType = Boolean), @p5='?' (DbType = Int32), @p6='?'], CommandType='"Text"', CommandTimeout='30']
INSERT INTO "DxccEntities" ("EntityCode", "Continent", "CqZone", "EntityName", "IsDeleted", "ItuZone", "Notes")
VALUES (@p0, @p1, @p2, @p3, @p4, @p5, @p6);
2026-08-07 15:12:05.326 -07:00 [INF] Executed DbCommand (0ms) [Parameters=[@p0='?' (DbType = Int32), @p1='?' (Size = 2), @p2='?' (DbType = Int32), @p3='?' (Size = 9), @p4='?' (DbType = Boolean), @p5='?' (DbType = Int32), @p6='?'], CommandType='"Text"', CommandTimeout='30']
INSERT INTO "DxccEntities" ("EntityCode", "Continent", "CqZone", "EntityName", "IsDeleted", "ItuZone", "Notes")
VALUES (@p0, @p1, @p2, @p3, @p4, @p5, @p6);
2026-08-07 15:12:05.326 -07:00 [INF] Executed DbCommand (0ms) [Parameters=[@p0='?' (DbType = Int32), @p1='?' (Size = 2), @p2='?' (DbType = Int32), @p3='?' (Size = 10), @p4='?' (DbType = Boolean), @p5='?' (DbType = Int32), @p6='?'], CommandType='"Text"', CommandTimeout='30']
INSERT INTO "DxccEntities" ("EntityCode", "Continent", "CqZone", "EntityName", "IsDeleted", "ItuZone", "Notes")
VALUES (@p0, @p1, @p2, @p3, @p4, @p5, @p6);
2026-08-07 15:12:05.326 -07:00 [INF] Executed DbCommand (0ms) [Parameters=[@p0='?' (DbType = Int32), @p1='?' (Size = 2), @p2='?' (DbType = Int32), @p3='?' (Size = 20), @p4='?' (DbType = Boolean), @p5='?' (DbType = Int32), @p6='?'], CommandType='"Text"', CommandTimeout='30']
INSERT INTO "DxccEntities" ("EntityCode", "Continent", "CqZone", "EntityName", "IsDeleted", "ItuZone", "Notes")
VALUES (@p0, @p1, @p2, @p3, @p4, @p5, @p6);
2026-08-07 15:12:05.326 -07:00 [INF] Executed DbCommand (0ms) [Parameters=[@p0='?' (DbType = Int32), @p1='?' (Size = 2), @p2='?' (DbType = Int32), @p3='?' (Size = 10), @p4='?' (DbType = Boolean), @p5='?' (DbType = Int32), @p6='?'], CommandType='"Text"', CommandTimeout='30']
INSERT INTO "DxccEntities" ("EntityCode", "Continent", "CqZone", "EntityName", "IsDeleted", "ItuZone", "Notes")
VALUES (@p0, @p1, @p2, @p3, @p4, @p5, @p6);
2026-08-07 15:12:05.326 -07:00 [INF] Executed DbCommand (0ms) [Parameters=[@p0='?' (DbType = Int32), @p1='?' (Size = 2), @p2='?' (DbType = Int32), @p3='?' (Size = 26), @p4='?' (DbType = Boolean), @p5='?' (DbType = Int32), @p6='?'], CommandType='"Text"', CommandTimeout='30']
INSERT INTO "DxccEntities" ("EntityCode", "Continent", "CqZone", "EntityName", "IsDeleted", "ItuZone", "Notes")
VALUES (@p0, @p1, @p2, @p3, @p4, @p5, @p6);
2026-08-07 15:12:05.326 -07:00 [INF] Executed DbCommand (0ms) [Parameters=[@p0='?' (DbType = Int32), @p1='?' (Size = 2), @p2='?' (DbType = Int32), @p3='?' (Size = 11), @p4='?' (DbType = Boolean), @p5='?' (DbType = Int32), @p6='?'], CommandType='"Text"', CommandTimeout='30']
INSERT INTO "DxccEntities" ("EntityCode", "Continent", "CqZone", "EntityName", "IsDeleted", "ItuZone", "Notes")
VALUES (@p0, @p1, @p2, @p3, @p4, @p5, @p6);
2026-08-07 15:12:05.326 -07:00 [INF] Executed DbCommand (0ms) [Parameters=[@p0='?' (DbType = Int32), @p1='?' (Size = 2), @p2='?' (DbType = Int32), @p3='?' (Size = 7), @p4='?' (DbType = Boolean), @p5='?' (DbType = Int32), @p6='?'], CommandType='"Text"', CommandTimeout='30']
INSERT INTO "DxccEntities" ("EntityCode", "Continent", "CqZone", "EntityName", "IsDeleted", "ItuZone", "Notes")
VALUES (@p0, @p1, @p2, @p3, @p4, @p5, @p6);
2026-08-07 15:12:05.326 -07:00 [INF] Executed DbCommand (0ms) [Parameters=[@p0='?' (DbType = Int32), @p1='?' (Size = 2), @p2='?' (DbType = Int32), @p3='?' (Size = 13), @p4='?' (DbType = Boolean), @p5='?' (DbType = Int32), @p6='?'], CommandType='"Text"', CommandTimeout='30']
INSERT INTO "DxccEntities" ("EntityCode", "Continent", "CqZone", "EntityName", "IsDeleted", "ItuZone", "Notes")
VALUES (@p0, @p1, @p2, @p3, @p4, @p5, @p6);
2026-08-07 15:12:05.326 -07:00 [INF] Executed DbCommand (0ms) [Parameters=[@p0='?' (DbType = Int32), @p1='?' (Size = 2), @p2='?' (DbType = Int32), @p3='?' (Size = 12), @p4='?' (DbType = Boolean), @p5='?' (DbType = Int32), @p6='?'], CommandType='"Text"', CommandTimeout='30']
INSERT INTO "DxccEntities" ("EntityCode", "Continent", "CqZone", "EntityName", "IsDeleted", "ItuZone", "Notes")
VALUES (@p0, @p1, @p2, @p3, @p4, @p5, @p6);
2026-08-07 15:12:05.326 -07:00 [INF] Executed DbCommand (0ms) [Parameters=[@p0='?' (DbType = Int32), @p1='?' (Size = 2), @p2='?' (DbType = Int32), @p3='?' (Size = 7), @p4='?' (DbType = Boolean), @p5='?' (DbType = Int32), @p6='?'], CommandType='"Text"', CommandTimeout='30']
INSERT INTO "DxccEntities" ("EntityCode", "Continent", "CqZone", "EntityName", "IsDeleted", "ItuZone", "Notes")
VALUES (@p0, @p1, @p2, @p3, @p4, @p5, @p6);
2026-08-07 15:12:05.326 -07:00 [INF] Executed DbCommand (0ms) [Parameters=[@p0='?' (DbType = Int32), @p1='?' (Size = 2), @p2='?' (DbType = Int32), @p3='?' (Size = 12), @p4='?' (DbType = Boolean), @p5='?' (DbType = Int32), @p6='?'], CommandType='"Text"', CommandTimeout='30']
INSERT INTO "DxccEntities" ("EntityCode", "Continent", "CqZone", "EntityName", "IsDeleted", "ItuZone", "Notes")
VALUES (@p0, @p1, @p2, @p3, @p4, @p5, @p6);
2026-08-07 15:12:05.326 -07:00 [INF] Executed DbCommand (0ms) [Parameters=[@p0='?' (DbType = Int32), @p1='?' (Size = 2), @p2='?' (DbType = Int32), @p3='?' (Size = 7), @p4='?' (DbType = Boolean), @p5='?' (DbType = Int32), @p6='?'], CommandType='"Text"', CommandTimeout='30']
INSERT INTO "DxccEntities" ("EntityCode", "Continent", "CqZone", "EntityName", "IsDeleted", "ItuZone", "Notes")
VALUES (@p0, @p1, @p2, @p3, @p4, @p5, @p6);
2026-08-07 15:12:05.326 -07:00 [INF] Executed DbCommand (0ms) [Parameters=[@p0='?' (DbType = Int32), @p1='?' (Size = 2), @p2='?' (DbType = Int32), @p3='?' (Size = 8), @p4='?' (DbType = Boolean), @p5='?' (DbType = Int32), @p6='?'], CommandType='"Text"', CommandTimeout='30']
INSERT INTO "DxccEntities" ("EntityCode", "Continent", "CqZone", "EntityName", "IsDeleted", "ItuZone", "Notes")
VALUES (@p0, @p1, @p2, @p3, @p4, @p5, @p6);
2026-08-07 15:12:05.326 -07:00 [INF] Executed DbCommand (0ms) [Parameters=[@p0='?' (DbType = Int32), @p1='?' (Size = 2), @p2='?' (DbType = Int32), @p3='?' (Size = 12), @p4='?' (DbType = Boolean), @p5='?' (DbType = Int32), @p6='?'], CommandType='"Text"', CommandTimeout='30']
INSERT INTO "DxccEntities" ("EntityCode", "Continent", "CqZone", "EntityName", "IsDeleted", "ItuZone", "Notes")
VALUES (@p0, @p1, @p2, @p3, @p4, @p5, @p6);
2026-08-07 15:12:05.326 -07:00 [INF] Executed DbCommand (0ms) [Parameters=[@p0='?' (DbType = Int32), @p1='?' (Size = 2), @p2='?' (DbType = Int32), @p3='?' (Size = 7), @p4='?' (DbType = Boolean), @p5='?' (DbType = Int32), @p6='?'], CommandType='"Text"', CommandTimeout='30']
INSERT INTO "DxccEntities" ("EntityCode", "Continent", "CqZone", "EntityName", "IsDeleted", "ItuZone", "Notes")
VALUES (@p0, @p1, @p2, @p3, @p4, @p5, @p6);
2026-08-07 15:12:05.326 -07:00 [INF] Executed DbCommand (0ms) [Parameters=[@p0='?' (DbType = Int32), @p1='?' (Size = 2), @p2='?' (DbType = Int32), @p3='?' (Size = 6), @p4='?' (DbType = Boolean), @p5='?' (DbType = Int32), @p6='?'], CommandType='"Text"', CommandTimeout='30']
INSERT INTO "DxccEntities" ("EntityCode", "Continent", "CqZone", "EntityName", "IsDeleted", "ItuZone", "Notes")
VALUES (@p0, @p1, @p2, @p3, @p4, @p5, @p6);
2026-08-07 15:12:05.326 -07:00 [INF] Executed DbCommand (0ms) [Parameters=[@p0='?' (DbType = Int32), @p1='?' (Size = 2), @p2='?' (DbType = Int32), @p3='?' (Size = 24), @p4='?' (DbType = Boolean), @p5='?' (DbType = Int32), @p6='?'], CommandType='"Text"', CommandTimeout='30']
INSERT INTO "DxccEntities" ("EntityCode", "Continent", "CqZone", "EntityName", "IsDeleted", "ItuZone", "Notes")
VALUES (@p0, @p1, @p2, @p3, @p4, @p5, @p6);
2026-08-07 15:12:05.326 -07:00 [INF] Executed DbCommand (0ms) [Parameters=[@p0='?' (DbType = Int32), @p1='?' (Size = 2), @p2='?' (DbType = Int32), @p3='?' (Size = 24), @p4='?' (DbType = Boolean), @p5='?' (DbType = Int32), @p6='?'], CommandType='"Text"', CommandTimeout='30']
INSERT INTO "DxccEntities" ("EntityCode", "Continent", "CqZone", "EntityName", "IsDeleted", "ItuZone", "Notes")
VALUES (@p0, @p1, @p2, @p3, @p4, @p5, @p6);
2026-08-07 15:12:05.326 -07:00 [INF] Executed DbCommand (0ms) [Parameters=[@p0='?' (DbType = Int32), @p1='?' (Size = 2), @p2='?' (DbType = Int32), @p3='?' (Size = 19), @p4='?' (DbType = Boolean), @p5='?' (DbType = Int32), @p6='?'], CommandType='"Text"', CommandTimeout='30']
INSERT INTO "DxccEntities" ("EntityCode", "Continent", "CqZone", "EntityName", "IsDeleted", "ItuZone", "Notes")
VALUES (@p0, @p1, @p2, @p3, @p4, @p5, @p6);
2026-08-07 15:12:05.326 -07:00 [INF] Executed DbCommand (0ms) [Parameters=[@p0='?' (DbType = Int32), @p1='?' (Size = 2), @p2='?' (DbType = Int32), @p3='?' (Size = 7), @p4='?' (DbType = Boolean), @p5='?' (DbType = Int32), @p6='?'], CommandType='"Text"', CommandTimeout='30']
INSERT INTO "DxccEntities" ("EntityCode", "Continent", "CqZone", "EntityName", "IsDeleted", "ItuZone", "Notes")
VALUES (@p0, @p1, @p2, @p3, @p4, @p5, @p6);
2026-08-07 15:12:05.326 -07:00 [INF] Executed DbCommand (0ms) [Parameters=[@p0='?' (DbType = Int32), @p1='?' (Size = 2), @p2='?' (DbType = Int32), @p3='?' (Size = 9), @p4='?' (DbType = Boolean), @p5='?' (DbType = Int32), @p6='?'], CommandType='"Text"', CommandTimeout='30']
INSERT INTO "DxccEntities" ("EntityCode", "Continent", "CqZone", "EntityName", "IsDeleted", "ItuZone", "Notes")
VALUES (@p0, @p1, @p2, @p3, @p4, @p5, @p6);
2026-08-07 15:12:05.326 -07:00 [INF] Executed DbCommand (0ms) [Parameters=[@p0='?' (DbType = Int32), @p1='?' (Size = 2), @p2='?' (DbType = Int32), @p3='?' (Size = 7), @p4='?' (DbType = Boolean), @p5='?' (DbType = Int32), @p6='?'], CommandType='"Text"', CommandTimeout='30']
INSERT INTO "DxccEntities" ("EntityCode", "Continent", "CqZone", "EntityName", "IsDeleted", "ItuZone", "Notes")
VALUES (@p0, @p1, @p2, @p3, @p4, @p5, @p6);
2026-08-07 15:12:05.326 -07:00 [INF] Executed DbCommand (0ms) [Parameters=[@p0='?' (DbType = Int32), @p1='?' (Size = 2), @p2='?' (DbType = Int32), @p3='?' (Size = 7), @p4='?' (DbType = Boolean), @p5='?' (DbType = Int32), @p6='?'], CommandType='"Text"', CommandTimeout='30']
INSERT INTO "DxccEntities" ("EntityCode", "Continent", "CqZone", "EntityName", "IsDeleted", "ItuZone", "Notes")
VALUES (@p0, @p1, @p2, @p3, @p4, @p5, @p6);
2026-08-07 15:12:05.326 -07:00 [INF] Executed DbCommand (0ms) [Parameters=[@p0='?' (DbType = Int32), @p1='?' (Size = 2), @p2='?' (DbType = Int32), @p3='?' (Size = 8), @p4='?' (DbType = Boolean), @p5='?' (DbType = Int32), @p6='?'], CommandType='"Text"', CommandTimeout='30']
INSERT INTO "DxccEntities" ("EntityCode", "Continent", "CqZone", "EntityName", "IsDeleted", "ItuZone", "Notes")
VALUES (@p0, @p1, @p2, @p3, @p4, @p5, @p6);
2026-08-07 15:12:05.326 -07:00 [INF] Executed DbCommand (0ms) [Parameters=[@p0='?' (DbType = Int32), @p1='?' (Size = 2), @p2='?' (DbType = Int32), @p3='?' (Size = 6), @p4='?' (DbType = Boolean), @p5='?' (DbType = Int32), @p6='?'], CommandType='"Text"', CommandTimeout='30']
INSERT INTO "DxccEntities" ("EntityCode", "Continent", "CqZone", "EntityName", "IsDeleted", "ItuZone", "Notes")
VALUES (@p0, @p1, @p2, @p3, @p4, @p5, @p6);
2026-08-07 15:12:05.327 -07:00 [INF] Executed DbCommand (0ms) [Parameters=[@p0='?' (DbType = Int32), @p1='?' (Size = 2), @p2='?' (DbType = Int32), @p3='?' (Size = 27), @p4='?' (DbType = Boolean), @p5='?' (DbType = Int32), @p6='?'], CommandType='"Text"', CommandTimeout='30']
INSERT INTO "DxccEntities" ("EntityCode", "Continent", "CqZone", "EntityName", "IsDeleted", "ItuZone", "Notes")
VALUES (@p0, @p1, @p2, @p3, @p4, @p5, @p6);
2026-08-07 15:12:05.327 -07:00 [INF] Executed DbCommand (0ms) [Parameters=[@p0='?' (DbType = Int32), @p1='?' (Size = 2), @p2='?' (DbType = Int32), @p3='?' (Size = 7), @p4='?' (DbType = Boolean), @p5='?' (DbType = Int32), @p6='?'], CommandType='"Text"', CommandTimeout='30']
INSERT INTO "DxccEntities" ("EntityCode", "Continent", "CqZone", "EntityName", "IsDeleted", "ItuZone", "Notes")
VALUES (@p0, @p1, @p2, @p3, @p4, @p5, @p6);
2026-08-07 15:12:05.327 -07:00 [INF] Executed DbCommand (0ms) [Parameters=[@p0='?' (DbType = Int32), @p1='?' (Size = 2), @p2='?' (DbType = Int32), @p3='?' (Size = 9), @p4='?' (DbType = Boolean), @p5='?' (DbType = Int32), @p6='?'], CommandType='"Text"', CommandTimeout='30']
INSERT INTO "DxccEntities" ("EntityCode", "Continent", "CqZone", "EntityName", "IsDeleted", "ItuZone", "Notes")
VALUES (@p0, @p1, @p2, @p3, @p4, @p5, @p6);
2026-08-07 15:12:05.327 -07:00 [INF] Executed DbCommand (0ms) [Parameters=[@p0='?' (DbType = Int32), @p1='?' (Size = 2), @p2='?' (DbType = Int32), @p3='?' (Size = 14), @p4='?' (DbType = Boolean), @p5='?' (DbType = Int32), @p6='?'], CommandType='"Text"', CommandTimeout='30']
INSERT INTO "DxccEntities" ("EntityCode", "Continent", "CqZone", "EntityName", "IsDeleted", "ItuZone", "Notes")
VALUES (@p0, @p1, @p2, @p3, @p4, @p5, @p6);
2026-08-07 15:12:05.327 -07:00 [INF] Executed DbCommand (0ms) [Parameters=[@p0='?' (DbType = Int32), @p1='?' (Size = 2), @p2='?' (DbType = Int32), @p3='?' (Size = 16), @p4='?' (DbType = Boolean), @p5='?' (DbType = Int32), @p6='?'], CommandType='"Text"', CommandTimeout='30']
INSERT INTO "DxccEntities" ("EntityCode", "Continent", "CqZone", "EntityName", "IsDeleted", "ItuZone", "Notes")
VALUES (@p0, @p1, @p2, @p3, @p4, @p5, @p6);
2026-08-07 15:12:05.327 -07:00 [INF] Executed DbCommand (0ms) [Parameters=[@p0='?' (DbType = Int32), @p1='?' (Size = 2), @p2='?' (DbType = Int32), @p3='?' (Size = 6), @p4='?' (DbType = Boolean), @p5='?' (DbType = Int32), @p6='?'], CommandType='"Text"', CommandTimeout='30']
INSERT INTO "DxccEntities" ("EntityCode", "Continent", "CqZone", "EntityName", "IsDeleted", "ItuZone", "Notes")
VALUES (@p0, @p1, @p2, @p3, @p4, @p5, @p6);
2026-08-07 15:12:05.327 -07:00 [INF] Executed DbCommand (0ms) [Parameters=[@p0='?' (DbType = Int32), @p1='?' (Size = 2), @p2='?' (DbType = Int32), @p3='?' (Size = 9), @p4='?' (DbType = Boolean), @p5='?' (DbType = Int32), @p6='?'], CommandType='"Text"', CommandTimeout='30']
INSERT INTO "DxccEntities" ("EntityCode", "Continent", "CqZone", "EntityName", "IsDeleted", "ItuZone", "Notes")
VALUES (@p0, @p1, @p2, @p3, @p4, @p5, @p6);
2026-08-07 15:12:05.327 -07:00 [INF] Executed DbCommand (0ms) [Parameters=[@p0='?' (DbType = Int32), @p1='?' (Size = 2), @p2='?' (DbType = Int32), @p3='?' (Size = 16), @p4='?' (DbType = Boolean), @p5='?' (DbType = Int32), @p6='?'], CommandType='"Text"', CommandTimeout='30']
INSERT INTO "DxccEntities" ("EntityCode", "Continent", "CqZone", "EntityName", "IsDeleted", "ItuZone", "Notes")
VALUES (@p0, @p1, @p2, @p3, @p4, @p5, @p6);
2026-08-07 15:12:05.327 -07:00 [INF] Executed DbCommand (0ms) [Parameters=[@p0='?' (DbType = Int32), @p1='?' (Size = 2), @p2='?' (DbType = Int32), @p3='?' (Size = 7), @p4='?' (DbType = Boolean), @p5='?' (DbType = Int32), @p6='?'], CommandType='"Text"', CommandTimeout='30']
INSERT INTO "DxccEntities" ("EntityCode", "Continent", "CqZone", "EntityName", "IsDeleted", "ItuZone", "Notes")
VALUES (@p0, @p1, @p2, @p3, @p4, @p5, @p6);
2026-08-07 15:12:05.327 -07:00 [INF] Executed DbCommand (0ms) [Parameters=[@p0='?' (DbType = Int32), @p1='?' (Size = 2), @p2='?' (DbType = Int32), @p3='?' (Size = 18), @p4='?' (DbType = Boolean), @p5='?' (DbType = Int32), @p6='?'], CommandType='"Text"', CommandTimeout='30']
INSERT INTO "DxccEntities" ("EntityCode", "Continent", "CqZone", "EntityName", "IsDeleted", "ItuZone", "Notes")
VALUES (@p0, @p1, @p2, @p3, @p4, @p5, @p6);
2026-08-07 15:12:05.327 -07:00 [INF] Executed DbCommand (0ms) [Parameters=[@p0='?' (DbType = Int32), @p1='?' (Size = 2), @p2='?' (DbType = Int32), @p3='?' (Size = 18), @p4='?' (DbType = Boolean), @p5='?' (DbType = Int32), @p6='?'], CommandType='"Text"', CommandTimeout='30']
INSERT INTO "DxccEntities" ("EntityCode", "Continent", "CqZone", "EntityName", "IsDeleted", "ItuZone", "Notes")
VALUES (@p0, @p1, @p2, @p3, @p4, @p5, @p6);
2026-08-07 15:12:05.327 -07:00 [INF] Executed DbCommand (0ms) [Parameters=[@p0='?' (DbType = Int32), @p1='?' (Size = 2), @p2='?' (DbType = Int32), @p3='?' (Size = 7), @p4='?' (DbType = Boolean), @p5='?' (DbType = Int32), @p6='?'], CommandType='"Text"', CommandTimeout='30']
INSERT INTO "DxccEntities" ("EntityCode", "Continent", "CqZone", "EntityName", "IsDeleted", "ItuZone", "Notes")
VALUES (@p0, @p1, @p2, @p3, @p4, @p5, @p6);
2026-08-07 15:12:05.327 -07:00 [INF] Executed DbCommand (0ms) [Parameters=[@p0='?' (DbType = Int32), @p1='?' (Size = 2), @p2='?' (DbType = Int32), @p3='?' (Size = 7), @p4='?' (DbType = Boolean), @p5='?' (DbType = Int32), @p6='?'], CommandType='"Text"', CommandTimeout='30']
INSERT INTO "DxccEntities" ("EntityCode", "Continent", "CqZone", "EntityName", "IsDeleted", "ItuZone", "Notes")
VALUES (@p0, @p1, @p2, @p3, @p4, @p5, @p6);
2026-08-07 15:12:05.327 -07:00 [INF] Executed DbCommand (0ms) [Parameters=[@p0='?' (DbType = Int32), @p1='?' (Size = 2), @p2='?' (DbType = Int32), @p3='?' (Size = 33), @p4='?' (DbType = Boolean), @p5='?' (DbType = Int32), @p6='?'], CommandType='"Text"', CommandTimeout='30']
INSERT INTO "DxccEntities" ("EntityCode", "Continent", "CqZone", "EntityName", "IsDeleted", "ItuZone", "Notes")
VALUES (@p0, @p1, @p2, @p3, @p4, @p5, @p6);
2026-08-07 15:12:05.327 -07:00 [INF] Executed DbCommand (0ms) [Parameters=[@p0='?' (DbType = Int32), @p1='?' (Size = 2), @p2='?' (DbType = Int32), @p3='?' (Size = 11), @p4='?' (DbType = Boolean), @p5='?' (DbType = Int32), @p6='?'], CommandType='"Text"', CommandTimeout='30']
INSERT INTO "DxccEntities" ("EntityCode", "Continent", "CqZone", "EntityName", "IsDeleted", "ItuZone", "Notes")
VALUES (@p0, @p1, @p2, @p3, @p4, @p5, @p6);
2026-08-07 15:12:05.327 -07:00 [INF] Executed DbCommand (0ms) [Parameters=[@p0='?' (DbType = Int32), @p1='?' (Size = 2), @p2='?' (DbType = Int32), @p3='?' (Size = 5), @p4='?' (DbType = Boolean), @p5='?' (DbType = Int32), @p6='?'], CommandType='"Text"', CommandTimeout='30']
INSERT INTO "DxccEntities" ("EntityCode", "Continent", "CqZone", "EntityName", "IsDeleted", "ItuZone", "Notes")
VALUES (@p0, @p1, @p2, @p3, @p4, @p5, @p6);
2026-08-07 15:12:05.327 -07:00 [INF] Executed DbCommand (0ms) [Parameters=[@p0='?' (DbType = Int32), @p1='?' (Size = 2), @p2='?' (DbType = Int32), @p3='?' (Size = 17), @p4='?' (DbType = Boolean), @p5='?' (DbType = Int32), @p6='?'], CommandType='"Text"', CommandTimeout='30']
INSERT INTO "DxccEntities" ("EntityCode", "Continent", "CqZone", "EntityName", "IsDeleted", "ItuZone", "Notes")
VALUES (@p0, @p1, @p2, @p3, @p4, @p5, @p6);
2026-08-07 15:12:05.327 -07:00 [INF] Executed DbCommand (0ms) [Parameters=[@p0='?' (DbType = Int32), @p1='?' (Size = 2), @p2='?' (DbType = Int32), @p3='?' (Size = 10), @p4='?' (DbType = Boolean), @p5='?' (DbType = Int32), @p6='?'], CommandType='"Text"', CommandTimeout='30']
INSERT INTO "DxccEntities" ("EntityCode", "Continent", "CqZone", "EntityName", "IsDeleted", "ItuZone", "Notes")
VALUES (@p0, @p1, @p2, @p3, @p4, @p5, @p6);
2026-08-07 15:12:05.327 -07:00 [INF] Executed DbCommand (0ms) [Parameters=[@p0='?' (DbType = Int32), @p1='?' (Size = 2), @p2='?' (DbType = Int32), @p3='?' (Size = 13), @p4='?' (DbType = Boolean), @p5='?' (DbType = Int32), @p6='?'], CommandType='"Text"', CommandTimeout='30']
INSERT INTO "DxccEntities" ("EntityCode", "Continent", "CqZone", "EntityName", "IsDeleted", "ItuZone", "Notes")
VALUES (@p0, @p1, @p2, @p3, @p4, @p5, @p6);
2026-08-07 15:12:05.327 -07:00 [INF] Executed DbCommand (0ms) [Parameters=[@p0='?' (DbType = Int32), @p1='?' (Size = 2), @p2='?' (DbType = Int32), @p3='?' (Size = 11), @p4='?' (DbType = Boolean), @p5='?' (DbType = Int32), @p6='?'], CommandType='"Text"', CommandTimeout='30']
INSERT INTO "DxccEntities" ("EntityCode", "Continent", "CqZone", "EntityName", "IsDeleted", "ItuZone", "Notes")
VALUES (@p0, @p1, @p2, @p3, @p4, @p5, @p6);
2026-08-07 15:12:05.327 -07:00 [INF] Executed DbCommand (0ms) [Parameters=[@p0='?' (DbType = Int32), @p1='?' (Size = 2), @p2='?' (DbType = Int32), @p3='?' (Size = 26), @p4='?' (DbType = Boolean), @p5='?' (DbType = Int32), @p6='?'], CommandType='"Text"', CommandTimeout='30']
INSERT INTO "DxccEntities" ("EntityCode", "Continent", "CqZone", "EntityName", "IsDeleted", "ItuZone", "Notes")
VALUES (@p0, @p1, @p2, @p3, @p4, @p5, @p6);
2026-08-07 15:12:05.327 -07:00 [INF] Executed DbCommand (0ms) [Parameters=[@p0='?' (DbType = Int32), @p1='?' (Size = 2), @p2='?' (DbType = Int32), @p3='?' (Size = 10), @p4='?' (DbType = Boolean), @p5='?' (DbType = Int32), @p6='?'], CommandType='"Text"', CommandTimeout='30']
INSERT INTO "DxccEntities" ("EntityCode", "Continent", "CqZone", "EntityName", "IsDeleted", "ItuZone", "Notes")
VALUES (@p0, @p1, @p2, @p3, @p4, @p5, @p6);
2026-08-07 15:12:05.327 -07:00 [INF] Executed DbCommand (0ms) [Parameters=[@p0='?' (DbType = Int32), @p1='?' (Size = 2), @p2='?' (DbType = Int32), @p3='?' (Size = 11), @p4='?' (DbType = Boolean), @p5='?' (DbType = Int32), @p6='?'], CommandType='"Text"', CommandTimeout='30']
INSERT INTO "DxccEntities" ("EntityCode", "Continent", "CqZone", "EntityName", "IsDeleted", "ItuZone", "Notes")
VALUES (@p0, @p1, @p2, @p3, @p4, @p5, @p6);
2026-08-07 15:12:05.327 -07:00 [INF] Executed DbCommand (0ms) [Parameters=[@p0='?' (DbType = Int32), @p1='?' (Size = 2), @p2='?' (DbType = Int32), @p3='?' (Size = 5), @p4='?' (DbType = Boolean), @p5='?' (DbType = Int32), @p6='?'], CommandType='"Text"', CommandTimeout='30']
INSERT INTO "DxccEntities" ("EntityCode", "Continent", "CqZone", "EntityName", "IsDeleted", "ItuZone", "Notes")
VALUES (@p0, @p1, @p2, @p3, @p4, @p5, @p6);
2026-08-07 15:12:05.327 -07:00 [INF] Executed DbCommand (0ms) [Parameters=[@p0='?' (DbType = Int32), @p1='?' (Size = 2), @p2='?' (DbType = Int32), @p3='?' (Size = 8), @p4='?' (DbType = Boolean), @p5='?' (DbType = Int32), @p6='?'], CommandType='"Text"', CommandTimeout='30']
INSERT INTO "DxccEntities" ("EntityCode", "Continent", "CqZone", "EntityName", "IsDeleted", "ItuZone", "Notes")
VALUES (@p0, @p1, @p2, @p3, @p4, @p5, @p6);
2026-08-07 15:12:05.327 -07:00 [INF] Executed DbCommand (0ms) [Parameters=[@p0='?' (DbType = Int32), @p1='?' (Size = 2), @p2='?' (DbType = Int32), @p3='?' (Size = 6), @p4='?' (DbType = Boolean), @p5='?' (DbType = Int32), @p6='?'], CommandType='"Text"', CommandTimeout='30']
INSERT INTO "DxccEntities" ("EntityCode", "Continent", "CqZone", "EntityName", "IsDeleted", "ItuZone", "Notes")
VALUES (@p0, @p1, @p2, @p3, @p4, @p5, @p6);
2026-08-07 15:12:05.327 -07:00 [INF] Executed DbCommand (0ms) [Parameters=[@p0='?' (DbType = Int32), @p1='?' (Size = 2), @p2='?' (DbType = Int32), @p3='?' (Size = 10), @p4='?' (DbType = Boolean), @p5='?' (DbType = Int32), @p6='?'], CommandType='"Text"', CommandTimeout='30']
INSERT INTO "DxccEntities" ("EntityCode", "Continent", "CqZone", "EntityName", "IsDeleted", "ItuZone", "Notes")
VALUES (@p0, @p1, @p2, @p3, @p4, @p5, @p6);
2026-08-07 15:12:05.327 -07:00 [INF] Executed DbCommand (0ms) [Parameters=[@p0='?' (DbType = Int32), @p1='?' (Size = 2), @p2='?' (DbType = Int32), @p3='?' (Size = 11), @p4='?' (DbType = Boolean), @p5='?' (DbType = Int32), @p6='?'], CommandType='"Text"', CommandTimeout='30']
INSERT INTO "DxccEntities" ("EntityCode", "Continent", "CqZone", "EntityName", "IsDeleted", "ItuZone", "Notes")
VALUES (@p0, @p1, @p2, @p3, @p4, @p5, @p6);
2026-08-07 15:12:05.327 -07:00 [INF] Executed DbCommand (0ms) [Parameters=[@p0='?' (DbType = Int32), @p1='?' (Size = 2), @p2='?' (DbType = Int32), @p3='?' (Size = 16), @p4='?' (DbType = Boolean), @p5='?' (DbType = Int32), @p6='?'], CommandType='"Text"', CommandTimeout='30']
INSERT INTO "DxccEntities" ("EntityCode", "Continent", "CqZone", "EntityName", "IsDeleted", "ItuZone", "Notes")
VALUES (@p0, @p1, @p2, @p3, @p4, @p5, @p6);
2026-08-07 15:12:05.327 -07:00 [INF] Executed DbCommand (0ms) [Parameters=[@p0='?' (DbType = Int32), @p1='?' (Size = 2), @p2='?' (DbType = Int32), @p3='?' (Size = 6), @p4='?' (DbType = Boolean), @p5='?' (DbType = Int32), @p6='?'], CommandType='"Text"', CommandTimeout='30']
INSERT INTO "DxccEntities" ("EntityCode", "Continent", "CqZone", "EntityName", "IsDeleted", "ItuZone", "Notes")
VALUES (@p0, @p1, @p2, @p3, @p4, @p5, @p6);
2026-08-07 15:12:05.327 -07:00 [INF] Executed DbCommand (0ms) [Parameters=[@p0='?' (DbType = Int32), @p1='?' (Size = 2), @p2='?' (DbType = Int32), @p3='?' (Size = 6), @p4='?' (DbType = Boolean), @p5='?' (DbType = Int32), @p6='?'], CommandType='"Text"', CommandTimeout='30']
INSERT INTO "DxccEntities" ("EntityCode", "Continent", "CqZone", "EntityName", "IsDeleted", "ItuZone", "Notes")
VALUES (@p0, @p1, @p2, @p3, @p4, @p5, @p6);
2026-08-07 15:12:05.327 -07:00 [INF] Executed DbCommand (0ms) [Parameters=[@p0='?' (DbType = Int32), @p1='?' (Size = 2), @p2='?' (DbType = Int32), @p3='?' (Size = 11), @p4='?' (DbType = Boolean), @p5='?' (DbType = Int32), @p6='?'], CommandType='"Text"', CommandTimeout='30']
INSERT INTO "DxccEntities" ("EntityCode", "Continent", "CqZone", "EntityName", "IsDeleted", "ItuZone", "Notes")
VALUES (@p0, @p1, @p2, @p3, @p4, @p5, @p6);
2026-08-07 15:12:05.327 -07:00 [INF] Executed DbCommand (0ms) [Parameters=[@p0='?' (DbType = Int32), @p1='?' (Size = 2), @p2='?' (DbType = Int32), @p3='?' (Size = 8), @p4='?' (DbType = Boolean), @p5='?' (DbType = Int32), @p6='?'], CommandType='"Text"', CommandTimeout='30']
INSERT INTO "DxccEntities" ("EntityCode", "Continent", "CqZone", "EntityName", "IsDeleted", "ItuZone", "Notes")
VALUES (@p0, @p1, @p2, @p3, @p4, @p5, @p6);
2026-08-07 15:12:05.327 -07:00 [INF] Executed DbCommand (0ms) [Parameters=[@p0='?' (DbType = Int32), @p1='?' (Size = 2), @p2='?' (DbType = Int32), @p3='?' (Size = 25), @p4='?' (DbType = Boolean), @p5='?' (DbType = Int32), @p6='?'], CommandType='"Text"', CommandTimeout='30']
INSERT INTO "DxccEntities" ("EntityCode", "Continent", "CqZone", "EntityName", "IsDeleted", "ItuZone", "Notes")
VALUES (@p0, @p1, @p2, @p3, @p4, @p5, @p6);
2026-08-07 15:12:05.327 -07:00 [INF] Executed DbCommand (0ms) [Parameters=[@p0='?' (DbType = Int32), @p1='?' (Size = 2), @p2='?' (DbType = Int32), @p3='?' (Size = 27), @p4='?' (DbType = Boolean), @p5='?' (DbType = Int32), @p6='?'], CommandType='"Text"', CommandTimeout='30']
INSERT INTO "DxccEntities" ("EntityCode", "Continent", "CqZone", "EntityName", "IsDeleted", "ItuZone", "Notes")
VALUES (@p0, @p1, @p2, @p3, @p4, @p5, @p6);
2026-08-07 15:12:05.327 -07:00 [INF] Executed DbCommand (0ms) [Parameters=[@p0='?' (DbType = Int32), @p1='?' (Size = 2), @p2='?' (DbType = Int32), @p3='?' (Size = 7), @p4='?' (DbType = Boolean), @p5='?' (DbType = Int32), @p6='?'], CommandType='"Text"', CommandTimeout='30']
INSERT INTO "DxccEntities" ("EntityCode", "Continent", "CqZone", "EntityName", "IsDeleted", "ItuZone", "Notes")
VALUES (@p0, @p1, @p2, @p3, @p4, @p5, @p6);
2026-08-07 15:12:05.327 -07:00 [INF] Executed DbCommand (0ms) [Parameters=[@p0='?' (DbType = Int32), @p1='?' (Size = 2), @p2='?' (DbType = Int32), @p3='?' (Size = 11), @p4='?' (DbType = Boolean), @p5='?' (DbType = Int32), @p6='?'], CommandType='"Text"', CommandTimeout='30']
INSERT INTO "DxccEntities" ("EntityCode", "Continent", "CqZone", "EntityName", "IsDeleted", "ItuZone", "Notes")
VALUES (@p0, @p1, @p2, @p3, @p4, @p5, @p6);
2026-08-07 15:12:05.327 -07:00 [INF] Executed DbCommand (0ms) [Parameters=[@p0='?' (DbType = Int32), @p1='?' (Size = 2), @p2='?' (DbType = Int32), @p3='?' (Size = 21), @p4='?' (DbType = Boolean), @p5='?' (DbType = Int32), @p6='?'], CommandType='"Text"', CommandTimeout='30']
INSERT INTO "DxccEntities" ("EntityCode", "Continent", "CqZone", "EntityName", "IsDeleted", "ItuZone", "Notes")
VALUES (@p0, @p1, @p2, @p3, @p4, @p5, @p6);
2026-08-07 15:12:05.327 -07:00 [INF] Executed DbCommand (0ms) [Parameters=[@p0='?' (DbType = Int32), @p1='?' (Size = 2), @p2='?' (DbType = Int32), @p3='?' (Size = 10), @p4='?' (DbType = Boolean), @p5='?' (DbType = Int32), @p6='?'], CommandType='"Text"', CommandTimeout='30']
INSERT INTO "DxccEntities" ("EntityCode", "Continent", "CqZone", "EntityName", "IsDeleted", "ItuZone", "Notes")
VALUES (@p0, @p1, @p2, @p3, @p4, @p5, @p6);
2026-08-07 15:12:05.328 -07:00 [INF] Executed DbCommand (0ms) [Parameters=[@p0='?' (DbType = Int32), @p1='?' (Size = 2), @p2='?' (DbType = Int32), @p3='?' (Size = 8), @p4='?' (DbType = Boolean), @p5='?' (DbType = Int32), @p6='?'], CommandType='"Text"', CommandTimeout='30']
INSERT INTO "DxccEntities" ("EntityCode", "Continent", "CqZone", "EntityName", "IsDeleted", "ItuZone", "Notes")
VALUES (@p0, @p1, @p2, @p3, @p4, @p5, @p6);
2026-08-07 15:12:05.328 -07:00 [INF] Executed DbCommand (0ms) [Parameters=[@p0='?' (DbType = Int32), @p1='?' (Size = 2), @p2='?' (DbType = Int32), @p3='?' (Size = 12), @p4='?' (DbType = Boolean), @p5='?' (DbType = Int32), @p6='?'], CommandType='"Text"', CommandTimeout='30']
INSERT INTO "DxccEntities" ("EntityCode", "Continent", "CqZone", "EntityName", "IsDeleted", "ItuZone", "Notes")
VALUES (@p0, @p1, @p2, @p3, @p4, @p5, @p6);
2026-08-07 15:12:05.328 -07:00 [INF] Executed DbCommand (0ms) [Parameters=[@p0='?' (DbType = Int32), @p1='?' (Size = 2), @p2='?' (DbType = Int32), @p3='?' (Size = 5), @p4='?' (DbType = Boolean), @p5='?' (DbType = Int32), @p6='?'], CommandType='"Text"', CommandTimeout='30']
INSERT INTO "DxccEntities" ("EntityCode", "Continent", "CqZone", "EntityName", "IsDeleted", "ItuZone", "Notes")
VALUES (@p0, @p1, @p2, @p3, @p4, @p5, @p6);
2026-08-07 15:12:05.328 -07:00 [INF] Executed DbCommand (0ms) [Parameters=[@p0='?' (DbType = Int32), @p1='?' (Size = 2), @p2='?' (DbType = Int32), @p3='?' (Size = 6), @p4='?' (DbType = Boolean), @p5='?' (DbType = Int32), @p6='?'], CommandType='"Text"', CommandTimeout='30']
INSERT INTO "DxccEntities" ("EntityCode", "Continent", "CqZone", "EntityName", "IsDeleted", "ItuZone", "Notes")
VALUES (@p0, @p1, @p2, @p3, @p4, @p5, @p6);
2026-08-07 15:12:05.328 -07:00 [INF] Executed DbCommand (0ms) [Parameters=[@p0='?' (DbType = Int32), @p1='?' (Size = 2), @p2='?' (DbType = Int32), @p3='?' (Size = 33), @p4='?' (DbType = Boolean), @p5='?' (DbType = Int32), @p6='?'], CommandType='"Text"', CommandTimeout='30']
INSERT INTO "DxccEntities" ("EntityCode", "Continent", "CqZone", "EntityName", "IsDeleted", "ItuZone", "Notes")
VALUES (@p0, @p1, @p2, @p3, @p4, @p5, @p6);
2026-08-07 15:12:05.328 -07:00 [INF] Executed DbCommand (0ms) [Parameters=[@p0='?' (DbType = Int32), @p1='?' (Size = 2), @p2='?' (DbType = Int32), @p3='?' (Size = 6), @p4='?' (DbType = Boolean), @p5='?' (DbType = Int32), @p6='?'], CommandType='"Text"', CommandTimeout='30']
INSERT INTO "DxccEntities" ("EntityCode", "Continent", "CqZone", "EntityName", "IsDeleted", "ItuZone", "Notes")
VALUES (@p0, @p1, @p2, @p3, @p4, @p5, @p6);
2026-08-07 15:12:05.328 -07:00 [INF] Executed DbCommand (0ms) [Parameters=[@p0='?' (DbType = Int32), @p1='?' (Size = 2), @p2='?' (DbType = Int32), @p3='?' (Size = 10), @p4='?' (DbType = Boolean), @p5='?' (DbType = Int32), @p6='?'], CommandType='"Text"', CommandTimeout='30']
INSERT INTO "DxccEntities" ("EntityCode", "Continent", "CqZone", "EntityName", "IsDeleted", "ItuZone", "Notes")
VALUES (@p0, @p1, @p2, @p3, @p4, @p5, @p6);
2026-08-07 15:12:05.328 -07:00 [INF] Executed DbCommand (0ms) [Parameters=[@p0='?' (DbType = Int32), @p1='?' (Size = 2), @p2='?' (DbType = Int32), @p3='?' (Size = 6), @p4='?' (DbType = Boolean), @p5='?' (DbType = Int32), @p6='?'], CommandType='"Text"', CommandTimeout='30']
INSERT INTO "DxccEntities" ("EntityCode", "Continent", "CqZone", "EntityName", "IsDeleted", "ItuZone", "Notes")
VALUES (@p0, @p1, @p2, @p3, @p4, @p5, @p6);
2026-08-07 15:12:05.328 -07:00 [INF] Executed DbCommand (0ms) [Parameters=[@p0='?' (DbType = Int32), @p1='?' (Size = 2), @p2='?' (DbType = Int32), @p3='?' (Size = 11), @p4='?' (DbType = Boolean), @p5='?' (DbType = Int32), @p6='?'], CommandType='"Text"', CommandTimeout='30']
INSERT INTO "DxccEntities" ("EntityCode", "Continent", "CqZone", "EntityName", "IsDeleted", "ItuZone", "Notes")
VALUES (@p0, @p1, @p2, @p3, @p4, @p5, @p6);
2026-08-07 15:12:05.328 -07:00 [INF] Executed DbCommand (0ms) [Parameters=[@p0='?' (DbType = Int32), @p1='?' (Size = 2), @p2='?' (DbType = Int32), @p3='?' (Size = 7), @p4='?' (DbType = Boolean), @p5='?' (DbType = Int32), @p6='?'], CommandType='"Text"', CommandTimeout='30']
INSERT INTO "DxccEntities" ("EntityCode", "Continent", "CqZone", "EntityName", "IsDeleted", "ItuZone", "Notes")
VALUES (@p0, @p1, @p2, @p3, @p4, @p5, @p6);
2026-08-07 15:12:05.328 -07:00 [INF] Executed DbCommand (0ms) [Parameters=[@p0='?' (DbType = Int32), @p1='?' (Size = 2), @p2='?' (DbType = Int32), @p3='?' (Size = 17), @p4='?' (DbType = Boolean), @p5='?' (DbType = Int32), @p6='?'], CommandType='"Text"', CommandTimeout='30']
INSERT INTO "DxccEntities" ("EntityCode", "Continent", "CqZone", "EntityName", "IsDeleted", "ItuZone", "Notes")
VALUES (@p0, @p1, @p2, @p3, @p4, @p5, @p6);
2026-08-07 15:12:05.328 -07:00 [INF] Executed DbCommand (0ms) [Parameters=[@p0='?' (DbType = Int32), @p1='?' (Size = 2), @p2='?' (DbType = Int32), @p3='?' (Size = 24), @p4='?' (DbType = Boolean), @p5='?' (DbType = Int32), @p6='?'], CommandType='"Text"', CommandTimeout='30']
INSERT INTO "DxccEntities" ("EntityCode", "Continent", "CqZone", "EntityName", "IsDeleted", "ItuZone", "Notes")
VALUES (@p0, @p1, @p2, @p3, @p4, @p5, @p6);
2026-08-07 15:12:05.328 -07:00 [INF] Executed DbCommand (0ms) [Parameters=[@p0='?' (DbType = Int32), @p1='?' (Size = 2), @p2='?' (DbType = Int32), @p3='?' (Size = 10), @p4='?' (DbType = Boolean), @p5='?' (DbType = Int32), @p6='?'], CommandType='"Text"', CommandTimeout='30']
INSERT INTO "DxccEntities" ("EntityCode", "Continent", "CqZone", "EntityName", "IsDeleted", "ItuZone", "Notes")
VALUES (@p0, @p1, @p2, @p3, @p4, @p5, @p6);
2026-08-07 15:12:05.328 -07:00 [INF] Executed DbCommand (0ms) [Parameters=[@p0='?' (DbType = Int32), @p1='?' (Size = 2), @p2='?' (DbType = Int32), @p3='?' (Size = 8), @p4='?' (DbType = Boolean), @p5='?' (DbType = Int32), @p6='?'], CommandType='"Text"', CommandTimeout='30']
INSERT INTO "DxccEntities" ("EntityCode", "Continent", "CqZone", "EntityName", "IsDeleted", "ItuZone", "Notes")
VALUES (@p0, @p1, @p2, @p3, @p4, @p5, @p6);
2026-08-07 15:12:05.328 -07:00 [INF] Executed DbCommand (0ms) [Parameters=[@p0='?' (DbType = Int32), @p1='?' (Size = 2), @p2='?' (DbType = Int32), @p3='?' (Size = 5), @p4='?' (DbType = Boolean), @p5='?' (DbType = Int32), @p6='?'], CommandType='"Text"', CommandTimeout='30']
INSERT INTO "DxccEntities" ("EntityCode", "Continent", "CqZone", "EntityName", "IsDeleted", "ItuZone", "Notes")
VALUES (@p0, @p1, @p2, @p3, @p4, @p5, @p6);
2026-08-07 15:12:05.328 -07:00 [INF] Executed DbCommand (0ms) [Parameters=[@p0='?' (DbType = Int32), @p1='?' (Size = 2), @p2='?' (DbType = Int32), @p3='?' (Size = 7), @p4='?' (DbType = Boolean), @p5='?' (DbType = Int32), @p6='?'], CommandType='"Text"', CommandTimeout='30']
INSERT INTO "DxccEntities" ("EntityCode", "Continent", "CqZone", "EntityName", "IsDeleted", "ItuZone", "Notes")
VALUES (@p0, @p1, @p2, @p3, @p4, @p5, @p6);
2026-08-07 15:12:05.328 -07:00 [INF] Executed DbCommand (0ms) [Parameters=[@p0='?' (DbType = Int32), @p1='?' (Size = 2), @p2='?' (DbType = Int32), @p3='?' (Size = 6), @p4='?' (DbType = Boolean), @p5='?' (DbType = Int32), @p6='?'], CommandType='"Text"', CommandTimeout='30']
INSERT INTO "DxccEntities" ("EntityCode", "Continent", "CqZone", "EntityName", "IsDeleted", "ItuZone", "Notes")
VALUES (@p0, @p1, @p2, @p3, @p4, @p5, @p6);
2026-08-07 15:12:05.328 -07:00 [INF] Executed DbCommand (0ms) [Parameters=[@p0='?' (DbType = Int32), @p1='?' (Size = 2), @p2='?' (DbType = Int32), @p3='?' (Size = 7), @p4='?' (DbType = Boolean), @p5='?' (DbType = Int32), @p6='?'], CommandType='"Text"', CommandTimeout='30']
INSERT INTO "DxccEntities" ("EntityCode", "Continent", "CqZone", "EntityName", "IsDeleted", "ItuZone", "Notes")
VALUES (@p0, @p1, @p2, @p3, @p4, @p5, @p6);
2026-08-07 15:12:05.328 -07:00 [INF] Executed DbCommand (0ms) [Parameters=[@p0='?' (DbType = Int32), @p1='?' (Size = 2), @p2='?' (DbType = Int32), @p3='?' (Size = 19), @p4='?' (DbType = Boolean), @p5='?' (DbType = Int32), @p6='?'], CommandType='"Text"', CommandTimeout='30']
INSERT INTO "DxccEntities" ("EntityCode", "Continent", "CqZone", "EntityName", "IsDeleted", "ItuZone", "Notes")
VALUES (@p0, @p1, @p2, @p3, @p4, @p5, @p6);
2026-08-07 15:12:05.328 -07:00 [INF] Executed DbCommand (0ms) [Parameters=[@p0='?' (DbType = Int32), @p1='?' (Size = 2), @p2='?' (DbType = Int32), @p3='?' (Size = 13), @p4='?' (DbType = Boolean), @p5='?' (DbType = Int32), @p6='?'], CommandType='"Text"', CommandTimeout='30']
INSERT INTO "DxccEntities" ("EntityCode", "Continent", "CqZone", "EntityName", "IsDeleted", "ItuZone", "Notes")
VALUES (@p0, @p1, @p2, @p3, @p4, @p5, @p6);
2026-08-07 15:12:05.328 -07:00 [INF] Executed DbCommand (0ms) [Parameters=[@p0='?' (DbType = Int32), @p1='?' (Size = 2), @p2='?' (DbType = Int32), @p3='?' (Size = 25), @p4='?' (DbType = Boolean), @p5='?' (DbType = Int32), @p6='?'], CommandType='"Text"', CommandTimeout='30']
INSERT INTO "DxccEntities" ("EntityCode", "Continent", "CqZone", "EntityName", "IsDeleted", "ItuZone", "Notes")
VALUES (@p0, @p1, @p2, @p3, @p4, @p5, @p6);
2026-08-07 15:12:05.328 -07:00 [INF] Executed DbCommand (0ms) [Parameters=[@p0='?' (DbType = Int32), @p1='?' (Size = 2), @p2='?' (DbType = Int32), @p3='?' (Size = 14), @p4='?' (DbType = Boolean), @p5='?' (DbType = Int32), @p6='?'], CommandType='"Text"', CommandTimeout='30']
INSERT INTO "DxccEntities" ("EntityCode", "Continent", "CqZone", "EntityName", "IsDeleted", "ItuZone", "Notes")
VALUES (@p0, @p1, @p2, @p3, @p4, @p5, @p6);
2026-08-07 15:12:05.328 -07:00 [INF] Executed DbCommand (0ms) [Parameters=[@p0='?' (DbType = Int32), @p1='?' (Size = 2), @p2='?' (DbType = Int32), @p3='?' (Size = 9), @p4='?' (DbType = Boolean), @p5='?' (DbType = Int32), @p6='?'], CommandType='"Text"', CommandTimeout='30']
INSERT INTO "DxccEntities" ("EntityCode", "Continent", "CqZone", "EntityName", "IsDeleted", "ItuZone", "Notes")
VALUES (@p0, @p1, @p2, @p3, @p4, @p5, @p6);
2026-08-07 15:12:05.328 -07:00 [INF] Executed DbCommand (0ms) [Parameters=[@p0='?' (DbType = Int32), @p1='?' (Size = 2), @p2='?' (DbType = Int32), @p3='?' (Size = 7), @p4='?' (DbType = Boolean), @p5='?' (DbType = Int32), @p6='?'], CommandType='"Text"', CommandTimeout='30']
INSERT INTO "DxccEntities" ("EntityCode", "Continent", "CqZone", "EntityName", "IsDeleted", "ItuZone", "Notes")
VALUES (@p0, @p1, @p2, @p3, @p4, @p5, @p6);
2026-08-07 15:12:05.328 -07:00 [INF] Executed DbCommand (0ms) [Parameters=[@p0='?' (DbType = Int32), @p1='?' (Size = 2), @p2='?' (DbType = Int32), @p3='?' (Size = 10), @p4='?' (DbType = Boolean), @p5='?' (DbType = Int32), @p6='?'], CommandType='"Text"', CommandTimeout='30']
INSERT INTO "DxccEntities" ("EntityCode", "Continent", "CqZone", "EntityName", "IsDeleted", "ItuZone", "Notes")
VALUES (@p0, @p1, @p2, @p3, @p4, @p5, @p6);
2026-08-07 15:12:05.328 -07:00 [INF] Executed DbCommand (0ms) [Parameters=[@p0='?' (DbType = Int32), @p1='?' (Size = 2), @p2='?' (DbType = Int32), @p3='?' (Size = 6), @p4='?' (DbType = Boolean), @p5='?' (DbType = Int32), @p6='?'], CommandType='"Text"', CommandTimeout='30']
INSERT INTO "DxccEntities" ("EntityCode", "Continent", "CqZone", "EntityName", "IsDeleted", "ItuZone", "Notes")
VALUES (@p0, @p1, @p2, @p3, @p4, @p5, @p6);
2026-08-07 15:12:05.328 -07:00 [INF] Executed DbCommand (0ms) [Parameters=[@p0='?' (DbType = Int32), @p1='?' (Size = 2), @p2='?' (DbType = Int32), @p3='?' (Size = 10), @p4='?' (DbType = Boolean), @p5='?' (DbType = Int32), @p6='?'], CommandType='"Text"', CommandTimeout='30']
INSERT INTO "DxccEntities" ("EntityCode", "Continent", "CqZone", "EntityName", "IsDeleted", "ItuZone", "Notes")
VALUES (@p0, @p1, @p2, @p3, @p4, @p5, @p6);
2026-08-07 15:12:05.328 -07:00 [INF] Executed DbCommand (0ms) [Parameters=[@p0='?' (DbType = Int32), @p1='?' (Size = 2), @p2='?' (DbType = Int32), @p3='?' (Size = 7), @p4='?' (DbType = Boolean), @p5='?' (DbType = Int32), @p6='?'], CommandType='"Text"', CommandTimeout='30']
INSERT INTO "DxccEntities" ("EntityCode", "Continent", "CqZone", "EntityName", "IsDeleted", "ItuZone", "Notes")
VALUES (@p0, @p1, @p2, @p3, @p4, @p5, @p6);
2026-08-07 15:12:05.328 -07:00 [INF] Executed DbCommand (0ms) [Parameters=[@p0='?' (DbType = Int32), @p1='?' (Size = 2), @p2='?' (DbType = Int32), @p3='?' (Size = 8), @p4='?' (DbType = Boolean), @p5='?' (DbType = Int32), @p6='?'], CommandType='"Text"', CommandTimeout='30']
INSERT INTO "DxccEntities" ("EntityCode", "Continent", "CqZone", "EntityName", "IsDeleted", "ItuZone", "Notes")
VALUES (@p0, @p1, @p2, @p3, @p4, @p5, @p6);
2026-08-07 15:12:05.328 -07:00 [INF] Executed DbCommand (0ms) [Parameters=[@p0='?' (DbType = Int32), @p1='?' (Size = 2), @p2='?' (DbType = Int32), @p3='?' (Size = 9), @p4='?' (DbType = Boolean), @p5='?' (DbType = Int32), @p6='?'], CommandType='"Text"', CommandTimeout='30']
INSERT INTO "DxccEntities" ("EntityCode", "Continent", "CqZone", "EntityName", "IsDeleted", "ItuZone", "Notes")
VALUES (@p0, @p1, @p2, @p3, @p4, @p5, @p6);
2026-08-07 15:12:05.328 -07:00 [INF] Executed DbCommand (0ms) [Parameters=[@p0='?' (DbType = Int32), @p1='?' (Size = 2), @p2='?' (DbType = Int32), @p3='?' (Size = 5), @p4='?' (DbType = Boolean), @p5='?' (DbType = Int32), @p6='?'], CommandType='"Text"', CommandTimeout='30']
INSERT INTO "DxccEntities" ("EntityCode", "Continent", "CqZone", "EntityName", "IsDeleted", "ItuZone", "Notes")
VALUES (@p0, @p1, @p2, @p3, @p4, @p5, @p6);
2026-08-07 15:12:05.328 -07:00 [INF] Executed DbCommand (0ms) [Parameters=[@p0='?' (DbType = Int32), @p1='?' (Size = 2), @p2='?' (DbType = Int32), @p3='?' (Size = 9), @p4='?' (DbType = Boolean), @p5='?' (DbType = Int32), @p6='?'], CommandType='"Text"', CommandTimeout='30']
INSERT INTO "DxccEntities" ("EntityCode", "Continent", "CqZone", "EntityName", "IsDeleted", "ItuZone", "Notes")
VALUES (@p0, @p1, @p2, @p3, @p4, @p5, @p6);
2026-08-07 15:12:05.328 -07:00 [INF] Executed DbCommand (0ms) [Parameters=[@p0='?' (DbType = Int32), @p1='?' (Size = 2), @p2='?' (DbType = Int32), @p3='?' (Size = 5), @p4='?' (DbType = Boolean), @p5='?' (DbType = Int32), @p6='?'], CommandType='"Text"', CommandTimeout='30']
INSERT INTO "DxccEntities" ("EntityCode", "Continent", "CqZone", "EntityName", "IsDeleted", "ItuZone", "Notes")
VALUES (@p0, @p1, @p2, @p3, @p4, @p5, @p6);
2026-08-07 15:12:05.328 -07:00 [INF] Executed DbCommand (0ms) [Parameters=[@p0='?' (DbType = Int32), @p1='?' (Size = 2), @p2='?' (DbType = Int32), @p3='?' (Size = 9), @p4='?' (DbType = Boolean), @p5='?' (DbType = Int32), @p6='?'], CommandType='"Text"', CommandTimeout='30']
INSERT INTO "DxccEntities" ("EntityCode", "Continent", "CqZone", "EntityName", "IsDeleted", "ItuZone", "Notes")
VALUES (@p0, @p1, @p2, @p3, @p4, @p5, @p6);
2026-08-07 15:12:05.328 -07:00 [INF] Executed DbCommand (0ms) [Parameters=[@p0='?' (DbType = Int32), @p1='?' (Size = 2), @p2='?' (DbType = Int32), @p3='?' (Size = 4), @p4='?' (DbType = Boolean), @p5='?' (DbType = Int32), @p6='?'], CommandType='"Text"', CommandTimeout='30']
INSERT INTO "DxccEntities" ("EntityCode", "Continent", "CqZone", "EntityName", "IsDeleted", "ItuZone", "Notes")
VALUES (@p0, @p1, @p2, @p3, @p4, @p5, @p6);
2026-08-07 15:12:05.328 -07:00 [INF] Executed DbCommand (0ms) [Parameters=[@p0='?' (DbType = Int32), @p1='?' (Size = 2), @p2='?' (DbType = Int32), @p3='?' (Size = 4), @p4='?' (DbType = Boolean), @p5='?' (DbType = Int32), @p6='?'], CommandType='"Text"', CommandTimeout='30']
INSERT INTO "DxccEntities" ("EntityCode", "Continent", "CqZone", "EntityName", "IsDeleted", "ItuZone", "Notes")
VALUES (@p0, @p1, @p2, @p3, @p4, @p5, @p6);
2026-08-07 15:12:05.328 -07:00 [INF] Executed DbCommand (0ms) [Parameters=[@p0='?' (DbType = Int32), @p1='?' (Size = 2), @p2='?' (DbType = Int32), @p3='?' (Size = 6), @p4='?' (DbType = Boolean), @p5='?' (DbType = Int32), @p6='?'], CommandType='"Text"', CommandTimeout='30']
INSERT INTO "DxccEntities" ("EntityCode", "Continent", "CqZone", "EntityName", "IsDeleted", "ItuZone", "Notes")
VALUES (@p0, @p1, @p2, @p3, @p4, @p5, @p6);
2026-08-07 15:12:05.328 -07:00 [INF] Executed DbCommand (0ms) [Parameters=[@p0='?' (DbType = Int32), @p1='?' (Size = 2), @p2='?' (DbType = Int32), @p3='?' (Size = 5), @p4='?' (DbType = Boolean), @p5='?' (DbType = Int32), @p6='?'], CommandType='"Text"', CommandTimeout='30']
INSERT INTO "DxccEntities" ("EntityCode", "Continent", "CqZone", "EntityName", "IsDeleted", "ItuZone", "Notes")
VALUES (@p0, @p1, @p2, @p3, @p4, @p5, @p6);
2026-08-07 15:12:05.328 -07:00 [INF] Executed DbCommand (0ms) [Parameters=[@p0='?' (DbType = Int32), @p1='?' (Size = 2), @p2='?' (DbType = Int32), @p3='?' (Size = 6), @p4='?' (DbType = Boolean), @p5='?' (DbType = Int32), @p6='?'], CommandType='"Text"', CommandTimeout='30']
INSERT INTO "DxccEntities" ("EntityCode", "Continent", "CqZone", "EntityName", "IsDeleted", "ItuZone", "Notes")
VALUES (@p0, @p1, @p2, @p3, @p4, @p5, @p6);
2026-08-07 15:12:05.328 -07:00 [INF] Executed DbCommand (0ms) [Parameters=[@p0='?' (DbType = Int32), @p1='?' (Size = 2), @p2='?' (DbType = Int32), @p3='?' (Size = 33), @p4='?' (DbType = Boolean), @p5='?' (DbType = Int32), @p6='?'], CommandType='"Text"', CommandTimeout='30']
INSERT INTO "DxccEntities" ("EntityCode", "Continent", "CqZone", "EntityName", "IsDeleted", "ItuZone", "Notes")
VALUES (@p0, @p1, @p2, @p3, @p4, @p5, @p6);
2026-08-07 15:12:05.329 -07:00 [INF] Executed DbCommand (0ms) [Parameters=[@p0='?' (DbType = Int32), @p1='?' (Size = 2), @p2='?' (DbType = Int32), @p3='?' (Size = 17), @p4='?' (DbType = Boolean), @p5='?' (DbType = Int32), @p6='?'], CommandType='"Text"', CommandTimeout='30']
INSERT INTO "DxccEntities" ("EntityCode", "Continent", "CqZone", "EntityName", "IsDeleted", "ItuZone", "Notes")
VALUES (@p0, @p1, @p2, @p3, @p4, @p5, @p6);
2026-08-07 15:12:05.329 -07:00 [INF] Executed DbCommand (0ms) [Parameters=[@p0='?' (DbType = Int32), @p1='?' (Size = 2), @p2='?' (DbType = Int32), @p3='?' (Size = 6), @p4='?' (DbType = Boolean), @p5='?' (DbType = Int32), @p6='?'], CommandType='"Text"', CommandTimeout='30']
INSERT INTO "DxccEntities" ("EntityCode", "Continent", "CqZone", "EntityName", "IsDeleted", "ItuZone", "Notes")
VALUES (@p0, @p1, @p2, @p3, @p4, @p5, @p6);
2026-08-07 15:12:05.329 -07:00 [INF] Executed DbCommand (0ms) [Parameters=[@p0='?' (DbType = Int32), @p1='?' (Size = 2), @p2='?' (DbType = Int32), @p3='?' (Size = 7), @p4='?' (DbType = Boolean), @p5='?' (DbType = Int32), @p6='?'], CommandType='"Text"', CommandTimeout='30']
INSERT INTO "DxccEntities" ("EntityCode", "Continent", "CqZone", "EntityName", "IsDeleted", "ItuZone", "Notes")
VALUES (@p0, @p1, @p2, @p3, @p4, @p5, @p6);
2026-08-07 15:12:05.329 -07:00 [INF] Executed DbCommand (0ms) [Parameters=[@p0='?' (DbType = Int32), @p1='?' (Size = 2), @p2='?' (DbType = Int32), @p3='?' (Size = 8), @p4='?' (DbType = Boolean), @p5='?' (DbType = Int32), @p6='?'], CommandType='"Text"', CommandTimeout='30']
INSERT INTO "DxccEntities" ("EntityCode", "Continent", "CqZone", "EntityName", "IsDeleted", "ItuZone", "Notes")
VALUES (@p0, @p1, @p2, @p3, @p4, @p5, @p6);
2026-08-07 15:12:05.329 -07:00 [INF] Executed DbCommand (0ms) [Parameters=[@p0='?' (DbType = Int32), @p1='?' (Size = 2), @p2='?' (DbType = Int32), @p3='?' (Size = 5), @p4='?' (DbType = Boolean), @p5='?' (DbType = Int32), @p6='?'], CommandType='"Text"', CommandTimeout='30']
INSERT INTO "DxccEntities" ("EntityCode", "Continent", "CqZone", "EntityName", "IsDeleted", "ItuZone", "Notes")
VALUES (@p0, @p1, @p2, @p3, @p4, @p5, @p6);
2026-08-07 15:12:05.329 -07:00 [INF] Executed DbCommand (0ms) [Parameters=[@p0='?' (DbType = Int32), @p1='?' (Size = 2), @p2='?' (DbType = Int32), @p3='?' (Size = 4), @p4='?' (DbType = Boolean), @p5='?' (DbType = Int32), @p6='?'], CommandType='"Text"', CommandTimeout='30']
INSERT INTO "DxccEntities" ("EntityCode", "Continent", "CqZone", "EntityName", "IsDeleted", "ItuZone", "Notes")
VALUES (@p0, @p1, @p2, @p3, @p4, @p5, @p6);
2026-08-07 15:12:05.329 -07:00 [INF] Executed DbCommand (0ms) [Parameters=[@p0='?' (DbType = Int32), @p1='?' (Size = 2), @p2='?' (DbType = Int32), @p3='?' (Size = 8), @p4='?' (DbType = Boolean), @p5='?' (DbType = Int32), @p6='?'], CommandType='"Text"', CommandTimeout='30']
INSERT INTO "DxccEntities" ("EntityCode", "Continent", "CqZone", "EntityName", "IsDeleted", "ItuZone", "Notes")
VALUES (@p0, @p1, @p2, @p3, @p4, @p5, @p6);
2026-08-07 15:12:05.329 -07:00 [INF] Executed DbCommand (0ms) [Parameters=[@p0='?' (DbType = Int32), @p1='?' (Size = 2), @p2='?' (DbType = Int32), @p3='?' (Size = 11), @p4='?' (DbType = Boolean), @p5='?' (DbType = Int32), @p6='?'], CommandType='"Text"', CommandTimeout='30']
INSERT INTO "DxccEntities" ("EntityCode", "Continent", "CqZone", "EntityName", "IsDeleted", "ItuZone", "Notes")
VALUES (@p0, @p1, @p2, @p3, @p4, @p5, @p6);
2026-08-07 15:12:05.329 -07:00 [INF] Executed DbCommand (0ms) [Parameters=[@p0='?' (DbType = Int32), @p1='?' (Size = 2), @p2='?' (DbType = Int32), @p3='?' (Size = 5), @p4='?' (DbType = Boolean), @p5='?' (DbType = Int32), @p6='?'], CommandType='"Text"', CommandTimeout='30']
INSERT INTO "DxccEntities" ("EntityCode", "Continent", "CqZone", "EntityName", "IsDeleted", "ItuZone", "Notes")
VALUES (@p0, @p1, @p2, @p3, @p4, @p5, @p6);
2026-08-07 15:12:05.329 -07:00 [INF] Executed DbCommand (0ms) [Parameters=[@p0='?' (DbType = Int32), @p1='?' (Size = 2), @p2='?' (DbType = Int32), @p3='?' (Size = 12), @p4='?' (DbType = Boolean), @p5='?' (DbType = Int32), @p6='?'], CommandType='"Text"', CommandTimeout='30']
INSERT INTO "DxccEntities" ("EntityCode", "Continent", "CqZone", "EntityName", "IsDeleted", "ItuZone", "Notes")
VALUES (@p0, @p1, @p2, @p3, @p4, @p5, @p6);
2026-08-07 15:12:05.329 -07:00 [INF] Executed DbCommand (0ms) [Parameters=[@p0='?' (DbType = Int32), @p1='?' (Size = 2), @p2='?' (DbType = Int32), @p3='?' (Size = 10), @p4='?' (DbType = Boolean), @p5='?' (DbType = Int32), @p6='?'], CommandType='"Text"', CommandTimeout='30']
INSERT INTO "DxccEntities" ("EntityCode", "Continent", "CqZone", "EntityName", "IsDeleted", "ItuZone", "Notes")
VALUES (@p0, @p1, @p2, @p3, @p4, @p5, @p6);
2026-08-07 15:12:05.329 -07:00 [INF] Executed DbCommand (0ms) [Parameters=[@p0='?' (DbType = Int32), @p1='?' (Size = 2), @p2='?' (DbType = Int32), @p3='?' (Size = 9), @p4='?' (DbType = Boolean), @p5='?' (DbType = Int32), @p6='?'], CommandType='"Text"', CommandTimeout='30']
INSERT INTO "DxccEntities" ("EntityCode", "Continent", "CqZone", "EntityName", "IsDeleted", "ItuZone", "Notes")
VALUES (@p0, @p1, @p2, @p3, @p4, @p5, @p6);
2026-08-07 15:12:05.329 -07:00 [INF] Executed DbCommand (0ms) [Parameters=[@p0='?' (DbType = Int32), @p1='?' (Size = 2), @p2='?' (DbType = Int32), @p3='?' (Size = 8), @p4='?' (DbType = Boolean), @p5='?' (DbType = Int32), @p6='?'], CommandType='"Text"', CommandTimeout='30']
INSERT INTO "DxccEntities" ("EntityCode", "Continent", "CqZone", "EntityName", "IsDeleted", "ItuZone", "Notes")
VALUES (@p0, @p1, @p2, @p3, @p4, @p5, @p6);
2026-08-07 15:12:05.329 -07:00 [INF] Executed DbCommand (0ms) [Parameters=[@p0='?' (DbType = Int32), @p1='?' (Size = 2), @p2='?' (DbType = Int32), @p3='?' (Size = 5), @p4='?' (DbType = Boolean), @p5='?' (DbType = Int32), @p6='?'], CommandType='"Text"', CommandTimeout='30']
INSERT INTO "DxccEntities" ("EntityCode", "Continent", "CqZone", "EntityName", "IsDeleted", "ItuZone", "Notes")
VALUES (@p0, @p1, @p2, @p3, @p4, @p5, @p6);
2026-08-07 15:12:05.329 -07:00 [INF] Executed DbCommand (0ms) [Parameters=[@p0='?' (DbType = Int32), @p1='?' (Size = 2), @p2='?' (DbType = Int32), @p3='?' (Size = 6), @p4='?' (DbType = Boolean), @p5='?' (DbType = Int32), @p6='?'], CommandType='"Text"', CommandTimeout='30']
INSERT INTO "DxccEntities" ("EntityCode", "Continent", "CqZone", "EntityName", "IsDeleted", "ItuZone", "Notes")
VALUES (@p0, @p1, @p2, @p3, @p4, @p5, @p6);
2026-08-07 15:12:05.329 -07:00 [INF] Executed DbCommand (0ms) [Parameters=[@p0='?' (DbType = Int32), @p1='?' (Size = 2), @p2='?' (DbType = Int32), @p3='?' (Size = 8), @p4='?' (DbType = Boolean), @p5='?' (DbType = Int32), @p6='?'], CommandType='"Text"', CommandTimeout='30']
INSERT INTO "DxccEntities" ("EntityCode", "Continent", "CqZone", "EntityName", "IsDeleted", "ItuZone", "Notes")
VALUES (@p0, @p1, @p2, @p3, @p4, @p5, @p6);
2026-08-07 15:12:05.329 -07:00 [INF] Executed DbCommand (0ms) [Parameters=[@p0='?' (DbType = Int32), @p1='?' (Size = 2), @p2='?' (DbType = Int32), @p3='?' (Size = 6), @p4='?' (DbType = Boolean), @p5='?' (DbType = Int32), @p6='?'], CommandType='"Text"', CommandTimeout='30']
INSERT INTO "DxccEntities" ("EntityCode", "Continent", "CqZone", "EntityName", "IsDeleted", "ItuZone", "Notes")
VALUES (@p0, @p1, @p2, @p3, @p4, @p5, @p6);
2026-08-07 15:12:05.329 -07:00 [INF] Executed DbCommand (0ms) [Parameters=[@p0='?' (DbType = Int32), @p1='?' (Size = 2), @p2='?' (DbType = Int32), @p3='?' (Size = 20), @p4='?' (DbType = Boolean), @p5='?' (DbType = Int32), @p6='?'], CommandType='"Text"', CommandTimeout='30']
INSERT INTO "DxccEntities" ("EntityCode", "Continent", "CqZone", "EntityName", "IsDeleted", "ItuZone", "Notes")
VALUES (@p0, @p1, @p2, @p3, @p4, @p5, @p6);
2026-08-07 15:12:05.329 -07:00 [INF] Executed DbCommand (0ms) [Parameters=[@p0='?' (DbType = Int32), @p1='?' (Size = 2), @p2='?' (DbType = Int32), @p3='?' (Size = 7), @p4='?' (DbType = Boolean), @p5='?' (DbType = Int32), @p6='?'], CommandType='"Text"', CommandTimeout='30']
INSERT INTO "DxccEntities" ("EntityCode", "Continent", "CqZone", "EntityName", "IsDeleted", "ItuZone", "Notes")
VALUES (@p0, @p1, @p2, @p3, @p4, @p5, @p6);
2026-08-07 15:12:05.329 -07:00 [INF] Executed DbCommand (0ms) [Parameters=[@p0='?' (DbType = Int32), @p1='?' (Size = 2), @p2='?' (DbType = Int32), @p3='?' (Size = 6), @p4='?' (DbType = Boolean), @p5='?' (DbType = Int32), @p6='?'], CommandType='"Text"', CommandTimeout='30']
INSERT INTO "DxccEntities" ("EntityCode", "Continent", "CqZone", "EntityName", "IsDeleted", "ItuZone", "Notes")
VALUES (@p0, @p1, @p2, @p3, @p4, @p5, @p6);
2026-08-07 15:12:05.329 -07:00 [INF] Executed DbCommand (0ms) [Parameters=[@p0='?' (DbType = Int32), @p1='?' (Size = 2), @p2='?' (DbType = Int32), @p3='?' (Size = 8), @p4='?' (DbType = Boolean), @p5='?' (DbType = Int32), @p6='?'], CommandType='"Text"', CommandTimeout='30']
INSERT INTO "DxccEntities" ("EntityCode", "Continent", "CqZone", "EntityName", "IsDeleted", "ItuZone", "Notes")
VALUES (@p0, @p1, @p2, @p3, @p4, @p5, @p6);
2026-08-07 15:12:05.329 -07:00 [INF] Executed DbCommand (0ms) [Parameters=[@p0='?' (DbType = Int32), @p1='?' (Size = 2), @p2='?' (DbType = Int32), @p3='?' (Size = 7), @p4='?' (DbType = Boolean), @p5='?' (DbType = Int32), @p6='?'], CommandType='"Text"', CommandTimeout='30']
INSERT INTO "DxccEntities" ("EntityCode", "Continent", "CqZone", "EntityName", "IsDeleted", "ItuZone", "Notes")
VALUES (@p0, @p1, @p2, @p3, @p4, @p5, @p6);
2026-08-07 15:12:05.329 -07:00 [INF] Executed DbCommand (0ms) [Parameters=[@p0='?' (DbType = Int32), @p1='?' (Size = 2), @p2='?' (DbType = Int32), @p3='?' (Size = 8), @p4='?' (DbType = Boolean), @p5='?' (DbType = Int32), @p6='?'], CommandType='"Text"', CommandTimeout='30']
INSERT INTO "DxccEntities" ("EntityCode", "Continent", "CqZone", "EntityName", "IsDeleted", "ItuZone", "Notes")
VALUES (@p0, @p1, @p2, @p3, @p4, @p5, @p6);
2026-08-07 15:12:05.329 -07:00 [INF] Executed DbCommand (0ms) [Parameters=[@p0='?' (DbType = Int32), @p1='?' (Size = 2), @p2='?' (DbType = Int32), @p3='?' (Size = 14), @p4='?' (DbType = Boolean), @p5='?' (DbType = Int32), @p6='?'], CommandType='"Text"', CommandTimeout='30']
INSERT INTO "DxccEntities" ("EntityCode", "Continent", "CqZone", "EntityName", "IsDeleted", "ItuZone", "Notes")
VALUES (@p0, @p1, @p2, @p3, @p4, @p5, @p6);
2026-08-07 15:12:05.329 -07:00 [INF] Executed DbCommand (0ms) [Parameters=[@p0='?' (DbType = Int32), @p1='?' (Size = 2), @p2='?' (DbType = Int32), @p3='?' (Size = 10), @p4='?' (DbType = Boolean), @p5='?' (DbType = Int32), @p6='?'], CommandType='"Text"', CommandTimeout='30']
INSERT INTO "DxccEntities" ("EntityCode", "Continent", "CqZone", "EntityName", "IsDeleted", "ItuZone", "Notes")
VALUES (@p0, @p1, @p2, @p3, @p4, @p5, @p6);
2026-08-07 15:12:05.329 -07:00 [INF] Executed DbCommand (0ms) [Parameters=[@p0='?' (DbType = Int32), @p1='?' (Size = 2), @p2='?' (DbType = Int32), @p3='?' (Size = 4), @p4='?' (DbType = Boolean), @p5='?' (DbType = Int32), @p6='?'], CommandType='"Text"', CommandTimeout='30']
INSERT INTO "DxccEntities" ("EntityCode", "Continent", "CqZone", "EntityName", "IsDeleted", "ItuZone", "Notes")
VALUES (@p0, @p1, @p2, @p3, @p4, @p5, @p6);
2026-08-07 15:12:05.329 -07:00 [INF] Executed DbCommand (0ms) [Parameters=[@p0='?' (DbType = Int32), @p1='?' (Size = 2), @p2='?' (DbType = Int32), @p3='?' (Size = 7), @p4='?' (DbType = Boolean), @p5='?' (DbType = Int32), @p6='?'], CommandType='"Text"', CommandTimeout='30']
INSERT INTO "DxccEntities" ("EntityCode", "Continent", "CqZone", "EntityName", "IsDeleted", "ItuZone", "Notes")
VALUES (@p0, @p1, @p2, @p3, @p4, @p5, @p6);
2026-08-07 15:12:05.329 -07:00 [INF] Executed DbCommand (0ms) [Parameters=[@p0='?' (DbType = Int32), @p1='?' (Size = 2), @p2='?' (DbType = Int32), @p3='?' (Size = 21), @p4='?' (DbType = Boolean), @p5='?' (DbType = Int32), @p6='?'], CommandType='"Text"', CommandTimeout='30']
INSERT INTO "DxccEntities" ("EntityCode", "Continent", "CqZone", "EntityName", "IsDeleted", "ItuZone", "Notes")
VALUES (@p0, @p1, @p2, @p3, @p4, @p5, @p6);
2026-08-07 15:12:05.329 -07:00 [INF] Executed DbCommand (0ms) [Parameters=[@p0='?' (DbType = Int32), @p1='?' (Size = 2), @p2='?' (DbType = Int32), @p3='?' (Size = 32), @p4='?' (DbType = Boolean), @p5='?' (DbType = Int32), @p6='?'], CommandType='"Text"', CommandTimeout='30']
INSERT INTO "DxccEntities" ("EntityCode", "Continent", "CqZone", "EntityName", "IsDeleted", "ItuZone", "Notes")
VALUES (@p0, @p1, @p2, @p3, @p4, @p5, @p6);
2026-08-07 15:12:05.329 -07:00 [INF] Executed DbCommand (0ms) [Parameters=[@p0='?' (DbType = Int32), @p1='?' (Size = 2), @p2='?' (DbType = Int32), @p3='?' (Size = 5), @p4='?' (DbType = Boolean), @p5='?' (DbType = Int32), @p6='?'], CommandType='"Text"', CommandTimeout='30']
INSERT INTO "DxccEntities" ("EntityCode", "Continent", "CqZone", "EntityName", "IsDeleted", "ItuZone", "Notes")
VALUES (@p0, @p1, @p2, @p3, @p4, @p5, @p6);
2026-08-07 15:12:05.329 -07:00 [INF] Executed DbCommand (0ms) [Parameters=[@p0='?' (DbType = Int32), @p1='?' (Size = 2), @p2='?' (DbType = Int32), @p3='?' (Size = 5), @p4='?' (DbType = Boolean), @p5='?' (DbType = Int32), @p6='?'], CommandType='"Text"', CommandTimeout='30']
INSERT INTO "DxccEntities" ("EntityCode", "Continent", "CqZone", "EntityName", "IsDeleted", "ItuZone", "Notes")
VALUES (@p0, @p1, @p2, @p3, @p4, @p5, @p6);
2026-08-07 15:12:05.329 -07:00 [INF] Executed DbCommand (0ms) [Parameters=[@p0='?' (DbType = Int32), @p1='?' (Size = 2), @p2='?' (DbType = Int32), @p3='?' (Size = 10), @p4='?' (DbType = Boolean), @p5='?' (DbType = Int32), @p6='?'], CommandType='"Text"', CommandTimeout='30']
INSERT INTO "DxccEntities" ("EntityCode", "Continent", "CqZone", "EntityName", "IsDeleted", "ItuZone", "Notes")
VALUES (@p0, @p1, @p2, @p3, @p4, @p5, @p6);
2026-08-07 15:12:05.329 -07:00 [INF] Executed DbCommand (0ms) [Parameters=[@p0='?' (DbType = Int32), @p1='?' (Size = 2), @p2='?' (DbType = Int32), @p3='?' (Size = 5), @p4='?' (DbType = Boolean), @p5='?' (DbType = Int32), @p6='?'], CommandType='"Text"', CommandTimeout='30']
INSERT INTO "DxccEntities" ("EntityCode", "Continent", "CqZone", "EntityName", "IsDeleted", "ItuZone", "Notes")
VALUES (@p0, @p1, @p2, @p3, @p4, @p5, @p6);
2026-08-07 15:12:05.329 -07:00 [INF] Executed DbCommand (0ms) [Parameters=[@p0='?' (DbType = Int32), @p1='?' (Size = 2), @p2='?' (DbType = Int32), @p3='?' (Size = 13), @p4='?' (DbType = Boolean), @p5='?' (DbType = Int32), @p6='?'], CommandType='"Text"', CommandTimeout='30']
INSERT INTO "DxccEntities" ("EntityCode", "Continent", "CqZone", "EntityName", "IsDeleted", "ItuZone", "Notes")
VALUES (@p0, @p1, @p2, @p3, @p4, @p5, @p6);
2026-08-07 15:12:05.329 -07:00 [INF] Executed DbCommand (0ms) [Parameters=[@p0='?' (DbType = Int32), @p1='?' (Size = 2), @p2='?' (DbType = Int32), @p3='?' (Size = 5), @p4='?' (DbType = Boolean), @p5='?' (DbType = Int32), @p6='?'], CommandType='"Text"', CommandTimeout='30']
INSERT INTO "DxccEntities" ("EntityCode", "Continent", "CqZone", "EntityName", "IsDeleted", "ItuZone", "Notes")
VALUES (@p0, @p1, @p2, @p3, @p4, @p5, @p6);
2026-08-07 15:12:05.329 -07:00 [INF] Executed DbCommand (0ms) [Parameters=[@p0='?' (DbType = Int32), @p1='?' (Size = 2), @p2='?' (DbType = Int32), @p3='?' (Size = 7), @p4='?' (DbType = Boolean), @p5='?' (DbType = Int32), @p6='?'], CommandType='"Text"', CommandTimeout='30']
INSERT INTO "DxccEntities" ("EntityCode", "Continent", "CqZone", "EntityName", "IsDeleted", "ItuZone", "Notes")
VALUES (@p0, @p1, @p2, @p3, @p4, @p5, @p6);
2026-08-07 15:12:05.330 -07:00 [INF] Executed DbCommand (0ms) [Parameters=[@p0='?' (DbType = Int32), @p1='?' (Size = 2), @p2='?' (DbType = Int32), @p3='?' (Size = 7), @p4='?' (DbType = Boolean), @p5='?' (DbType = Int32), @p6='?'], CommandType='"Text"', CommandTimeout='30']
INSERT INTO "DxccEntities" ("EntityCode", "Continent", "CqZone", "EntityName", "IsDeleted", "ItuZone", "Notes")
VALUES (@p0, @p1, @p2, @p3, @p4, @p5, @p6);
2026-08-07 15:12:05.330 -07:00 [INF] Executed DbCommand (0ms) [Parameters=[@p0='?' (DbType = Int32), @p1='?' (Size = 2), @p2='?' (DbType = Int32), @p3='?' (Size = 5), @p4='?' (DbType = Boolean), @p5='?' (DbType = Int32), @p6='?'], CommandType='"Text"', CommandTimeout='30']
INSERT INTO "DxccEntities" ("EntityCode", "Continent", "CqZone", "EntityName", "IsDeleted", "ItuZone", "Notes")
VALUES (@p0, @p1, @p2, @p3, @p4, @p5, @p6);
2026-08-07 15:12:05.330 -07:00 [INF] Executed DbCommand (0ms) [Parameters=[@p0='?' (DbType = Int32), @p1='?' (Size = 2), @p2='?' (DbType = Int32), @p3='?' (Size = 10), @p4='?' (DbType = Boolean), @p5='?' (DbType = Int32), @p6='?'], CommandType='"Text"', CommandTimeout='30']
INSERT INTO "DxccEntities" ("EntityCode", "Continent", "CqZone", "EntityName", "IsDeleted", "ItuZone", "Notes")
VALUES (@p0, @p1, @p2, @p3, @p4, @p5, @p6);
2026-08-07 15:12:05.330 -07:00 [INF] Executed DbCommand (0ms) [Parameters=[@p0='?' (DbType = Int32), @p1='?' (Size = 2), @p2='?' (DbType = Int32), @p3='?' (Size = 6), @p4='?' (DbType = Boolean), @p5='?' (DbType = Int32), @p6='?'], CommandType='"Text"', CommandTimeout='30']
INSERT INTO "DxccEntities" ("EntityCode", "Continent", "CqZone", "EntityName", "IsDeleted", "ItuZone", "Notes")
VALUES (@p0, @p1, @p2, @p3, @p4, @p5, @p6);
2026-08-07 15:12:05.330 -07:00 [INF] Executed DbCommand (0ms) [Parameters=[@p0='?' (DbType = Int32), @p1='?' (Size = 2), @p2='?' (DbType = Int32), @p3='?' (Size = 4), @p4='?' (DbType = Boolean), @p5='?' (DbType = Int32), @p6='?'], CommandType='"Text"', CommandTimeout='30']
INSERT INTO "DxccEntities" ("EntityCode", "Continent", "CqZone", "EntityName", "IsDeleted", "ItuZone", "Notes")
VALUES (@p0, @p1, @p2, @p3, @p4, @p5, @p6);
2026-08-07 15:12:05.330 -07:00 [INF] Executed DbCommand (0ms) [Parameters=[@p0='?' (DbType = Int32), @p1='?' (Size = 2), @p2='?' (DbType = Int32), @p3='?' (Size = 10), @p4='?' (DbType = Boolean), @p5='?' (DbType = Int32), @p6='?'], CommandType='"Text"', CommandTimeout='30']
INSERT INTO "DxccEntities" ("EntityCode", "Continent", "CqZone", "EntityName", "IsDeleted", "ItuZone", "Notes")
VALUES (@p0, @p1, @p2, @p3, @p4, @p5, @p6);
2026-08-07 15:12:05.330 -07:00 [INF] Executed DbCommand (0ms) [Parameters=[@p0='?' (DbType = Int32), @p1='?' (Size = 2), @p2='?' (DbType = Int32), @p3='?' (Size = 7), @p4='?' (DbType = Boolean), @p5='?' (DbType = Int32), @p6='?'], CommandType='"Text"', CommandTimeout='30']
INSERT INTO "DxccEntities" ("EntityCode", "Continent", "CqZone", "EntityName", "IsDeleted", "ItuZone", "Notes")
VALUES (@p0, @p1, @p2, @p3, @p4, @p5, @p6);
2026-08-07 15:12:05.330 -07:00 [INF] Executed DbCommand (0ms) [Parameters=[@p0='?' (DbType = Int32), @p1='?' (Size = 2), @p2='?' (DbType = Int32), @p3='?' (Size = 7), @p4='?' (DbType = Boolean), @p5='?' (DbType = Int32), @p6='?'], CommandType='"Text"', CommandTimeout='30']
INSERT INTO "DxccEntities" ("EntityCode", "Continent", "CqZone", "EntityName", "IsDeleted", "ItuZone", "Notes")
VALUES (@p0, @p1, @p2, @p3, @p4, @p5, @p6);
2026-08-07 15:12:05.330 -07:00 [INF] Executed DbCommand (0ms) [Parameters=[@p0='?' (DbType = Int32), @p1='?' (Size = 2), @p2='?' (DbType = Int32), @p3='?' (Size = 8), @p4='?' (DbType = Boolean), @p5='?' (DbType = Int32), @p6='?'], CommandType='"Text"', CommandTimeout='30']
INSERT INTO "DxccEntities" ("EntityCode", "Continent", "CqZone", "EntityName", "IsDeleted", "ItuZone", "Notes")
VALUES (@p0, @p1, @p2, @p3, @p4, @p5, @p6);
2026-08-07 15:12:05.330 -07:00 [INF] Executed DbCommand (0ms) [Parameters=[@p0='?' (DbType = Int32), @p1='?' (Size = 2), @p2='?' (DbType = Int32), @p3='?' (Size = 10), @p4='?' (DbType = Boolean), @p5='?' (DbType = Int32), @p6='?'], CommandType='"Text"', CommandTimeout='30']
INSERT INTO "DxccEntities" ("EntityCode", "Continent", "CqZone", "EntityName", "IsDeleted", "ItuZone", "Notes")
VALUES (@p0, @p1, @p2, @p3, @p4, @p5, @p6);
2026-08-07 15:12:05.330 -07:00 [INF] Executed DbCommand (0ms) [Parameters=[@p0='?' (DbType = Int32), @p1='?' (Size = 2), @p2='?' (DbType = Int32), @p3='?' (Size = 6), @p4='?' (DbType = Boolean), @p5='?' (DbType = Int32), @p6='?'], CommandType='"Text"', CommandTimeout='30']
INSERT INTO "DxccEntities" ("EntityCode", "Continent", "CqZone", "EntityName", "IsDeleted", "ItuZone", "Notes")
VALUES (@p0, @p1, @p2, @p3, @p4, @p5, @p6);
2026-08-07 15:12:05.330 -07:00 [INF] Executed DbCommand (0ms) [Parameters=[@p0='?' (DbType = Int32), @p1='?' (Size = 2), @p2='?' (DbType = Int32), @p3='?' (Size = 7), @p4='?' (DbType = Boolean), @p5='?' (DbType = Int32), @p6='?'], CommandType='"Text"', CommandTimeout='30']
INSERT INTO "DxccEntities" ("EntityCode", "Continent", "CqZone", "EntityName", "IsDeleted", "ItuZone", "Notes")
VALUES (@p0, @p1, @p2, @p3, @p4, @p5, @p6);
2026-08-07 15:12:05.330 -07:00 [INF] Executed DbCommand (0ms) [Parameters=[@p0='?' (DbType = Int32), @p1='?' (Size = 2), @p2='?' (DbType = Int32), @p3='?' (Size = 12), @p4='?' (DbType = Boolean), @p5='?' (DbType = Int32), @p6='?'], CommandType='"Text"', CommandTimeout='30']
INSERT INTO "DxccEntities" ("EntityCode", "Continent", "CqZone", "EntityName", "IsDeleted", "ItuZone", "Notes")
VALUES (@p0, @p1, @p2, @p3, @p4, @p5, @p6);
2026-08-07 15:12:05.330 -07:00 [INF] Executed DbCommand (0ms) [Parameters=[@p0='?' (DbType = Int32), @p1='?' (Size = 2), @p2='?' (DbType = Int32), @p3='?' (Size = 9), @p4='?' (DbType = Boolean), @p5='?' (DbType = Int32), @p6='?'], CommandType='"Text"', CommandTimeout='30']
INSERT INTO "DxccEntities" ("EntityCode", "Continent", "CqZone", "EntityName", "IsDeleted", "ItuZone", "Notes")
VALUES (@p0, @p1, @p2, @p3, @p4, @p5, @p6);
2026-08-07 15:12:05.330 -07:00 [INF] Executed DbCommand (0ms) [Parameters=[@p0='?' (DbType = Int32), @p1='?' (Size = 2), @p2='?' (DbType = Int32), @p3='?' (Size = 24), @p4='?' (DbType = Boolean), @p5='?' (DbType = Int32), @p6='?'], CommandType='"Text"', CommandTimeout='30']
INSERT INTO "DxccEntities" ("EntityCode", "Continent", "CqZone", "EntityName", "IsDeleted", "ItuZone", "Notes")
VALUES (@p0, @p1, @p2, @p3, @p4, @p5, @p6);
2026-08-07 15:12:05.330 -07:00 [INF] Executed DbCommand (0ms) [Parameters=[@p0='?' (DbType = Int32), @p1='?' (Size = 2), @p2='?' (DbType = Int32), @p3='?' (Size = 7), @p4='?' (DbType = Boolean), @p5='?' (DbType = Int32), @p6='?'], CommandType='"Text"', CommandTimeout='30']
INSERT INTO "DxccEntities" ("EntityCode", "Continent", "CqZone", "EntityName", "IsDeleted", "ItuZone", "Notes")
VALUES (@p0, @p1, @p2, @p3, @p4, @p5, @p6);
2026-08-07 15:12:05.330 -07:00 [INF] Executed DbCommand (0ms) [Parameters=[@p0='?' (DbType = Int32), @p1='?' (Size = 2), @p2='?' (DbType = Int32), @p3='?' (Size = 5), @p4='?' (DbType = Boolean), @p5='?' (DbType = Int32), @p6='?'], CommandType='"Text"', CommandTimeout='30']
INSERT INTO "DxccEntities" ("EntityCode", "Continent", "CqZone", "EntityName", "IsDeleted", "ItuZone", "Notes")
VALUES (@p0, @p1, @p2, @p3, @p4, @p5, @p6);
2026-08-07 15:12:05.330 -07:00 [INF] Executed DbCommand (0ms) [Parameters=[@p0='?' (DbType = Int32), @p1='?' (Size = 2), @p2='?' (DbType = Int32), @p3='?' (Size = 19), @p4='?' (DbType = Boolean), @p5='?' (DbType = Int32), @p6='?'], CommandType='"Text"', CommandTimeout='30']
INSERT INTO "DxccEntities" ("EntityCode", "Continent", "CqZone", "EntityName", "IsDeleted", "ItuZone", "Notes")
VALUES (@p0, @p1, @p2, @p3, @p4, @p5, @p6);
2026-08-07 15:12:05.330 -07:00 [INF] Executed DbCommand (0ms) [Parameters=[@p0='?' (DbType = Int32), @p1='?' (Size = 2), @p2='?' (DbType = Int32), @p3='?' (Size = 8), @p4='?' (DbType = Boolean), @p5='?' (DbType = Int32), @p6='?'], CommandType='"Text"', CommandTimeout='30']
INSERT INTO "DxccEntities" ("EntityCode", "Continent", "CqZone", "EntityName", "IsDeleted", "ItuZone", "Notes")
VALUES (@p0, @p1, @p2, @p3, @p4, @p5, @p6);
2026-08-07 15:12:05.330 -07:00 [INF] Executed DbCommand (0ms) [Parameters=[@p0='?' (DbType = Int32), @p1='?' (Size = 2), @p2='?' (DbType = Int32), @p3='?' (Size = 7), @p4='?' (DbType = Boolean), @p5='?' (DbType = Int32), @p6='?'], CommandType='"Text"', CommandTimeout='30']
INSERT INTO "DxccEntities" ("EntityCode", "Continent", "CqZone", "EntityName", "IsDeleted", "ItuZone", "Notes")
VALUES (@p0, @p1, @p2, @p3, @p4, @p5, @p6);
2026-08-07 15:12:05.330 -07:00 [INF] Executed DbCommand (0ms) [Parameters=[@p0='?' (DbType = Int32), @p1='?' (Size = 2), @p2='?' (DbType = Int32), @p3='?' (Size = 5), @p4='?' (DbType = Boolean), @p5='?' (DbType = Int32), @p6='?'], CommandType='"Text"', CommandTimeout='30']
INSERT INTO "DxccEntities" ("EntityCode", "Continent", "CqZone", "EntityName", "IsDeleted", "ItuZone", "Notes")
VALUES (@p0, @p1, @p2, @p3, @p4, @p5, @p6);
2026-08-07 15:12:05.330 -07:00 [INF] Executed DbCommand (0ms) [Parameters=[@p0='?' (DbType = Int32), @p1='?' (Size = 2), @p2='?' (DbType = Int32), @p3='?' (Size = 12), @p4='?' (DbType = Boolean), @p5='?' (DbType = Int32), @p6='?'], CommandType='"Text"', CommandTimeout='30']
INSERT INTO "DxccEntities" ("EntityCode", "Continent", "CqZone", "EntityName", "IsDeleted", "ItuZone", "Notes")
VALUES (@p0, @p1, @p2, @p3, @p4, @p5, @p6);
2026-08-07 15:12:05.330 -07:00 [INF] Executed DbCommand (0ms) [Parameters=[@p0='?' (DbType = Int32), @p1='?' (Size = 2), @p2='?' (DbType = Int32), @p3='?' (Size = 6), @p4='?' (DbType = Boolean), @p5='?' (DbType = Int32), @p6='?'], CommandType='"Text"', CommandTimeout='30']
INSERT INTO "DxccEntities" ("EntityCode", "Continent", "CqZone", "EntityName", "IsDeleted", "ItuZone", "Notes")
VALUES (@p0, @p1, @p2, @p3, @p4, @p5, @p6);
2026-08-07 15:12:05.330 -07:00 [INF] Executed DbCommand (0ms) [Parameters=[@p0='?' (DbType = Int32), @p1='?' (Size = 2), @p2='?' (DbType = Int32), @p3='?' (Size = 4), @p4='?' (DbType = Boolean), @p5='?' (DbType = Int32), @p6='?'], CommandType='"Text"', CommandTimeout='30']
INSERT INTO "DxccEntities" ("EntityCode", "Continent", "CqZone", "EntityName", "IsDeleted", "ItuZone", "Notes")
VALUES (@p0, @p1, @p2, @p3, @p4, @p5, @p6);
2026-08-07 15:12:05.330 -07:00 [INF] Executed DbCommand (0ms) [Parameters=[@p0='?' (DbType = Int32), @p1='?' (Size = 2), @p2='?' (DbType = Int32), @p3='?' (Size = 11), @p4='?' (DbType = Boolean), @p5='?' (DbType = Int32), @p6='?'], CommandType='"Text"', CommandTimeout='30']
INSERT INTO "DxccEntities" ("EntityCode", "Continent", "CqZone", "EntityName", "IsDeleted", "ItuZone", "Notes")
VALUES (@p0, @p1, @p2, @p3, @p4, @p5, @p6);
2026-08-07 15:12:05.330 -07:00 [INF] Executed DbCommand (0ms) [Parameters=[@p0='?' (DbType = Int32), @p1='?' (Size = 2), @p2='?' (DbType = Int32), @p3='?' (Size = 20), @p4='?' (DbType = Boolean), @p5='?' (DbType = Int32), @p6='?'], CommandType='"Text"', CommandTimeout='30']
INSERT INTO "DxccEntities" ("EntityCode", "Continent", "CqZone", "EntityName", "IsDeleted", "ItuZone", "Notes")
VALUES (@p0, @p1, @p2, @p3, @p4, @p5, @p6);
2026-08-07 15:12:05.330 -07:00 [INF] Executed DbCommand (0ms) [Parameters=[@p0='?' (DbType = Int32), @p1='?' (Size = 2), @p2='?' (DbType = Int32), @p3='?' (Size = 5), @p4='?' (DbType = Boolean), @p5='?' (DbType = Int32), @p6='?'], CommandType='"Text"', CommandTimeout='30']
INSERT INTO "DxccEntities" ("EntityCode", "Continent", "CqZone", "EntityName", "IsDeleted", "ItuZone", "Notes")
VALUES (@p0, @p1, @p2, @p3, @p4, @p5, @p6);
2026-08-07 15:12:05.330 -07:00 [INF] Executed DbCommand (0ms) [Parameters=[@p0='?' (DbType = Int32), @p1='?' (Size = 2), @p2='?' (DbType = Int32), @p3='?' (Size = 7), @p4='?' (DbType = Boolean), @p5='?' (DbType = Int32), @p6='?'], CommandType='"Text"', CommandTimeout='30']
INSERT INTO "DxccEntities" ("EntityCode", "Continent", "CqZone", "EntityName", "IsDeleted", "ItuZone", "Notes")
VALUES (@p0, @p1, @p2, @p3, @p4, @p5, @p6);
2026-08-07 15:12:05.330 -07:00 [INF] Executed DbCommand (0ms) [Parameters=[@p0='?' (DbType = Int32), @p1='?' (Size = 2), @p2='?' (DbType = Int32), @p3='?' (Size = 8), @p4='?' (DbType = Boolean), @p5='?' (DbType = Int32), @p6='?'], CommandType='"Text"', CommandTimeout='30']
INSERT INTO "DxccEntities" ("EntityCode", "Continent", "CqZone", "EntityName", "IsDeleted", "ItuZone", "Notes")
VALUES (@p0, @p1, @p2, @p3, @p4, @p5, @p6);
2026-08-07 15:12:05.330 -07:00 [INF] Executed DbCommand (0ms) [Parameters=[@p0='?' (DbType = Int32), @p1='?' (Size = 2), @p2='?' (DbType = Int32), @p3='?' (Size = 18), @p4='?' (DbType = Boolean), @p5='?' (DbType = Int32), @p6='?'], CommandType='"Text"', CommandTimeout='30']
INSERT INTO "DxccEntities" ("EntityCode", "Continent", "CqZone", "EntityName", "IsDeleted", "ItuZone", "Notes")
VALUES (@p0, @p1, @p2, @p3, @p4, @p5, @p6);
2026-08-07 15:12:05.330 -07:00 [INF] Executed DbCommand (0ms) [Parameters=[@p0='?' (DbType = Int32), @p1='?' (Size = 2), @p2='?' (DbType = Int32), @p3='?' (Size = 29), @p4='?' (DbType = Boolean), @p5='?' (DbType = Int32), @p6='?'], CommandType='"Text"', CommandTimeout='30']
INSERT INTO "DxccEntities" ("EntityCode", "Continent", "CqZone", "EntityName", "IsDeleted", "ItuZone", "Notes")
VALUES (@p0, @p1, @p2, @p3, @p4, @p5, @p6);
2026-08-07 15:12:05.330 -07:00 [INF] Executed DbCommand (0ms) [Parameters=[@p0='?' (DbType = Int32), @p1='?' (Size = 2), @p2='?' (DbType = Int32), @p3='?' (Size = 14), @p4='?' (DbType = Boolean), @p5='?' (DbType = Int32), @p6='?'], CommandType='"Text"', CommandTimeout='30']
INSERT INTO "DxccEntities" ("EntityCode", "Continent", "CqZone", "EntityName", "IsDeleted", "ItuZone", "Notes")
VALUES (@p0, @p1, @p2, @p3, @p4, @p5, @p6);
2026-08-07 15:12:05.330 -07:00 [INF] Executed DbCommand (0ms) [Parameters=[@p0='?' (DbType = Int32), @p1='?' (Size = 2), @p2='?' (DbType = Int32), @p3='?' (Size = 15), @p4='?' (DbType = Boolean), @p5='?' (DbType = Int32), @p6='?'], CommandType='"Text"', CommandTimeout='30']
INSERT INTO "DxccEntities" ("EntityCode", "Continent", "CqZone", "EntityName", "IsDeleted", "ItuZone", "Notes")
VALUES (@p0, @p1, @p2, @p3, @p4, @p5, @p6);
2026-08-07 15:12:05.330 -07:00 [INF] Executed DbCommand (0ms) [Parameters=[@p0='?' (DbType = Int32), @p1='?' (Size = 2), @p2='?' (DbType = Int32), @p3='?' (Size = 9), @p4='?' (DbType = Boolean), @p5='?' (DbType = Int32), @p6='?'], CommandType='"Text"', CommandTimeout='30']
INSERT INTO "DxccEntities" ("EntityCode", "Continent", "CqZone", "EntityName", "IsDeleted", "ItuZone", "Notes")
VALUES (@p0, @p1, @p2, @p3, @p4, @p5, @p6);
2026-08-07 15:12:05.330 -07:00 [INF] Executed DbCommand (0ms) [Parameters=[@p0='?' (DbType = Int32), @p1='?' (Size = 2), @p2='?' (DbType = Int32), @p3='?' (Size = 16), @p4='?' (DbType = Boolean), @p5='?' (DbType = Int32), @p6='?'], CommandType='"Text"', CommandTimeout='30']
INSERT INTO "DxccEntities" ("EntityCode", "Continent", "CqZone", "EntityName", "IsDeleted", "ItuZone", "Notes")
VALUES (@p0, @p1, @p2, @p3, @p4, @p5, @p6);
2026-08-07 15:12:05.330 -07:00 [INF] Executed DbCommand (0ms) [Parameters=[@p0='?' (DbType = Int32), @p1='?' (Size = 2), @p2='?' (DbType = Int32), @p3='?' (Size = 15), @p4='?' (DbType = Boolean), @p5='?' (DbType = Int32), @p6='?'], CommandType='"Text"', CommandTimeout='30']
INSERT INTO "DxccEntities" ("EntityCode", "Continent", "CqZone", "EntityName", "IsDeleted", "ItuZone", "Notes")
VALUES (@p0, @p1, @p2, @p3, @p4, @p5, @p6);
2026-08-07 15:12:05.330 -07:00 [INF] Executed DbCommand (0ms) [Parameters=[@p0='?' (DbType = Int32), @p1='?' (Size = 2), @p2='?' (DbType = Int32), @p3='?' (Size = 10), @p4='?' (DbType = Boolean), @p5='?' (DbType = Int32), @p6='?'], CommandType='"Text"', CommandTimeout='30']
INSERT INTO "DxccEntities" ("EntityCode", "Continent", "CqZone", "EntityName", "IsDeleted", "ItuZone", "Notes")
VALUES (@p0, @p1, @p2, @p3, @p4, @p5, @p6);
2026-08-07 15:12:05.330 -07:00 [INF] Executed DbCommand (0ms) [Parameters=[@p0='?' (DbType = Int32), @p1='?' (Size = 2), @p2='?' (DbType = Int32), @p3='?' (Size = 13), @p4='?' (DbType = Boolean), @p5='?' (DbType = Int32), @p6='?'], CommandType='"Text"', CommandTimeout='30']
INSERT INTO "DxccEntities" ("EntityCode", "Continent", "CqZone", "EntityName", "IsDeleted", "ItuZone", "Notes")
VALUES (@p0, @p1, @p2, @p3, @p4, @p5, @p6);
2026-08-07 15:12:05.330 -07:00 [INF] Executed DbCommand (0ms) [Parameters=[@p0='?' (DbType = Int32), @p1='?' (Size = 2), @p2='?' (DbType = Int32), @p3='?' (Size = 9), @p4='?' (DbType = Boolean), @p5='?' (DbType = Int32), @p6='?'], CommandType='"Text"', CommandTimeout='30']
INSERT INTO "DxccEntities" ("EntityCode", "Continent", "CqZone", "EntityName", "IsDeleted", "ItuZone", "Notes")
VALUES (@p0, @p1, @p2, @p3, @p4, @p5, @p6);
2026-08-07 15:12:05.330 -07:00 [INF] Executed DbCommand (0ms) [Parameters=[@p0='?' (DbType = Int32), @p1='?' (Size = 2), @p2='?' (DbType = Int32), @p3='?' (Size = 11), @p4='?' (DbType = Boolean), @p5='?' (DbType = Int32), @p6='?'], CommandType='"Text"', CommandTimeout='30']
INSERT INTO "DxccEntities" ("EntityCode", "Continent", "CqZone", "EntityName", "IsDeleted", "ItuZone", "Notes")
VALUES (@p0, @p1, @p2, @p3, @p4, @p5, @p6);
2026-08-07 15:12:05.330 -07:00 [INF] Executed DbCommand (0ms) [Parameters=[@p0='?' (DbType = Int32), @p1='?' (Size = 2), @p2='?' (DbType = Int32), @p3='?' (Size = 16), @p4='?' (DbType = Boolean), @p5='?' (DbType = Int32), @p6='?'], CommandType='"Text"', CommandTimeout='30']
INSERT INTO "DxccEntities" ("EntityCode", "Continent", "CqZone", "EntityName", "IsDeleted", "ItuZone", "Notes")
VALUES (@p0, @p1, @p2, @p3, @p4, @p5, @p6);
2026-08-07 15:12:05.331 -07:00 [INF] Executed DbCommand (0ms) [Parameters=[@p0='?' (DbType = Int32), @p1='?' (Size = 2), @p2='?' (DbType = Int32), @p3='?' (Size = 8), @p4='?' (DbType = Boolean), @p5='?' (DbType = Int32), @p6='?'], CommandType='"Text"', CommandTimeout='30']
INSERT INTO "DxccEntities" ("EntityCode", "Continent", "CqZone", "EntityName", "IsDeleted", "ItuZone", "Notes")
VALUES (@p0, @p1, @p2, @p3, @p4, @p5, @p6);
2026-08-07 15:12:05.331 -07:00 [INF] Executed DbCommand (0ms) [Parameters=[@p0='?' (DbType = Int32), @p1='?' (Size = 2), @p2='?' (DbType = Int32), @p3='?' (Size = 10), @p4='?' (DbType = Boolean), @p5='?' (DbType = Int32), @p6='?'], CommandType='"Text"', CommandTimeout='30']
INSERT INTO "DxccEntities" ("EntityCode", "Continent", "CqZone", "EntityName", "IsDeleted", "ItuZone", "Notes")
VALUES (@p0, @p1, @p2, @p3, @p4, @p5, @p6);
2026-08-07 15:12:05.331 -07:00 [INF] Executed DbCommand (0ms) [Parameters=[@p0='?' (DbType = Int32), @p1='?' (Size = 2), @p2='?' (DbType = Int32), @p3='?' (Size = 9), @p4='?' (DbType = Boolean), @p5='?' (DbType = Int32), @p6='?'], CommandType='"Text"', CommandTimeout='30']
INSERT INTO "DxccEntities" ("EntityCode", "Continent", "CqZone", "EntityName", "IsDeleted", "ItuZone", "Notes")
VALUES (@p0, @p1, @p2, @p3, @p4, @p5, @p6);
2026-08-07 15:12:05.331 -07:00 [INF] Executed DbCommand (0ms) [Parameters=[@p0='?' (DbType = Int32), @p1='?' (Size = 2), @p2='?' (DbType = Int32), @p3='?' (Size = 16), @p4='?' (DbType = Boolean), @p5='?' (DbType = Int32), @p6='?'], CommandType='"Text"', CommandTimeout='30']
INSERT INTO "DxccEntities" ("EntityCode", "Continent", "CqZone", "EntityName", "IsDeleted", "ItuZone", "Notes")
VALUES (@p0, @p1, @p2, @p3, @p4, @p5, @p6);
2026-08-07 15:12:05.331 -07:00 [INF] Executed DbCommand (0ms) [Parameters=[@p0='?' (DbType = Int32), @p1='?' (Size = 2), @p2='?' (DbType = Int32), @p3='?' (Size = 7), @p4='?' (DbType = Boolean), @p5='?' (DbType = Int32), @p6='?'], CommandType='"Text"', CommandTimeout='30']
INSERT INTO "DxccEntities" ("EntityCode", "Continent", "CqZone", "EntityName", "IsDeleted", "ItuZone", "Notes")
VALUES (@p0, @p1, @p2, @p3, @p4, @p5, @p6);
2026-08-07 15:12:05.331 -07:00 [INF] Executed DbCommand (0ms) [Parameters=[@p0='?' (DbType = Int32), @p1='?' (Size = 2), @p2='?' (DbType = Int32), @p3='?' (Size = 12), @p4='?' (DbType = Boolean), @p5='?' (DbType = Int32), @p6='?'], CommandType='"Text"', CommandTimeout='30']
INSERT INTO "DxccEntities" ("EntityCode", "Continent", "CqZone", "EntityName", "IsDeleted", "ItuZone", "Notes")
VALUES (@p0, @p1, @p2, @p3, @p4, @p5, @p6);
2026-08-07 15:12:05.331 -07:00 [INF] Executed DbCommand (0ms) [Parameters=[@p0='?' (DbType = Int32), @p1='?' (Size = 2), @p2='?' (DbType = Int32), @p3='?' (Size = 20), @p4='?' (DbType = Boolean), @p5='?' (DbType = Int32), @p6='?'], CommandType='"Text"', CommandTimeout='30']
INSERT INTO "DxccEntities" ("EntityCode", "Continent", "CqZone", "EntityName", "IsDeleted", "ItuZone", "Notes")
VALUES (@p0, @p1, @p2, @p3, @p4, @p5, @p6);
2026-08-07 15:12:05.331 -07:00 [INF] Executed DbCommand (0ms) [Parameters=[@p0='?' (DbType = Int32), @p1='?' (Size = 2), @p2='?' (DbType = Int32), @p3='?' (Size = 7), @p4='?' (DbType = Boolean), @p5='?' (DbType = Int32), @p6='?'], CommandType='"Text"', CommandTimeout='30']
INSERT INTO "DxccEntities" ("EntityCode", "Continent", "CqZone", "EntityName", "IsDeleted", "ItuZone", "Notes")
VALUES (@p0, @p1, @p2, @p3, @p4, @p5, @p6);
2026-08-07 15:12:05.331 -07:00 [INF] Executed DbCommand (0ms) [Parameters=[@p0='?' (DbType = Int32), @p1='?' (Size = 2), @p2='?' (DbType = Int32), @p3='?' (Size = 25), @p4='?' (DbType = Boolean), @p5='?' (DbType = Int32), @p6='?'], CommandType='"Text"', CommandTimeout='30']
INSERT INTO "DxccEntities" ("EntityCode", "Continent", "CqZone", "EntityName", "IsDeleted", "ItuZone", "Notes")
VALUES (@p0, @p1, @p2, @p3, @p4, @p5, @p6);
2026-08-07 15:12:05.331 -07:00 [INF] Executed DbCommand (0ms) [Parameters=[@p0='?' (DbType = Int32), @p1='?' (Size = 2), @p2='?' (DbType = Int32), @p3='?' (Size = 18), @p4='?' (DbType = Boolean), @p5='?' (DbType = Int32), @p6='?'], CommandType='"Text"', CommandTimeout='30']
INSERT INTO "DxccEntities" ("EntityCode", "Continent", "CqZone", "EntityName", "IsDeleted", "ItuZone", "Notes")
VALUES (@p0, @p1, @p2, @p3, @p4, @p5, @p6);
2026-08-07 15:12:05.331 -07:00 [INF] Executed DbCommand (0ms) [Parameters=[@p0='?' (DbType = Int32), @p1='?' (Size = 2)], CommandType='"Text"', CommandTimeout='30']
INSERT INTO "PrefixMappings" ("DxccEntityCode", "Prefix")
VALUES (@p0, @p1)
RETURNING "Id";
2026-08-07 15:12:05.335 -07:00 [INF] Executed DbCommand (0ms) [Parameters=[@p0='?' (DbType = Int32), @p1='?' (Size = 2)], CommandType='"Text"', CommandTimeout='30']
INSERT INTO "PrefixMappings" ("DxccEntityCode", "Prefix")
VALUES (@p0, @p1)
RETURNING "Id";
2026-08-07 15:12:05.335 -07:00 [INF] Executed DbCommand (0ms) [Parameters=[@p0='?' (DbType = Int32), @p1='?' (Size = 2)], CommandType='"Text"', CommandTimeout='30']
INSERT INTO "PrefixMappings" ("DxccEntityCode", "Prefix")
VALUES (@p0, @p1)
RETURNING "Id";
2026-08-07 15:12:05.335 -07:00 [INF] Executed DbCommand (0ms) [Parameters=[@p0='?' (DbType = Int32), @p1='?' (Size = 2)], CommandType='"Text"', CommandTimeout='30']
INSERT INTO "PrefixMappings" ("DxccEntityCode", "Prefix")
VALUES (@p0, @p1)
RETURNING "Id";
2026-08-07 15:12:05.335 -07:00 [INF] Executed DbCommand (0ms) [Parameters=[@p0='?' (DbType = Int32), @p1='?' (Size = 2)], CommandType='"Text"', CommandTimeout='30']
INSERT INTO "PrefixMappings" ("DxccEntityCode", "Prefix")
VALUES (@p0, @p1)
RETURNING "Id";
2026-08-07 15:12:05.335 -07:00 [INF] Executed DbCommand (0ms) [Parameters=[@p0='?' (DbType = Int32), @p1='?' (Size = 2)], CommandType='"Text"', CommandTimeout='30']
INSERT INTO "PrefixMappings" ("DxccEntityCode", "Prefix")
VALUES (@p0, @p1)
RETURNING "Id";
2026-08-07 15:12:05.335 -07:00 [INF] Executed DbCommand (0ms) [Parameters=[@p0='?' (DbType = Int32), @p1='?' (Size = 2)], CommandType='"Text"', CommandTimeout='30']
INSERT INTO "PrefixMappings" ("DxccEntityCode", "Prefix")
VALUES (@p0, @p1)
RETURNING "Id";
2026-08-07 15:12:05.335 -07:00 [INF] Executed DbCommand (0ms) [Parameters=[@p0='?' (DbType = Int32), @p1='?' (Size = 2)], CommandType='"Text"', CommandTimeout='30']
INSERT INTO "PrefixMappings" ("DxccEntityCode", "Prefix")
VALUES (@p0, @p1)
RETURNING "Id";
2026-08-07 15:12:05.335 -07:00 [INF] Executed DbCommand (0ms) [Parameters=[@p0='?' (DbType = Int32), @p1='?' (Size = 2)], CommandType='"Text"', CommandTimeout='30']
INSERT INTO "PrefixMappings" ("DxccEntityCode", "Prefix")
VALUES (@p0, @p1)
RETURNING "Id";
2026-08-07 15:12:05.335 -07:00 [INF] Executed DbCommand (0ms) [Parameters=[@p0='?' (DbType = Int32), @p1='?' (Size = 2)], CommandType='"Text"', CommandTimeout='30']
INSERT INTO "PrefixMappings" ("DxccEntityCode", "Prefix")
VALUES (@p0, @p1)
RETURNING "Id";
2026-08-07 15:12:05.335 -07:00 [INF] Executed DbCommand (0ms) [Parameters=[@p0='?' (DbType = Int32), @p1='?' (Size = 2)], CommandType='"Text"', CommandTimeout='30']
INSERT INTO "PrefixMappings" ("DxccEntityCode", "Prefix")
VALUES (@p0, @p1)
RETURNING "Id";
2026-08-07 15:12:05.335 -07:00 [INF] Executed DbCommand (0ms) [Parameters=[@p0='?' (DbType = Int32), @p1='?' (Size = 2)], CommandType='"Text"', CommandTimeout='30']
INSERT INTO "PrefixMappings" ("DxccEntityCode", "Prefix")
VALUES (@p0, @p1)
RETURNING "Id";
2026-08-07 15:12:05.335 -07:00 [INF] Executed DbCommand (0ms) [Parameters=[@p0='?' (DbType = Int32), @p1='?' (Size = 2)], CommandType='"Text"', CommandTimeout='30']
INSERT INTO "PrefixMappings" ("DxccEntityCode", "Prefix")
VALUES (@p0, @p1)
RETURNING "Id";
2026-08-07 15:12:05.335 -07:00 [INF] Executed DbCommand (0ms) [Parameters=[@p0='?' (DbType = Int32), @p1='?' (Size = 2)], CommandType='"Text"', CommandTimeout='30']
INSERT INTO "PrefixMappings" ("DxccEntityCode", "Prefix")
VALUES (@p0, @p1)
RETURNING "Id";
2026-08-07 15:12:05.335 -07:00 [INF] Executed DbCommand (0ms) [Parameters=[@p0='?' (DbType = Int32), @p1='?' (Size = 2)], CommandType='"Text"', CommandTimeout='30']
INSERT INTO "PrefixMappings" ("DxccEntityCode", "Prefix")
VALUES (@p0, @p1)
RETURNING "Id";
2026-08-07 15:12:05.336 -07:00 [INF] Executed DbCommand (0ms) [Parameters=[@p0='?' (DbType = Int32), @p1='?' (Size = 2)], CommandType='"Text"', CommandTimeout='30']
INSERT INTO "PrefixMappings" ("DxccEntityCode", "Prefix")
VALUES (@p0, @p1)
RETURNING "Id";
2026-08-07 15:12:05.336 -07:00 [INF] Executed DbCommand (0ms) [Parameters=[@p0='?' (DbType = Int32), @p1='?' (Size = 2)], CommandType='"Text"', CommandTimeout='30']
INSERT INTO "PrefixMappings" ("DxccEntityCode", "Prefix")
VALUES (@p0, @p1)
RETURNING "Id";
2026-08-07 15:12:05.336 -07:00 [INF] Executed DbCommand (0ms) [Parameters=[@p0='?' (DbType = Int32), @p1='?' (Size = 2)], CommandType='"Text"', CommandTimeout='30']
INSERT INTO "PrefixMappings" ("DxccEntityCode", "Prefix")
VALUES (@p0, @p1)
RETURNING "Id";
2026-08-07 15:12:05.336 -07:00 [INF] Executed DbCommand (0ms) [Parameters=[@p0='?' (DbType = Int32), @p1='?' (Size = 2)], CommandType='"Text"', CommandTimeout='30']
INSERT INTO "PrefixMappings" ("DxccEntityCode", "Prefix")
VALUES (@p0, @p1)
RETURNING "Id";
2026-08-07 15:12:05.336 -07:00 [INF] Executed DbCommand (0ms) [Parameters=[@p0='?' (DbType = Int32), @p1='?' (Size = 3)], CommandType='"Text"', CommandTimeout='30']
INSERT INTO "PrefixMappings" ("DxccEntityCode", "Prefix")
VALUES (@p0, @p1)
RETURNING "Id";
2026-08-07 15:12:05.336 -07:00 [INF] Executed DbCommand (0ms) [Parameters=[@p0='?' (DbType = Int32), @p1='?' (Size = 2)], CommandType='"Text"', CommandTimeout='30']
INSERT INTO "PrefixMappings" ("DxccEntityCode", "Prefix")
VALUES (@p0, @p1)
RETURNING "Id";
2026-08-07 15:12:05.336 -07:00 [INF] Executed DbCommand (0ms) [Parameters=[@p0='?' (DbType = Int32), @p1='?' (Size = 2)], CommandType='"Text"', CommandTimeout='30']
INSERT INTO "PrefixMappings" ("DxccEntityCode", "Prefix")
VALUES (@p0, @p1)
RETURNING "Id";
2026-08-07 15:12:05.336 -07:00 [INF] Executed DbCommand (0ms) [Parameters=[@p0='?' (DbType = Int32), @p1='?' (Size = 2)], CommandType='"Text"', CommandTimeout='30']
INSERT INTO "PrefixMappings" ("DxccEntityCode", "Prefix")
VALUES (@p0, @p1)
RETURNING "Id";
2026-08-07 15:12:05.336 -07:00 [INF] Executed DbCommand (0ms) [Parameters=[@p0='?' (DbType = Int32), @p1='?' (Size = 2)], CommandType='"Text"', CommandTimeout='30']
INSERT INTO "PrefixMappings" ("DxccEntityCode", "Prefix")
VALUES (@p0, @p1)
RETURNING "Id";
2026-08-07 15:12:05.336 -07:00 [INF] Executed DbCommand (0ms) [Parameters=[@p0='?' (DbType = Int32), @p1='?' (Size = 2)], CommandType='"Text"', CommandTimeout='30']
INSERT INTO "PrefixMappings" ("DxccEntityCode", "Prefix")
VALUES (@p0, @p1)
RETURNING "Id";
2026-08-07 15:12:05.336 -07:00 [INF] Executed DbCommand (0ms) [Parameters=[@p0='?' (DbType = Int32), @p1='?' (Size = 3)], CommandType='"Text"', CommandTimeout='30']
INSERT INTO "PrefixMappings" ("DxccEntityCode", "Prefix")
VALUES (@p0, @p1)
RETURNING "Id";
2026-08-07 15:12:05.336 -07:00 [INF] Executed DbCommand (0ms) [Parameters=[@p0='?' (DbType = Int32), @p1='?' (Size = 3)], CommandType='"Text"', CommandTimeout='30']
INSERT INTO "PrefixMappings" ("DxccEntityCode", "Prefix")
VALUES (@p0, @p1)
RETURNING "Id";
2026-08-07 15:12:05.336 -07:00 [INF] Executed DbCommand (0ms) [Parameters=[@p0='?' (DbType = Int32), @p1='?' (Size = 3)], CommandType='"Text"', CommandTimeout='30']
INSERT INTO "PrefixMappings" ("DxccEntityCode", "Prefix")
VALUES (@p0, @p1)
RETURNING "Id";
2026-08-07 15:12:05.336 -07:00 [INF] Executed DbCommand (0ms) [Parameters=[@p0='?' (DbType = Int32), @p1='?' (Size = 3)], CommandType='"Text"', CommandTimeout='30']
INSERT INTO "PrefixMappings" ("DxccEntityCode", "Prefix")
VALUES (@p0, @p1)
RETURNING "Id";
2026-08-07 15:12:05.336 -07:00 [INF] Executed DbCommand (0ms) [Parameters=[@p0='?' (DbType = Int32), @p1='?' (Size = 3)], CommandType='"Text"', CommandTimeout='30']
INSERT INTO "PrefixMappings" ("DxccEntityCode", "Prefix")
VALUES (@p0, @p1)
RETURNING "Id";
2026-08-07 15:12:05.336 -07:00 [INF] Executed DbCommand (0ms) [Parameters=[@p0='?' (DbType = Int32), @p1='?' (Size = 4)], CommandType='"Text"', CommandTimeout='30']
INSERT INTO "PrefixMappings" ("DxccEntityCode", "Prefix")
VALUES (@p0, @p1)
RETURNING "Id";
2026-08-07 15:12:05.336 -07:00 [INF] Executed DbCommand (0ms) [Parameters=[@p0='?' (DbType = Int32), @p1='?' (Size = 2)], CommandType='"Text"', CommandTimeout='30']
INSERT INTO "PrefixMappings" ("DxccEntityCode", "Prefix")
VALUES (@p0, @p1)
RETURNING "Id";
2026-08-07 15:12:05.336 -07:00 [INF] Executed DbCommand (0ms) [Parameters=[@p0='?' (DbType = Int32), @p1='?' (Size = 1)], CommandType='"Text"', CommandTimeout='30']
INSERT INTO "PrefixMappings" ("DxccEntityCode", "Prefix")
VALUES (@p0, @p1)
RETURNING "Id";
2026-08-07 15:12:05.336 -07:00 [INF] Executed DbCommand (0ms) [Parameters=[@p0='?' (DbType = Int32), @p1='?' (Size = 1)], CommandType='"Text"', CommandTimeout='30']
INSERT INTO "PrefixMappings" ("DxccEntityCode", "Prefix")
VALUES (@p0, @p1)
RETURNING "Id";
2026-08-07 15:12:05.336 -07:00 [INF] Executed DbCommand (0ms) [Parameters=[@p0='?' (DbType = Int32), @p1='?' (Size = 2)], CommandType='"Text"', CommandTimeout='30']
INSERT INTO "PrefixMappings" ("DxccEntityCode", "Prefix")
VALUES (@p0, @p1)
RETURNING "Id";
2026-08-07 15:12:05.336 -07:00 [INF] Executed DbCommand (0ms) [Parameters=[@p0='?' (DbType = Int32), @p1='?' (Size = 2)], CommandType='"Text"', CommandTimeout='30']
INSERT INTO "PrefixMappings" ("DxccEntityCode", "Prefix")
VALUES (@p0, @p1)
RETURNING "Id";
2026-08-07 15:12:05.336 -07:00 [INF] Executed DbCommand (0ms) [Parameters=[@p0='?' (DbType = Int32), @p1='?' (Size = 3)], CommandType='"Text"', CommandTimeout='30']
INSERT INTO "PrefixMappings" ("DxccEntityCode", "Prefix")
VALUES (@p0, @p1)
RETURNING "Id";
2026-08-07 15:12:05.336 -07:00 [INF] Executed DbCommand (0ms) [Parameters=[@p0='?' (DbType = Int32), @p1='?' (Size = 2)], CommandType='"Text"', CommandTimeout='30']
INSERT INTO "PrefixMappings" ("DxccEntityCode", "Prefix")
VALUES (@p0, @p1)
RETURNING "Id";
2026-08-07 15:12:05.336 -07:00 [INF] Executed DbCommand (0ms) [Parameters=[@p0='?' (DbType = Int32), @p1='?' (Size = 2)], CommandType='"Text"', CommandTimeout='30']
INSERT INTO "PrefixMappings" ("DxccEntityCode", "Prefix")
VALUES (@p0, @p1)
RETURNING "Id";
2026-08-07 15:12:05.336 -07:00 [INF] Executed DbCommand (0ms) [Parameters=[@p0='?' (DbType = Int32), @p1='?' (Size = 2)], CommandType='"Text"', CommandTimeout='30']
INSERT INTO "PrefixMappings" ("DxccEntityCode", "Prefix")
VALUES (@p0, @p1)
RETURNING "Id";
2026-08-07 15:12:05.337 -07:00 [INF] Executed DbCommand (0ms) [Parameters=[@p0='?' (DbType = Int32), @p1='?' (Size = 3)], CommandType='"Text"', CommandTimeout='30']
INSERT INTO "PrefixMappings" ("DxccEntityCode", "Prefix")
VALUES (@p0, @p1)
RETURNING "Id";
2026-08-07 15:12:05.337 -07:00 [INF] Executed DbCommand (0ms) [Parameters=[@p0='?' (DbType = Int32), @p1='?' (Size = 3)], CommandType='"Text"', CommandTimeout='30']
INSERT INTO "PrefixMappings" ("DxccEntityCode", "Prefix")
VALUES (@p0, @p1)
RETURNING "Id";
2026-08-07 15:12:05.337 -07:00 [INF] Executed DbCommand (0ms) [Parameters=[@p0='?' (DbType = Int32), @p1='?' (Size = 3)], CommandType='"Text"', CommandTimeout='30']
INSERT INTO "PrefixMappings" ("DxccEntityCode", "Prefix")
VALUES (@p0, @p1)
RETURNING "Id";
2026-08-07 15:12:05.337 -07:00 [INF] Executed DbCommand (0ms) [Parameters=[@p0='?' (DbType = Int32), @p1='?' (Size = 3)], CommandType='"Text"', CommandTimeout='30']
INSERT INTO "PrefixMappings" ("DxccEntityCode", "Prefix")
VALUES (@p0, @p1)
RETURNING "Id";
2026-08-07 15:12:05.337 -07:00 [INF] Executed DbCommand (0ms) [Parameters=[@p0='?' (DbType = Int32), @p1='?' (Size = 3)], CommandType='"Text"', CommandTimeout='30']
INSERT INTO "PrefixMappings" ("DxccEntityCode", "Prefix")
VALUES (@p0, @p1)
RETURNING "Id";
2026-08-07 15:12:05.337 -07:00 [INF] Executed DbCommand (0ms) [Parameters=[@p0='?' (DbType = Int32), @p1='?' (Size = 4)], CommandType='"Text"', CommandTimeout='30']
INSERT INTO "PrefixMappings" ("DxccEntityCode", "Prefix")
VALUES (@p0, @p1)
RETURNING "Id";
2026-08-07 15:12:05.337 -07:00 [INF] Executed DbCommand (0ms) [Parameters=[@p0='?' (DbType = Int32), @p1='?' (Size = 4)], CommandType='"Text"', CommandTimeout='30']
INSERT INTO "PrefixMappings" ("DxccEntityCode", "Prefix")
VALUES (@p0, @p1)
RETURNING "Id";
2026-08-07 15:12:05.337 -07:00 [INF] Executed DbCommand (0ms) [Parameters=[@p0='?' (DbType = Int32), @p1='?' (Size = 3)], CommandType='"Text"', CommandTimeout='30']
INSERT INTO "PrefixMappings" ("DxccEntityCode", "Prefix")
VALUES (@p0, @p1)
RETURNING "Id";
2026-08-07 15:12:05.337 -07:00 [INF] Executed DbCommand (0ms) [Parameters=[@p0='?' (DbType = Int32), @p1='?' (Size = 2)], CommandType='"Text"', CommandTimeout='30']
INSERT INTO "PrefixMappings" ("DxccEntityCode", "Prefix")
VALUES (@p0, @p1)
RETURNING "Id";
2026-08-07 15:12:05.337 -07:00 [INF] Executed DbCommand (0ms) [Parameters=[@p0='?' (DbType = Int32), @p1='?' (Size = 3)], CommandType='"Text"', CommandTimeout='30']
INSERT INTO "PrefixMappings" ("DxccEntityCode", "Prefix")
VALUES (@p0, @p1)
RETURNING "Id";
2026-08-07 15:12:05.337 -07:00 [INF] Executed DbCommand (0ms) [Parameters=[@p0='?' (DbType = Int32), @p1='?' (Size = 3)], CommandType='"Text"', CommandTimeout='30']
INSERT INTO "PrefixMappings" ("DxccEntityCode", "Prefix")
VALUES (@p0, @p1)
RETURNING "Id";
2026-08-07 15:12:05.337 -07:00 [INF] Executed DbCommand (0ms) [Parameters=[@p0='?' (DbType = Int32), @p1='?' (Size = 4)], CommandType='"Text"', CommandTimeout='30']
INSERT INTO "PrefixMappings" ("DxccEntityCode", "Prefix")
VALUES (@p0, @p1)
RETURNING "Id";
2026-08-07 15:12:05.337 -07:00 [INF] Executed DbCommand (0ms) [Parameters=[@p0='?' (DbType = Int32), @p1='?' (Size = 3)], CommandType='"Text"', CommandTimeout='30']
INSERT INTO "PrefixMappings" ("DxccEntityCode", "Prefix")
VALUES (@p0, @p1)
RETURNING "Id";
2026-08-07 15:12:05.337 -07:00 [INF] Executed DbCommand (0ms) [Parameters=[@p0='?' (DbType = Int32), @p1='?' (Size = 2)], CommandType='"Text"', CommandTimeout='30']
INSERT INTO "PrefixMappings" ("DxccEntityCode", "Prefix")
VALUES (@p0, @p1)
RETURNING "Id";
2026-08-07 15:12:05.337 -07:00 [INF] Executed DbCommand (0ms) [Parameters=[@p0='?' (DbType = Int32), @p1='?' (Size = 2)], CommandType='"Text"', CommandTimeout='30']
INSERT INTO "PrefixMappings" ("DxccEntityCode", "Prefix")
VALUES (@p0, @p1)
RETURNING "Id";
2026-08-07 15:12:05.337 -07:00 [INF] Executed DbCommand (0ms) [Parameters=[@p0='?' (DbType = Int32), @p1='?' (Size = 2)], CommandType='"Text"', CommandTimeout='30']
INSERT INTO "PrefixMappings" ("DxccEntityCode", "Prefix")
VALUES (@p0, @p1)
RETURNING "Id";
2026-08-07 15:12:05.337 -07:00 [INF] Executed DbCommand (0ms) [Parameters=[@p0='?' (DbType = Int32), @p1='?' (Size = 2)], CommandType='"Text"', CommandTimeout='30']
INSERT INTO "PrefixMappings" ("DxccEntityCode", "Prefix")
VALUES (@p0, @p1)
RETURNING "Id";
2026-08-07 15:12:05.337 -07:00 [INF] Executed DbCommand (0ms) [Parameters=[@p0='?' (DbType = Int32), @p1='?' (Size = 2)], CommandType='"Text"', CommandTimeout='30']
INSERT INTO "PrefixMappings" ("DxccEntityCode", "Prefix")
VALUES (@p0, @p1)
RETURNING "Id";
2026-08-07 15:12:05.337 -07:00 [INF] Executed DbCommand (0ms) [Parameters=[@p0='?' (DbType = Int32), @p1='?' (Size = 2)], CommandType='"Text"', CommandTimeout='30']
INSERT INTO "PrefixMappings" ("DxccEntityCode", "Prefix")
VALUES (@p0, @p1)
RETURNING "Id";
2026-08-07 15:12:05.337 -07:00 [INF] Executed DbCommand (0ms) [Parameters=[@p0='?' (DbType = Int32), @p1='?' (Size = 2)], CommandType='"Text"', CommandTimeout='30']
INSERT INTO "PrefixMappings" ("DxccEntityCode", "Prefix")
VALUES (@p0, @p1)
RETURNING "Id";
2026-08-07 15:12:05.337 -07:00 [INF] Executed DbCommand (0ms) [Parameters=[@p0='?' (DbType = Int32), @p1='?' (Size = 2)], CommandType='"Text"', CommandTimeout='30']
INSERT INTO "PrefixMappings" ("DxccEntityCode", "Prefix")
VALUES (@p0, @p1)
RETURNING "Id";
2026-08-07 15:12:05.337 -07:00 [INF] Executed DbCommand (0ms) [Parameters=[@p0='?' (DbType = Int32), @p1='?' (Size = 2)], CommandType='"Text"', CommandTimeout='30']
INSERT INTO "PrefixMappings" ("DxccEntityCode", "Prefix")
VALUES (@p0, @p1)
RETURNING "Id";
2026-08-07 15:12:05.337 -07:00 [INF] Executed DbCommand (0ms) [Parameters=[@p0='?' (DbType = Int32), @p1='?' (Size = 2)], CommandType='"Text"', CommandTimeout='30']
INSERT INTO "PrefixMappings" ("DxccEntityCode", "Prefix")
VALUES (@p0, @p1)
RETURNING "Id";
2026-08-07 15:12:05.337 -07:00 [INF] Executed DbCommand (0ms) [Parameters=[@p0='?' (DbType = Int32), @p1='?' (Size = 2)], CommandType='"Text"', CommandTimeout='30']
INSERT INTO "PrefixMappings" ("DxccEntityCode", "Prefix")
VALUES (@p0, @p1)
RETURNING "Id";
2026-08-07 15:12:05.337 -07:00 [INF] Executed DbCommand (0ms) [Parameters=[@p0='?' (DbType = Int32), @p1='?' (Size = 2)], CommandType='"Text"', CommandTimeout='30']
INSERT INTO "PrefixMappings" ("DxccEntityCode", "Prefix")
VALUES (@p0, @p1)
RETURNING "Id";
2026-08-07 15:12:05.337 -07:00 [INF] Executed DbCommand (0ms) [Parameters=[@p0='?' (DbType = Int32), @p1='?' (Size = 2)], CommandType='"Text"', CommandTimeout='30']
INSERT INTO "PrefixMappings" ("DxccEntityCode", "Prefix")
VALUES (@p0, @p1)
RETURNING "Id";
2026-08-07 15:12:05.337 -07:00 [INF] Executed DbCommand (0ms) [Parameters=[@p0='?' (DbType = Int32), @p1='?' (Size = 2)], CommandType='"Text"', CommandTimeout='30']
INSERT INTO "PrefixMappings" ("DxccEntityCode", "Prefix")
VALUES (@p0, @p1)
RETURNING "Id";
2026-08-07 15:12:05.338 -07:00 [INF] Executed DbCommand (0ms) [Parameters=[@p0='?' (DbType = Int32), @p1='?' (Size = 2)], CommandType='"Text"', CommandTimeout='30']
INSERT INTO "PrefixMappings" ("DxccEntityCode", "Prefix")
VALUES (@p0, @p1)
RETURNING "Id";
2026-08-07 15:12:05.338 -07:00 [INF] Executed DbCommand (0ms) [Parameters=[@p0='?' (DbType = Int32), @p1='?' (Size = 2)], CommandType='"Text"', CommandTimeout='30']
INSERT INTO "PrefixMappings" ("DxccEntityCode", "Prefix")
VALUES (@p0, @p1)
RETURNING "Id";
2026-08-07 15:12:05.338 -07:00 [INF] Executed DbCommand (0ms) [Parameters=[@p0='?' (DbType = Int32), @p1='?' (Size = 2)], CommandType='"Text"', CommandTimeout='30']
INSERT INTO "PrefixMappings" ("DxccEntityCode", "Prefix")
VALUES (@p0, @p1)
RETURNING "Id";
2026-08-07 15:12:05.338 -07:00 [INF] Executed DbCommand (0ms) [Parameters=[@p0='?' (DbType = Int32), @p1='?' (Size = 2)], CommandType='"Text"', CommandTimeout='30']
INSERT INTO "PrefixMappings" ("DxccEntityCode", "Prefix")
VALUES (@p0, @p1)
RETURNING "Id";
2026-08-07 15:12:05.338 -07:00 [INF] Executed DbCommand (0ms) [Parameters=[@p0='?' (DbType = Int32), @p1='?' (Size = 3)], CommandType='"Text"', CommandTimeout='30']
INSERT INTO "PrefixMappings" ("DxccEntityCode", "Prefix")
VALUES (@p0, @p1)
RETURNING "Id";
2026-08-07 15:12:05.338 -07:00 [INF] Executed DbCommand (0ms) [Parameters=[@p0='?' (DbType = Int32), @p1='?' (Size = 2)], CommandType='"Text"', CommandTimeout='30']
INSERT INTO "PrefixMappings" ("DxccEntityCode", "Prefix")
VALUES (@p0, @p1)
RETURNING "Id";
2026-08-07 15:12:05.338 -07:00 [INF] Executed DbCommand (0ms) [Parameters=[@p0='?' (DbType = Int32), @p1='?' (Size = 2)], CommandType='"Text"', CommandTimeout='30']
INSERT INTO "PrefixMappings" ("DxccEntityCode", "Prefix")
VALUES (@p0, @p1)
RETURNING "Id";
2026-08-07 15:12:05.338 -07:00 [INF] Executed DbCommand (0ms) [Parameters=[@p0='?' (DbType = Int32), @p1='?' (Size = 2)], CommandType='"Text"', CommandTimeout='30']
INSERT INTO "PrefixMappings" ("DxccEntityCode", "Prefix")
VALUES (@p0, @p1)
RETURNING "Id";
2026-08-07 15:12:05.338 -07:00 [INF] Executed DbCommand (0ms) [Parameters=[@p0='?' (DbType = Int32), @p1='?' (Size = 3)], CommandType='"Text"', CommandTimeout='30']
INSERT INTO "PrefixMappings" ("DxccEntityCode", "Prefix")
VALUES (@p0, @p1)
RETURNING "Id";
2026-08-07 15:12:05.338 -07:00 [INF] Executed DbCommand (0ms) [Parameters=[@p0='?' (DbType = Int32), @p1='?' (Size = 4)], CommandType='"Text"', CommandTimeout='30']
INSERT INTO "PrefixMappings" ("DxccEntityCode", "Prefix")
VALUES (@p0, @p1)
RETURNING "Id";
2026-08-07 15:12:05.338 -07:00 [INF] Executed DbCommand (0ms) [Parameters=[@p0='?' (DbType = Int32), @p1='?' (Size = 2)], CommandType='"Text"', CommandTimeout='30']
INSERT INTO "PrefixMappings" ("DxccEntityCode", "Prefix")
VALUES (@p0, @p1)
RETURNING "Id";
2026-08-07 15:12:05.338 -07:00 [INF] Executed DbCommand (0ms) [Parameters=[@p0='?' (DbType = Int32), @p1='?' (Size = 2)], CommandType='"Text"', CommandTimeout='30']
INSERT INTO "PrefixMappings" ("DxccEntityCode", "Prefix")
VALUES (@p0, @p1)
RETURNING "Id";
2026-08-07 15:12:05.338 -07:00 [INF] Executed DbCommand (0ms) [Parameters=[@p0='?' (DbType = Int32), @p1='?' (Size = 2)], CommandType='"Text"', CommandTimeout='30']
INSERT INTO "PrefixMappings" ("DxccEntityCode", "Prefix")
VALUES (@p0, @p1)
RETURNING "Id";
2026-08-07 15:12:05.338 -07:00 [INF] Executed DbCommand (0ms) [Parameters=[@p0='?' (DbType = Int32), @p1='?' (Size = 2)], CommandType='"Text"', CommandTimeout='30']
INSERT INTO "PrefixMappings" ("DxccEntityCode", "Prefix")
VALUES (@p0, @p1)
RETURNING "Id";
2026-08-07 15:12:05.338 -07:00 [INF] Executed DbCommand (0ms) [Parameters=[@p0='?' (DbType = Int32), @p1='?' (Size = 3)], CommandType='"Text"', CommandTimeout='30']
INSERT INTO "PrefixMappings" ("DxccEntityCode", "Prefix")
VALUES (@p0, @p1)
RETURNING "Id";
2026-08-07 15:12:05.338 -07:00 [INF] Executed DbCommand (0ms) [Parameters=[@p0='?' (DbType = Int32), @p1='?' (Size = 2)], CommandType='"Text"', CommandTimeout='30']
INSERT INTO "PrefixMappings" ("DxccEntityCode", "Prefix")
VALUES (@p0, @p1)
RETURNING "Id";
2026-08-07 15:12:05.338 -07:00 [INF] Executed DbCommand (0ms) [Parameters=[@p0='?' (DbType = Int32), @p1='?' (Size = 2)], CommandType='"Text"', CommandTimeout='30']
INSERT INTO "PrefixMappings" ("DxccEntityCode", "Prefix")
VALUES (@p0, @p1)
RETURNING "Id";
2026-08-07 15:12:05.338 -07:00 [INF] Executed DbCommand (0ms) [Parameters=[@p0='?' (DbType = Int32), @p1='?' (Size = 2)], CommandType='"Text"', CommandTimeout='30']
INSERT INTO "PrefixMappings" ("DxccEntityCode", "Prefix")
VALUES (@p0, @p1)
RETURNING "Id";
2026-08-07 15:12:05.338 -07:00 [INF] Executed DbCommand (0ms) [Parameters=[@p0='?' (DbType = Int32), @p1='?' (Size = 2)], CommandType='"Text"', CommandTimeout='30']
INSERT INTO "PrefixMappings" ("DxccEntityCode", "Prefix")
VALUES (@p0, @p1)
RETURNING "Id";
2026-08-07 15:12:05.338 -07:00 [INF] Executed DbCommand (0ms) [Parameters=[@p0='?' (DbType = Int32), @p1='?' (Size = 2)], CommandType='"Text"', CommandTimeout='30']
INSERT INTO "PrefixMappings" ("DxccEntityCode", "Prefix")
VALUES (@p0, @p1)
RETURNING "Id";
2026-08-07 15:12:05.338 -07:00 [INF] Executed DbCommand (0ms) [Parameters=[@p0='?' (DbType = Int32), @p1='?' (Size = 2)], CommandType='"Text"', CommandTimeout='30']
INSERT INTO "PrefixMappings" ("DxccEntityCode", "Prefix")
VALUES (@p0, @p1)
RETURNING "Id";
2026-08-07 15:12:05.338 -07:00 [INF] Executed DbCommand (0ms) [Parameters=[@p0='?' (DbType = Int32), @p1='?' (Size = 2)], CommandType='"Text"', CommandTimeout='30']
INSERT INTO "PrefixMappings" ("DxccEntityCode", "Prefix")
VALUES (@p0, @p1)
RETURNING "Id";
2026-08-07 15:12:05.338 -07:00 [INF] Executed DbCommand (0ms) [Parameters=[@p0='?' (DbType = Int32), @p1='?' (Size = 2)], CommandType='"Text"', CommandTimeout='30']
INSERT INTO "PrefixMappings" ("DxccEntityCode", "Prefix")
VALUES (@p0, @p1)
RETURNING "Id";
2026-08-07 15:12:05.338 -07:00 [INF] Executed DbCommand (0ms) [Parameters=[@p0='?' (DbType = Int32), @p1='?' (Size = 2)], CommandType='"Text"', CommandTimeout='30']
INSERT INTO "PrefixMappings" ("DxccEntityCode", "Prefix")
VALUES (@p0, @p1)
RETURNING "Id";
2026-08-07 15:12:05.338 -07:00 [INF] Executed DbCommand (0ms) [Parameters=[@p0='?' (DbType = Int32), @p1='?' (Size = 2)], CommandType='"Text"', CommandTimeout='30']
INSERT INTO "PrefixMappings" ("DxccEntityCode", "Prefix")
VALUES (@p0, @p1)
RETURNING "Id";
2026-08-07 15:12:05.338 -07:00 [INF] Executed DbCommand (0ms) [Parameters=[@p0='?' (DbType = Int32), @p1='?' (Size = 2)], CommandType='"Text"', CommandTimeout='30']
INSERT INTO "PrefixMappings" ("DxccEntityCode", "Prefix")
VALUES (@p0, @p1)
RETURNING "Id";
2026-08-07 15:12:05.338 -07:00 [INF] Executed DbCommand (0ms) [Parameters=[@p0='?' (DbType = Int32), @p1='?' (Size = 2)], CommandType='"Text"', CommandTimeout='30']
INSERT INTO "PrefixMappings" ("DxccEntityCode", "Prefix")
VALUES (@p0, @p1)
RETURNING "Id";
2026-08-07 15:12:05.338 -07:00 [INF] Executed DbCommand (0ms) [Parameters=[@p0='?' (DbType = Int32), @p1='?' (Size = 2)], CommandType='"Text"', CommandTimeout='30']
INSERT INTO "PrefixMappings" ("DxccEntityCode", "Prefix")
VALUES (@p0, @p1)
RETURNING "Id";
2026-08-07 15:12:05.338 -07:00 [INF] Executed DbCommand (0ms) [Parameters=[@p0='?' (DbType = Int32), @p1='?' (Size = 2)], CommandType='"Text"', CommandTimeout='30']
INSERT INTO "PrefixMappings" ("DxccEntityCode", "Prefix")
VALUES (@p0, @p1)
RETURNING "Id";
2026-08-07 15:12:05.339 -07:00 [INF] Executed DbCommand (0ms) [Parameters=[@p0='?' (DbType = Int32), @p1='?' (Size = 2)], CommandType='"Text"', CommandTimeout='30']
INSERT INTO "PrefixMappings" ("DxccEntityCode", "Prefix")
VALUES (@p0, @p1)
RETURNING "Id";
2026-08-07 15:12:05.339 -07:00 [INF] Executed DbCommand (0ms) [Parameters=[@p0='?' (DbType = Int32), @p1='?' (Size = 2)], CommandType='"Text"', CommandTimeout='30']
INSERT INTO "PrefixMappings" ("DxccEntityCode", "Prefix")
VALUES (@p0, @p1)
RETURNING "Id";
2026-08-07 15:12:05.339 -07:00 [INF] Executed DbCommand (0ms) [Parameters=[@p0='?' (DbType = Int32), @p1='?' (Size = 2)], CommandType='"Text"', CommandTimeout='30']
INSERT INTO "PrefixMappings" ("DxccEntityCode", "Prefix")
VALUES (@p0, @p1)
RETURNING "Id";
2026-08-07 15:12:05.339 -07:00 [INF] Executed DbCommand (0ms) [Parameters=[@p0='?' (DbType = Int32), @p1='?' (Size = 3)], CommandType='"Text"', CommandTimeout='30']
INSERT INTO "PrefixMappings" ("DxccEntityCode", "Prefix")
VALUES (@p0, @p1)
RETURNING "Id";
2026-08-07 15:12:05.339 -07:00 [INF] Executed DbCommand (0ms) [Parameters=[@p0='?' (DbType = Int32), @p1='?' (Size = 2)], CommandType='"Text"', CommandTimeout='30']
INSERT INTO "PrefixMappings" ("DxccEntityCode", "Prefix")
VALUES (@p0, @p1)
RETURNING "Id";
2026-08-07 15:12:05.339 -07:00 [INF] Executed DbCommand (0ms) [Parameters=[@p0='?' (DbType = Int32), @p1='?' (Size = 2)], CommandType='"Text"', CommandTimeout='30']
INSERT INTO "PrefixMappings" ("DxccEntityCode", "Prefix")
VALUES (@p0, @p1)
RETURNING "Id";
2026-08-07 15:12:05.339 -07:00 [INF] Executed DbCommand (0ms) [Parameters=[@p0='?' (DbType = Int32), @p1='?' (Size = 2)], CommandType='"Text"', CommandTimeout='30']
INSERT INTO "PrefixMappings" ("DxccEntityCode", "Prefix")
VALUES (@p0, @p1)
RETURNING "Id";
2026-08-07 15:12:05.339 -07:00 [INF] Executed DbCommand (0ms) [Parameters=[@p0='?' (DbType = Int32), @p1='?' (Size = 2)], CommandType='"Text"', CommandTimeout='30']
INSERT INTO "PrefixMappings" ("DxccEntityCode", "Prefix")
VALUES (@p0, @p1)
RETURNING "Id";
2026-08-07 15:12:05.339 -07:00 [INF] Executed DbCommand (0ms) [Parameters=[@p0='?' (DbType = Int32), @p1='?' (Size = 2)], CommandType='"Text"', CommandTimeout='30']
INSERT INTO "PrefixMappings" ("DxccEntityCode", "Prefix")
VALUES (@p0, @p1)
RETURNING "Id";
2026-08-07 15:12:05.339 -07:00 [INF] Executed DbCommand (0ms) [Parameters=[@p0='?' (DbType = Int32), @p1='?' (Size = 4)], CommandType='"Text"', CommandTimeout='30']
INSERT INTO "PrefixMappings" ("DxccEntityCode", "Prefix")
VALUES (@p0, @p1)
RETURNING "Id";
2026-08-07 15:12:05.339 -07:00 [INF] Executed DbCommand (0ms) [Parameters=[@p0='?' (DbType = Int32), @p1='?' (Size = 2)], CommandType='"Text"', CommandTimeout='30']
INSERT INTO "PrefixMappings" ("DxccEntityCode", "Prefix")
VALUES (@p0, @p1)
RETURNING "Id";
2026-08-07 15:12:05.339 -07:00 [INF] Executed DbCommand (0ms) [Parameters=[@p0='?' (DbType = Int32), @p1='?' (Size = 2)], CommandType='"Text"', CommandTimeout='30']
INSERT INTO "PrefixMappings" ("DxccEntityCode", "Prefix")
VALUES (@p0, @p1)
RETURNING "Id";
2026-08-07 15:12:05.339 -07:00 [INF] Executed DbCommand (0ms) [Parameters=[@p0='?' (DbType = Int32), @p1='?' (Size = 2)], CommandType='"Text"', CommandTimeout='30']
INSERT INTO "PrefixMappings" ("DxccEntityCode", "Prefix")
VALUES (@p0, @p1)
RETURNING "Id";
2026-08-07 15:12:05.339 -07:00 [INF] Executed DbCommand (0ms) [Parameters=[@p0='?' (DbType = Int32), @p1='?' (Size = 2)], CommandType='"Text"', CommandTimeout='30']
INSERT INTO "PrefixMappings" ("DxccEntityCode", "Prefix")
VALUES (@p0, @p1)
RETURNING "Id";
2026-08-07 15:12:05.339 -07:00 [INF] Executed DbCommand (0ms) [Parameters=[@p0='?' (DbType = Int32), @p1='?' (Size = 2)], CommandType='"Text"', CommandTimeout='30']
INSERT INTO "PrefixMappings" ("DxccEntityCode", "Prefix")
VALUES (@p0, @p1)
RETURNING "Id";
2026-08-07 15:12:05.339 -07:00 [INF] Executed DbCommand (0ms) [Parameters=[@p0='?' (DbType = Int32), @p1='?' (Size = 2)], CommandType='"Text"', CommandTimeout='30']
INSERT INTO "PrefixMappings" ("DxccEntityCode", "Prefix")
VALUES (@p0, @p1)
RETURNING "Id";
2026-08-07 15:12:05.339 -07:00 [INF] Executed DbCommand (0ms) [Parameters=[@p0='?' (DbType = Int32), @p1='?' (Size = 2)], CommandType='"Text"', CommandTimeout='30']
INSERT INTO "PrefixMappings" ("DxccEntityCode", "Prefix")
VALUES (@p0, @p1)
RETURNING "Id";
2026-08-07 15:12:05.339 -07:00 [INF] Executed DbCommand (0ms) [Parameters=[@p0='?' (DbType = Int32), @p1='?' (Size = 2)], CommandType='"Text"', CommandTimeout='30']
INSERT INTO "PrefixMappings" ("DxccEntityCode", "Prefix")
VALUES (@p0, @p1)
RETURNING "Id";
2026-08-07 15:12:05.339 -07:00 [INF] Executed DbCommand (0ms) [Parameters=[@p0='?' (DbType = Int32), @p1='?' (Size = 2)], CommandType='"Text"', CommandTimeout='30']
INSERT INTO "PrefixMappings" ("DxccEntityCode", "Prefix")
VALUES (@p0, @p1)
RETURNING "Id";
2026-08-07 15:12:05.339 -07:00 [INF] Executed DbCommand (0ms) [Parameters=[@p0='?' (DbType = Int32), @p1='?' (Size = 2)], CommandType='"Text"', CommandTimeout='30']
INSERT INTO "PrefixMappings" ("DxccEntityCode", "Prefix")
VALUES (@p0, @p1)
RETURNING "Id";
2026-08-07 15:12:05.339 -07:00 [INF] Executed DbCommand (0ms) [Parameters=[@p0='?' (DbType = Int32), @p1='?' (Size = 2)], CommandType='"Text"', CommandTimeout='30']
INSERT INTO "PrefixMappings" ("DxccEntityCode", "Prefix")
VALUES (@p0, @p1)
RETURNING "Id";
2026-08-07 15:12:05.339 -07:00 [INF] Executed DbCommand (0ms) [Parameters=[@p0='?' (DbType = Int32), @p1='?' (Size = 3)], CommandType='"Text"', CommandTimeout='30']
INSERT INTO "PrefixMappings" ("DxccEntityCode", "Prefix")
VALUES (@p0, @p1)
RETURNING "Id";
2026-08-07 15:12:05.339 -07:00 [INF] Executed DbCommand (0ms) [Parameters=[@p0='?' (DbType = Int32), @p1='?' (Size = 3)], CommandType='"Text"', CommandTimeout='30']
INSERT INTO "PrefixMappings" ("DxccEntityCode", "Prefix")
VALUES (@p0, @p1)
RETURNING "Id";
2026-08-07 15:12:05.339 -07:00 [INF] Executed DbCommand (0ms) [Parameters=[@p0='?' (DbType = Int32), @p1='?' (Size = 3)], CommandType='"Text"', CommandTimeout='30']
INSERT INTO "PrefixMappings" ("DxccEntityCode", "Prefix")
VALUES (@p0, @p1)
RETURNING "Id";
2026-08-07 15:12:05.339 -07:00 [INF] Executed DbCommand (0ms) [Parameters=[@p0='?' (DbType = Int32), @p1='?' (Size = 3)], CommandType='"Text"', CommandTimeout='30']
INSERT INTO "PrefixMappings" ("DxccEntityCode", "Prefix")
VALUES (@p0, @p1)
RETURNING "Id";
2026-08-07 15:12:05.339 -07:00 [INF] Executed DbCommand (0ms) [Parameters=[@p0='?' (DbType = Int32), @p1='?' (Size = 2)], CommandType='"Text"', CommandTimeout='30']
INSERT INTO "PrefixMappings" ("DxccEntityCode", "Prefix")
VALUES (@p0, @p1)
RETURNING "Id";
2026-08-07 15:12:05.340 -07:00 [INF] Executed DbCommand (0ms) [Parameters=[@p0='?' (DbType = Int32), @p1='?' (Size = 2)], CommandType='"Text"', CommandTimeout='30']
INSERT INTO "PrefixMappings" ("DxccEntityCode", "Prefix")
VALUES (@p0, @p1)
RETURNING "Id";
2026-08-07 15:12:05.340 -07:00 [INF] Executed DbCommand (0ms) [Parameters=[@p0='?' (DbType = Int32), @p1='?' (Size = 2)], CommandType='"Text"', CommandTimeout='30']
INSERT INTO "PrefixMappings" ("DxccEntityCode", "Prefix")
VALUES (@p0, @p1)
RETURNING "Id";
2026-08-07 15:12:05.340 -07:00 [INF] Executed DbCommand (0ms) [Parameters=[@p0='?' (DbType = Int32), @p1='?' (Size = 2)], CommandType='"Text"', CommandTimeout='30']
INSERT INTO "PrefixMappings" ("DxccEntityCode", "Prefix")
VALUES (@p0, @p1)
RETURNING "Id";
2026-08-07 15:12:05.340 -07:00 [INF] Executed DbCommand (0ms) [Parameters=[@p0='?' (DbType = Int32), @p1='?' (Size = 2)], CommandType='"Text"', CommandTimeout='30']
INSERT INTO "PrefixMappings" ("DxccEntityCode", "Prefix")
VALUES (@p0, @p1)
RETURNING "Id";
2026-08-07 15:12:05.340 -07:00 [INF] Executed DbCommand (0ms) [Parameters=[@p0='?' (DbType = Int32), @p1='?' (Size = 2)], CommandType='"Text"', CommandTimeout='30']
INSERT INTO "PrefixMappings" ("DxccEntityCode", "Prefix")
VALUES (@p0, @p1)
RETURNING "Id";
2026-08-07 15:12:05.340 -07:00 [INF] Executed DbCommand (0ms) [Parameters=[@p0='?' (DbType = Int32), @p1='?' (Size = 2)], CommandType='"Text"', CommandTimeout='30']
INSERT INTO "PrefixMappings" ("DxccEntityCode", "Prefix")
VALUES (@p0, @p1)
RETURNING "Id";
2026-08-07 15:12:05.340 -07:00 [INF] Executed DbCommand (0ms) [Parameters=[@p0='?' (DbType = Int32), @p1='?' (Size = 2)], CommandType='"Text"', CommandTimeout='30']
INSERT INTO "PrefixMappings" ("DxccEntityCode", "Prefix")
VALUES (@p0, @p1)
RETURNING "Id";
2026-08-07 15:12:05.340 -07:00 [INF] Executed DbCommand (0ms) [Parameters=[@p0='?' (DbType = Int32), @p1='?' (Size = 2)], CommandType='"Text"', CommandTimeout='30']
INSERT INTO "PrefixMappings" ("DxccEntityCode", "Prefix")
VALUES (@p0, @p1)
RETURNING "Id";
2026-08-07 15:12:05.340 -07:00 [INF] Executed DbCommand (0ms) [Parameters=[@p0='?' (DbType = Int32), @p1='?' (Size = 2)], CommandType='"Text"', CommandTimeout='30']
INSERT INTO "PrefixMappings" ("DxccEntityCode", "Prefix")
VALUES (@p0, @p1)
RETURNING "Id";
2026-08-07 15:12:05.340 -07:00 [INF] Executed DbCommand (0ms) [Parameters=[@p0='?' (DbType = Int32), @p1='?' (Size = 2)], CommandType='"Text"', CommandTimeout='30']
INSERT INTO "PrefixMappings" ("DxccEntityCode", "Prefix")
VALUES (@p0, @p1)
RETURNING "Id";
2026-08-07 15:12:05.340 -07:00 [INF] Executed DbCommand (0ms) [Parameters=[@p0='?' (DbType = Int32), @p1='?' (Size = 2)], CommandType='"Text"', CommandTimeout='30']
INSERT INTO "PrefixMappings" ("DxccEntityCode", "Prefix")
VALUES (@p0, @p1)
RETURNING "Id";
2026-08-07 15:12:05.340 -07:00 [INF] Executed DbCommand (0ms) [Parameters=[@p0='?' (DbType = Int32), @p1='?' (Size = 2)], CommandType='"Text"', CommandTimeout='30']
INSERT INTO "PrefixMappings" ("DxccEntityCode", "Prefix")
VALUES (@p0, @p1)
RETURNING "Id";
2026-08-07 15:12:05.340 -07:00 [INF] Executed DbCommand (0ms) [Parameters=[@p0='?' (DbType = Int32), @p1='?' (Size = 2)], CommandType='"Text"', CommandTimeout='30']
INSERT INTO "PrefixMappings" ("DxccEntityCode", "Prefix")
VALUES (@p0, @p1)
RETURNING "Id";
2026-08-07 15:12:05.340 -07:00 [INF] Executed DbCommand (0ms) [Parameters=[@p0='?' (DbType = Int32), @p1='?' (Size = 2)], CommandType='"Text"', CommandTimeout='30']
INSERT INTO "PrefixMappings" ("DxccEntityCode", "Prefix")
VALUES (@p0, @p1)
RETURNING "Id";
2026-08-07 15:12:05.340 -07:00 [INF] Executed DbCommand (0ms) [Parameters=[@p0='?' (DbType = Int32), @p1='?' (Size = 2)], CommandType='"Text"', CommandTimeout='30']
INSERT INTO "PrefixMappings" ("DxccEntityCode", "Prefix")
VALUES (@p0, @p1)
RETURNING "Id";
2026-08-07 15:12:05.340 -07:00 [INF] Executed DbCommand (0ms) [Parameters=[@p0='?' (DbType = Int32), @p1='?' (Size = 2)], CommandType='"Text"', CommandTimeout='30']
INSERT INTO "PrefixMappings" ("DxccEntityCode", "Prefix")
VALUES (@p0, @p1)
RETURNING "Id";
2026-08-07 15:12:05.340 -07:00 [INF] Executed DbCommand (0ms) [Parameters=[@p0='?' (DbType = Int32), @p1='?' (Size = 2)], CommandType='"Text"', CommandTimeout='30']
INSERT INTO "PrefixMappings" ("DxccEntityCode", "Prefix")
VALUES (@p0, @p1)
RETURNING "Id";
2026-08-07 15:12:05.340 -07:00 [INF] Executed DbCommand (0ms) [Parameters=[@p0='?' (DbType = Int32), @p1='?' (Size = 3)], CommandType='"Text"', CommandTimeout='30']
INSERT INTO "PrefixMappings" ("DxccEntityCode", "Prefix")
VALUES (@p0, @p1)
RETURNING "Id";
2026-08-07 15:12:05.340 -07:00 [INF] Executed DbCommand (0ms) [Parameters=[@p0='?' (DbType = Int32), @p1='?' (Size = 3)], CommandType='"Text"', CommandTimeout='30']
INSERT INTO "PrefixMappings" ("DxccEntityCode", "Prefix")
VALUES (@p0, @p1)
RETURNING "Id";
2026-08-07 15:12:05.340 -07:00 [INF] Executed DbCommand (0ms) [Parameters=[@p0='?' (DbType = Int32), @p1='?' (Size = 3)], CommandType='"Text"', CommandTimeout='30']
INSERT INTO "PrefixMappings" ("DxccEntityCode", "Prefix")
VALUES (@p0, @p1)
RETURNING "Id";
2026-08-07 15:12:05.340 -07:00 [INF] Executed DbCommand (0ms) [Parameters=[@p0='?' (DbType = Int32), @p1='?' (Size = 3)], CommandType='"Text"', CommandTimeout='30']
INSERT INTO "PrefixMappings" ("DxccEntityCode", "Prefix")
VALUES (@p0, @p1)
RETURNING "Id";
2026-08-07 15:12:05.340 -07:00 [INF] Executed DbCommand (0ms) [Parameters=[@p0='?' (DbType = Int32), @p1='?' (Size = 3)], CommandType='"Text"', CommandTimeout='30']
INSERT INTO "PrefixMappings" ("DxccEntityCode", "Prefix")
VALUES (@p0, @p1)
RETURNING "Id";
2026-08-07 15:12:05.340 -07:00 [INF] Executed DbCommand (0ms) [Parameters=[@p0='?' (DbType = Int32), @p1='?' (Size = 3)], CommandType='"Text"', CommandTimeout='30']
INSERT INTO "PrefixMappings" ("DxccEntityCode", "Prefix")
VALUES (@p0, @p1)
RETURNING "Id";
2026-08-07 15:12:05.340 -07:00 [INF] Executed DbCommand (0ms) [Parameters=[@p0='?' (DbType = Int32), @p1='?' (Size = 3)], CommandType='"Text"', CommandTimeout='30']
INSERT INTO "PrefixMappings" ("DxccEntityCode", "Prefix")
VALUES (@p0, @p1)
RETURNING "Id";
2026-08-07 15:12:05.340 -07:00 [INF] Executed DbCommand (0ms) [Parameters=[@p0='?' (DbType = Int32), @p1='?' (Size = 3)], CommandType='"Text"', CommandTimeout='30']
INSERT INTO "PrefixMappings" ("DxccEntityCode", "Prefix")
VALUES (@p0, @p1)
RETURNING "Id";
2026-08-07 15:12:05.340 -07:00 [INF] Executed DbCommand (0ms) [Parameters=[@p0='?' (DbType = Int32), @p1='?' (Size = 4)], CommandType='"Text"', CommandTimeout='30']
INSERT INTO "PrefixMappings" ("DxccEntityCode", "Prefix")
VALUES (@p0, @p1)
RETURNING "Id";
2026-08-07 15:12:05.340 -07:00 [INF] Executed DbCommand (0ms) [Parameters=[@p0='?' (DbType = Int32), @p1='?' (Size = 2)], CommandType='"Text"', CommandTimeout='30']
INSERT INTO "PrefixMappings" ("DxccEntityCode", "Prefix")
VALUES (@p0, @p1)
RETURNING "Id";
2026-08-07 15:12:05.340 -07:00 [INF] Executed DbCommand (0ms) [Parameters=[@p0='?' (DbType = Int32), @p1='?' (Size = 2)], CommandType='"Text"', CommandTimeout='30']
INSERT INTO "PrefixMappings" ("DxccEntityCode", "Prefix")
VALUES (@p0, @p1)
RETURNING "Id";
2026-08-07 15:12:05.341 -07:00 [INF] Executed DbCommand (0ms) [Parameters=[@p0='?' (DbType = Int32), @p1='?' (Size = 2)], CommandType='"Text"', CommandTimeout='30']
INSERT INTO "PrefixMappings" ("DxccEntityCode", "Prefix")
VALUES (@p0, @p1)
RETURNING "Id";
2026-08-07 15:12:05.341 -07:00 [INF] Executed DbCommand (0ms) [Parameters=[@p0='?' (DbType = Int32), @p1='?' (Size = 2)], CommandType='"Text"', CommandTimeout='30']
INSERT INTO "PrefixMappings" ("DxccEntityCode", "Prefix")
VALUES (@p0, @p1)
RETURNING "Id";
2026-08-07 15:12:05.341 -07:00 [INF] Executed DbCommand (0ms) [Parameters=[@p0='?' (DbType = Int32), @p1='?' (Size = 2)], CommandType='"Text"', CommandTimeout='30']
INSERT INTO "PrefixMappings" ("DxccEntityCode", "Prefix")
VALUES (@p0, @p1)
RETURNING "Id";
2026-08-07 15:12:05.341 -07:00 [INF] Executed DbCommand (0ms) [Parameters=[@p0='?' (DbType = Int32), @p1='?' (Size = 2)], CommandType='"Text"', CommandTimeout='30']
INSERT INTO "PrefixMappings" ("DxccEntityCode", "Prefix")
VALUES (@p0, @p1)
RETURNING "Id";
2026-08-07 15:12:05.341 -07:00 [INF] Executed DbCommand (0ms) [Parameters=[@p0='?' (DbType = Int32), @p1='?' (Size = 2)], CommandType='"Text"', CommandTimeout='30']
INSERT INTO "PrefixMappings" ("DxccEntityCode", "Prefix")
VALUES (@p0, @p1)
RETURNING "Id";
2026-08-07 15:12:05.341 -07:00 [INF] Executed DbCommand (0ms) [Parameters=[@p0='?' (DbType = Int32), @p1='?' (Size = 2)], CommandType='"Text"', CommandTimeout='30']
INSERT INTO "PrefixMappings" ("DxccEntityCode", "Prefix")
VALUES (@p0, @p1)
RETURNING "Id";
2026-08-07 15:12:05.341 -07:00 [INF] Executed DbCommand (0ms) [Parameters=[@p0='?' (DbType = Int32), @p1='?' (Size = 2)], CommandType='"Text"', CommandTimeout='30']
INSERT INTO "PrefixMappings" ("DxccEntityCode", "Prefix")
VALUES (@p0, @p1)
RETURNING "Id";
2026-08-07 15:12:05.341 -07:00 [INF] Executed DbCommand (0ms) [Parameters=[@p0='?' (DbType = Int32), @p1='?' (Size = 2)], CommandType='"Text"', CommandTimeout='30']
INSERT INTO "PrefixMappings" ("DxccEntityCode", "Prefix")
VALUES (@p0, @p1)
RETURNING "Id";
2026-08-07 15:12:05.341 -07:00 [INF] Executed DbCommand (0ms) [Parameters=[@p0='?' (DbType = Int32), @p1='?' (Size = 2)], CommandType='"Text"', CommandTimeout='30']
INSERT INTO "PrefixMappings" ("DxccEntityCode", "Prefix")
VALUES (@p0, @p1)
RETURNING "Id";
2026-08-07 15:12:05.341 -07:00 [INF] Executed DbCommand (0ms) [Parameters=[@p0='?' (DbType = Int32), @p1='?' (Size = 2)], CommandType='"Text"', CommandTimeout='30']
INSERT INTO "PrefixMappings" ("DxccEntityCode", "Prefix")
VALUES (@p0, @p1)
RETURNING "Id";
2026-08-07 15:12:05.341 -07:00 [INF] Executed DbCommand (0ms) [Parameters=[@p0='?' (DbType = Int32), @p1='?' (Size = 2)], CommandType='"Text"', CommandTimeout='30']
INSERT INTO "PrefixMappings" ("DxccEntityCode", "Prefix")
VALUES (@p0, @p1)
RETURNING "Id";
2026-08-07 15:12:05.341 -07:00 [INF] Executed DbCommand (0ms) [Parameters=[@p0='?' (DbType = Int32), @p1='?' (Size = 4)], CommandType='"Text"', CommandTimeout='30']
INSERT INTO "PrefixMappings" ("DxccEntityCode", "Prefix")
VALUES (@p0, @p1)
RETURNING "Id";
2026-08-07 15:12:05.341 -07:00 [INF] Executed DbCommand (0ms) [Parameters=[@p0='?' (DbType = Int32), @p1='?' (Size = 2)], CommandType='"Text"', CommandTimeout='30']
INSERT INTO "PrefixMappings" ("DxccEntityCode", "Prefix")
VALUES (@p0, @p1)
RETURNING "Id";
2026-08-07 15:12:05.341 -07:00 [INF] Executed DbCommand (0ms) [Parameters=[@p0='?' (DbType = Int32), @p1='?' (Size = 2)], CommandType='"Text"', CommandTimeout='30']
INSERT INTO "PrefixMappings" ("DxccEntityCode", "Prefix")
VALUES (@p0, @p1)
RETURNING "Id";
2026-08-07 15:12:05.341 -07:00 [INF] Executed DbCommand (0ms) [Parameters=[@p0='?' (DbType = Int32), @p1='?' (Size = 2)], CommandType='"Text"', CommandTimeout='30']
INSERT INTO "PrefixMappings" ("DxccEntityCode", "Prefix")
VALUES (@p0, @p1)
RETURNING "Id";
2026-08-07 15:12:05.341 -07:00 [INF] Executed DbCommand (0ms) [Parameters=[@p0='?' (DbType = Int32), @p1='?' (Size = 2)], CommandType='"Text"', CommandTimeout='30']
INSERT INTO "PrefixMappings" ("DxccEntityCode", "Prefix")
VALUES (@p0, @p1)
RETURNING "Id";
2026-08-07 15:12:05.341 -07:00 [INF] Executed DbCommand (0ms) [Parameters=[@p0='?' (DbType = Int32), @p1='?' (Size = 4)], CommandType='"Text"', CommandTimeout='30']
INSERT INTO "PrefixMappings" ("DxccEntityCode", "Prefix")
VALUES (@p0, @p1)
RETURNING "Id";
2026-08-07 15:12:05.341 -07:00 [INF] Executed DbCommand (0ms) [Parameters=[@p0='?' (DbType = Int32), @p1='?' (Size = 2)], CommandType='"Text"', CommandTimeout='30']
INSERT INTO "PrefixMappings" ("DxccEntityCode", "Prefix")
VALUES (@p0, @p1)
RETURNING "Id";
2026-08-07 15:12:05.341 -07:00 [INF] Executed DbCommand (0ms) [Parameters=[@p0='?' (DbType = Int32), @p1='?' (Size = 2)], CommandType='"Text"', CommandTimeout='30']
INSERT INTO "PrefixMappings" ("DxccEntityCode", "Prefix")
VALUES (@p0, @p1)
RETURNING "Id";
2026-08-07 15:12:05.341 -07:00 [INF] Executed DbCommand (0ms) [Parameters=[@p0='?' (DbType = Int32), @p1='?' (Size = 3)], CommandType='"Text"', CommandTimeout='30']
INSERT INTO "PrefixMappings" ("DxccEntityCode", "Prefix")
VALUES (@p0, @p1)
RETURNING "Id";
2026-08-07 15:12:05.341 -07:00 [INF] Executed DbCommand (0ms) [Parameters=[@p0='?' (DbType = Int32), @p1='?' (Size = 2)], CommandType='"Text"', CommandTimeout='30']
INSERT INTO "PrefixMappings" ("DxccEntityCode", "Prefix")
VALUES (@p0, @p1)
RETURNING "Id";
2026-08-07 15:12:05.341 -07:00 [INF] Executed DbCommand (0ms) [Parameters=[@p0='?' (DbType = Int32), @p1='?' (Size = 2)], CommandType='"Text"', CommandTimeout='30']
INSERT INTO "PrefixMappings" ("DxccEntityCode", "Prefix")
VALUES (@p0, @p1)
RETURNING "Id";
2026-08-07 15:12:05.341 -07:00 [INF] Executed DbCommand (0ms) [Parameters=[@p0='?' (DbType = Int32), @p1='?' (Size = 2)], CommandType='"Text"', CommandTimeout='30']
INSERT INTO "PrefixMappings" ("DxccEntityCode", "Prefix")
VALUES (@p0, @p1)
RETURNING "Id";
2026-08-07 15:12:05.341 -07:00 [INF] Executed DbCommand (0ms) [Parameters=[@p0='?' (DbType = Int32), @p1='?' (Size = 2)], CommandType='"Text"', CommandTimeout='30']
INSERT INTO "PrefixMappings" ("DxccEntityCode", "Prefix")
VALUES (@p0, @p1)
RETURNING "Id";
2026-08-07 15:12:05.341 -07:00 [INF] Executed DbCommand (0ms) [Parameters=[@p0='?' (DbType = Int32), @p1='?' (Size = 2)], CommandType='"Text"', CommandTimeout='30']
INSERT INTO "PrefixMappings" ("DxccEntityCode", "Prefix")
VALUES (@p0, @p1)
RETURNING "Id";
2026-08-07 15:12:05.341 -07:00 [INF] Executed DbCommand (0ms) [Parameters=[@p0='?' (DbType = Int32), @p1='?' (Size = 2)], CommandType='"Text"', CommandTimeout='30']
INSERT INTO "PrefixMappings" ("DxccEntityCode", "Prefix")
VALUES (@p0, @p1)
RETURNING "Id";
2026-08-07 15:12:05.341 -07:00 [INF] Executed DbCommand (0ms) [Parameters=[@p0='?' (DbType = Int32), @p1='?' (Size = 2)], CommandType='"Text"', CommandTimeout='30']
INSERT INTO "PrefixMappings" ("DxccEntityCode", "Prefix")
VALUES (@p0, @p1)
RETURNING "Id";
2026-08-07 15:12:05.342 -07:00 [INF] Executed DbCommand (0ms) [Parameters=[@p0='?' (DbType = Int32), @p1='?' (Size = 2)], CommandType='"Text"', CommandTimeout='30']
INSERT INTO "PrefixMappings" ("DxccEntityCode", "Prefix")
VALUES (@p0, @p1)
RETURNING "Id";
2026-08-07 15:12:05.342 -07:00 [INF] Executed DbCommand (0ms) [Parameters=[@p0='?' (DbType = Int32), @p1='?' (Size = 2)], CommandType='"Text"', CommandTimeout='30']
INSERT INTO "PrefixMappings" ("DxccEntityCode", "Prefix")
VALUES (@p0, @p1)
RETURNING "Id";
2026-08-07 15:12:05.342 -07:00 [INF] Executed DbCommand (0ms) [Parameters=[@p0='?' (DbType = Int32), @p1='?' (Size = 2)], CommandType='"Text"', CommandTimeout='30']
INSERT INTO "PrefixMappings" ("DxccEntityCode", "Prefix")
VALUES (@p0, @p1)
RETURNING "Id";
2026-08-07 15:12:05.342 -07:00 [INF] Executed DbCommand (0ms) [Parameters=[@p0='?' (DbType = Int32), @p1='?' (Size = 2)], CommandType='"Text"', CommandTimeout='30']
INSERT INTO "PrefixMappings" ("DxccEntityCode", "Prefix")
VALUES (@p0, @p1)
RETURNING "Id";
2026-08-07 15:12:05.342 -07:00 [INF] Executed DbCommand (0ms) [Parameters=[@p0='?' (DbType = Int32), @p1='?' (Size = 2)], CommandType='"Text"', CommandTimeout='30']
INSERT INTO "PrefixMappings" ("DxccEntityCode", "Prefix")
VALUES (@p0, @p1)
RETURNING "Id";
2026-08-07 15:12:05.342 -07:00 [INF] Executed DbCommand (0ms) [Parameters=[@p0='?' (DbType = Int32), @p1='?' (Size = 2)], CommandType='"Text"', CommandTimeout='30']
INSERT INTO "PrefixMappings" ("DxccEntityCode", "Prefix")
VALUES (@p0, @p1)
RETURNING "Id";
2026-08-07 15:12:05.342 -07:00 [INF] Executed DbCommand (0ms) [Parameters=[@p0='?' (DbType = Int32), @p1='?' (Size = 3)], CommandType='"Text"', CommandTimeout='30']
INSERT INTO "PrefixMappings" ("DxccEntityCode", "Prefix")
VALUES (@p0, @p1)
RETURNING "Id";
2026-08-07 15:12:05.342 -07:00 [INF] Executed DbCommand (0ms) [Parameters=[@p0='?' (DbType = Int32), @p1='?' (Size = 3)], CommandType='"Text"', CommandTimeout='30']
INSERT INTO "PrefixMappings" ("DxccEntityCode", "Prefix")
VALUES (@p0, @p1)
RETURNING "Id";
2026-08-07 15:12:05.342 -07:00 [INF] Executed DbCommand (0ms) [Parameters=[@p0='?' (DbType = Int32), @p1='?' (Size = 2)], CommandType='"Text"', CommandTimeout='30']
INSERT INTO "PrefixMappings" ("DxccEntityCode", "Prefix")
VALUES (@p0, @p1)
RETURNING "Id";
2026-08-07 15:12:05.342 -07:00 [INF] Executed DbCommand (0ms) [Parameters=[@p0='?' (DbType = Int32), @p1='?' (Size = 2)], CommandType='"Text"', CommandTimeout='30']
INSERT INTO "PrefixMappings" ("DxccEntityCode", "Prefix")
VALUES (@p0, @p1)
RETURNING "Id";
2026-08-07 15:12:05.342 -07:00 [INF] Executed DbCommand (0ms) [Parameters=[@p0='?' (DbType = Int32), @p1='?' (Size = 2)], CommandType='"Text"', CommandTimeout='30']
INSERT INTO "PrefixMappings" ("DxccEntityCode", "Prefix")
VALUES (@p0, @p1)
RETURNING "Id";
2026-08-07 15:12:05.342 -07:00 [INF] Executed DbCommand (0ms) [Parameters=[@p0='?' (DbType = Int32), @p1='?' (Size = 2)], CommandType='"Text"', CommandTimeout='30']
INSERT INTO "PrefixMappings" ("DxccEntityCode", "Prefix")
VALUES (@p0, @p1)
RETURNING "Id";
2026-08-07 15:12:05.342 -07:00 [INF] Executed DbCommand (0ms) [Parameters=[@p0='?' (DbType = Int32), @p1='?' (Size = 2)], CommandType='"Text"', CommandTimeout='30']
INSERT INTO "PrefixMappings" ("DxccEntityCode", "Prefix")
VALUES (@p0, @p1)
RETURNING "Id";
2026-08-07 15:12:05.342 -07:00 [INF] Executed DbCommand (0ms) [Parameters=[@p0='?' (DbType = Int32), @p1='?' (Size = 2)], CommandType='"Text"', CommandTimeout='30']
INSERT INTO "PrefixMappings" ("DxccEntityCode", "Prefix")
VALUES (@p0, @p1)
RETURNING "Id";
2026-08-07 15:12:05.342 -07:00 [INF] Executed DbCommand (0ms) [Parameters=[@p0='?' (DbType = Int32), @p1='?' (Size = 4)], CommandType='"Text"', CommandTimeout='30']
INSERT INTO "PrefixMappings" ("DxccEntityCode", "Prefix")
VALUES (@p0, @p1)
RETURNING "Id";
2026-08-07 15:12:05.342 -07:00 [INF] Executed DbCommand (0ms) [Parameters=[@p0='?' (DbType = Int32), @p1='?' (Size = 2)], CommandType='"Text"', CommandTimeout='30']
INSERT INTO "PrefixMappings" ("DxccEntityCode", "Prefix")
VALUES (@p0, @p1)
RETURNING "Id";
2026-08-07 15:12:05.342 -07:00 [INF] Executed DbCommand (0ms) [Parameters=[@p0='?' (DbType = Int32), @p1='?' (Size = 2)], CommandType='"Text"', CommandTimeout='30']
INSERT INTO "PrefixMappings" ("DxccEntityCode", "Prefix")
VALUES (@p0, @p1)
RETURNING "Id";
2026-08-07 15:12:05.342 -07:00 [INF] Executed DbCommand (0ms) [Parameters=[@p0='?' (DbType = Int32), @p1='?' (Size = 2)], CommandType='"Text"', CommandTimeout='30']
INSERT INTO "PrefixMappings" ("DxccEntityCode", "Prefix")
VALUES (@p0, @p1)
RETURNING "Id";
2026-08-07 15:12:05.342 -07:00 [INF] Executed DbCommand (0ms) [Parameters=[@p0='?' (DbType = Int32), @p1='?' (Size = 2)], CommandType='"Text"', CommandTimeout='30']
INSERT INTO "PrefixMappings" ("DxccEntityCode", "Prefix")
VALUES (@p0, @p1)
RETURNING "Id";
2026-08-07 15:12:05.342 -07:00 [INF] Executed DbCommand (0ms) [Parameters=[@p0='?' (DbType = Int32), @p1='?' (Size = 2)], CommandType='"Text"', CommandTimeout='30']
INSERT INTO "PrefixMappings" ("DxccEntityCode", "Prefix")
VALUES (@p0, @p1)
RETURNING "Id";
2026-08-07 15:12:05.342 -07:00 [INF] Executed DbCommand (0ms) [Parameters=[@p0='?' (DbType = Int32), @p1='?' (Size = 3)], CommandType='"Text"', CommandTimeout='30']
INSERT INTO "PrefixMappings" ("DxccEntityCode", "Prefix")
VALUES (@p0, @p1)
RETURNING "Id";
2026-08-07 15:12:05.342 -07:00 [INF] Executed DbCommand (0ms) [Parameters=[@p0='?' (DbType = Int32), @p1='?' (Size = 2)], CommandType='"Text"', CommandTimeout='30']
INSERT INTO "PrefixMappings" ("DxccEntityCode", "Prefix")
VALUES (@p0, @p1)
RETURNING "Id";
2026-08-07 15:12:05.342 -07:00 [INF] Executed DbCommand (0ms) [Parameters=[@p0='?' (DbType = Int32), @p1='?' (Size = 3)], CommandType='"Text"', CommandTimeout='30']
INSERT INTO "PrefixMappings" ("DxccEntityCode", "Prefix")
VALUES (@p0, @p1)
RETURNING "Id";
2026-08-07 15:12:05.342 -07:00 [INF] Executed DbCommand (0ms) [Parameters=[@p0='?' (DbType = Int32), @p1='?' (Size = 4)], CommandType='"Text"', CommandTimeout='30']
INSERT INTO "PrefixMappings" ("DxccEntityCode", "Prefix")
VALUES (@p0, @p1)
RETURNING "Id";
2026-08-07 15:12:05.342 -07:00 [INF] Executed DbCommand (0ms) [Parameters=[@p0='?' (DbType = Int32), @p1='?' (Size = 2)], CommandType='"Text"', CommandTimeout='30']
INSERT INTO "PrefixMappings" ("DxccEntityCode", "Prefix")
VALUES (@p0, @p1)
RETURNING "Id";
2026-08-07 15:12:05.342 -07:00 [INF] Executed DbCommand (0ms) [Parameters=[@p0='?' (DbType = Int32), @p1='?' (Size = 2)], CommandType='"Text"', CommandTimeout='30']
INSERT INTO "PrefixMappings" ("DxccEntityCode", "Prefix")
VALUES (@p0, @p1)
RETURNING "Id";
2026-08-07 15:12:05.342 -07:00 [INF] Executed DbCommand (0ms) [Parameters=[@p0='?' (DbType = Int32), @p1='?' (Size = 2)], CommandType='"Text"', CommandTimeout='30']
INSERT INTO "PrefixMappings" ("DxccEntityCode", "Prefix")
VALUES (@p0, @p1)
RETURNING "Id";
2026-08-07 15:12:05.342 -07:00 [INF] Executed DbCommand (0ms) [Parameters=[@p0='?' (DbType = Int32), @p1='?' (Size = 2)], CommandType='"Text"', CommandTimeout='30']
INSERT INTO "PrefixMappings" ("DxccEntityCode", "Prefix")
VALUES (@p0, @p1)
RETURNING "Id";
2026-08-07 15:12:05.343 -07:00 [INF] Executed DbCommand (0ms) [Parameters=[@p0='?' (DbType = Int32), @p1='?' (Size = 2)], CommandType='"Text"', CommandTimeout='30']
INSERT INTO "PrefixMappings" ("DxccEntityCode", "Prefix")
VALUES (@p0, @p1)
RETURNING "Id";
2026-08-07 15:12:05.343 -07:00 [INF] Executed DbCommand (0ms) [Parameters=[@p0='?' (DbType = Int32), @p1='?' (Size = 2)], CommandType='"Text"', CommandTimeout='30']
INSERT INTO "PrefixMappings" ("DxccEntityCode", "Prefix")
VALUES (@p0, @p1)
RETURNING "Id";
2026-08-07 15:12:05.343 -07:00 [INF] Executed DbCommand (0ms) [Parameters=[@p0='?' (DbType = Int32), @p1='?' (Size = 3)], CommandType='"Text"', CommandTimeout='30']
INSERT INTO "PrefixMappings" ("DxccEntityCode", "Prefix")
VALUES (@p0, @p1)
RETURNING "Id";
2026-08-07 15:12:05.343 -07:00 [INF] Executed DbCommand (0ms) [Parameters=[@p0='?' (DbType = Int32), @p1='?' (Size = 3)], CommandType='"Text"', CommandTimeout='30']
INSERT INTO "PrefixMappings" ("DxccEntityCode", "Prefix")
VALUES (@p0, @p1)
RETURNING "Id";
2026-08-07 15:12:05.343 -07:00 [INF] Executed DbCommand (0ms) [Parameters=[@p0='?' (DbType = Int32), @p1='?' (Size = 3)], CommandType='"Text"', CommandTimeout='30']
INSERT INTO "PrefixMappings" ("DxccEntityCode", "Prefix")
VALUES (@p0, @p1)
RETURNING "Id";
2026-08-07 15:12:05.343 -07:00 [INF] Executed DbCommand (0ms) [Parameters=[@p0='?' (DbType = Int32), @p1='?' (Size = 3)], CommandType='"Text"', CommandTimeout='30']
INSERT INTO "PrefixMappings" ("DxccEntityCode", "Prefix")
VALUES (@p0, @p1)
RETURNING "Id";
2026-08-07 15:12:05.343 -07:00 [INF] Executed DbCommand (0ms) [Parameters=[@p0='?' (DbType = Int32), @p1='?' (Size = 2)], CommandType='"Text"', CommandTimeout='30']
INSERT INTO "PrefixMappings" ("DxccEntityCode", "Prefix")
VALUES (@p0, @p1)
RETURNING "Id";
2026-08-07 15:12:05.343 -07:00 [INF] Executed DbCommand (0ms) [Parameters=[@p0='?' (DbType = Int32), @p1='?' (Size = 2)], CommandType='"Text"', CommandTimeout='30']
INSERT INTO "PrefixMappings" ("DxccEntityCode", "Prefix")
VALUES (@p0, @p1)
RETURNING "Id";
2026-08-07 15:12:05.343 -07:00 [INF] Executed DbCommand (0ms) [Parameters=[@p0='?' (DbType = Int32), @p1='?' (Size = 2)], CommandType='"Text"', CommandTimeout='30']
INSERT INTO "PrefixMappings" ("DxccEntityCode", "Prefix")
VALUES (@p0, @p1)
RETURNING "Id";
2026-08-07 15:12:05.343 -07:00 [INF] Executed DbCommand (0ms) [Parameters=[@p0='?' (DbType = Int32), @p1='?' (Size = 2)], CommandType='"Text"', CommandTimeout='30']
INSERT INTO "PrefixMappings" ("DxccEntityCode", "Prefix")
VALUES (@p0, @p1)
RETURNING "Id";
2026-08-07 15:12:05.343 -07:00 [INF] Executed DbCommand (0ms) [Parameters=[@p0='?' (DbType = Int32), @p1='?' (Size = 3)], CommandType='"Text"', CommandTimeout='30']
INSERT INTO "PrefixMappings" ("DxccEntityCode", "Prefix")
VALUES (@p0, @p1)
RETURNING "Id";
2026-08-07 15:12:05.343 -07:00 [INF] Executed DbCommand (0ms) [Parameters=[@p0='?' (DbType = Int32), @p1='?' (Size = 2)], CommandType='"Text"', CommandTimeout='30']
INSERT INTO "PrefixMappings" ("DxccEntityCode", "Prefix")
VALUES (@p0, @p1)
RETURNING "Id";
2026-08-07 15:12:05.343 -07:00 [INF] Executed DbCommand (0ms) [Parameters=[@p0='?' (DbType = Int32), @p1='?' (Size = 3)], CommandType='"Text"', CommandTimeout='30']
INSERT INTO "PrefixMappings" ("DxccEntityCode", "Prefix")
VALUES (@p0, @p1)
RETURNING "Id";
2026-08-07 15:12:05.343 -07:00 [INF] Executed DbCommand (0ms) [Parameters=[@p0='?' (DbType = Int32), @p1='?' (Size = 2)], CommandType='"Text"', CommandTimeout='30']
INSERT INTO "PrefixMappings" ("DxccEntityCode", "Prefix")
VALUES (@p0, @p1)
RETURNING "Id";
2026-08-07 15:12:05.343 -07:00 [INF] Executed DbCommand (0ms) [Parameters=[@p0='?' (DbType = Int32), @p1='?' (Size = 3)], CommandType='"Text"', CommandTimeout='30']
INSERT INTO "PrefixMappings" ("DxccEntityCode", "Prefix")
VALUES (@p0, @p1)
RETURNING "Id";
2026-08-07 15:12:05.343 -07:00 [INF] Executed DbCommand (0ms) [Parameters=[@p0='?' (DbType = Int32), @p1='?' (Size = 3)], CommandType='"Text"', CommandTimeout='30']
INSERT INTO "PrefixMappings" ("DxccEntityCode", "Prefix")
VALUES (@p0, @p1)
RETURNING "Id";
2026-08-07 15:12:05.343 -07:00 [INF] Executed DbCommand (0ms) [Parameters=[@p0='?' (DbType = Int32), @p1='?' (Size = 2)], CommandType='"Text"', CommandTimeout='30']
INSERT INTO "PrefixMappings" ("DxccEntityCode", "Prefix")
VALUES (@p0, @p1)
RETURNING "Id";
2026-08-07 15:12:05.343 -07:00 [INF] Executed DbCommand (0ms) [Parameters=[@p0='?' (DbType = Int32), @p1='?' (Size = 3)], CommandType='"Text"', CommandTimeout='30']
INSERT INTO "PrefixMappings" ("DxccEntityCode", "Prefix")
VALUES (@p0, @p1)
RETURNING "Id";
2026-08-07 15:12:05.343 -07:00 [INF] Executed DbCommand (0ms) [Parameters=[@p0='?' (DbType = Int32), @p1='?' (Size = 2)], CommandType='"Text"', CommandTimeout='30']
INSERT INTO "PrefixMappings" ("DxccEntityCode", "Prefix")
VALUES (@p0, @p1)
RETURNING "Id";
2026-08-07 15:12:05.343 -07:00 [INF] Executed DbCommand (0ms) [Parameters=[@p0='?' (DbType = Int32), @p1='?' (Size = 3)], CommandType='"Text"', CommandTimeout='30']
INSERT INTO "PrefixMappings" ("DxccEntityCode", "Prefix")
VALUES (@p0, @p1)
RETURNING "Id";
2026-08-07 15:12:05.343 -07:00 [INF] Executed DbCommand (0ms) [Parameters=[@p0='?' (DbType = Int32), @p1='?' (Size = 2)], CommandType='"Text"', CommandTimeout='30']
INSERT INTO "PrefixMappings" ("DxccEntityCode", "Prefix")
VALUES (@p0, @p1)
RETURNING "Id";
2026-08-07 15:12:05.343 -07:00 [INF] Executed DbCommand (0ms) [Parameters=[@p0='?' (DbType = Int32), @p1='?' (Size = 3)], CommandType='"Text"', CommandTimeout='30']
INSERT INTO "PrefixMappings" ("DxccEntityCode", "Prefix")
VALUES (@p0, @p1)
RETURNING "Id";
2026-08-07 15:12:05.343 -07:00 [INF] Executed DbCommand (0ms) [Parameters=[@p0='?' (DbType = Int32), @p1='?' (Size = 4)], CommandType='"Text"', CommandTimeout='30']
INSERT INTO "PrefixMappings" ("DxccEntityCode", "Prefix")
VALUES (@p0, @p1)
RETURNING "Id";
2026-08-07 15:12:05.343 -07:00 [INF] Executed DbCommand (0ms) [Parameters=[@p0='?' (DbType = Int32), @p1='?' (Size = 2)], CommandType='"Text"', CommandTimeout='30']
INSERT INTO "PrefixMappings" ("DxccEntityCode", "Prefix")
VALUES (@p0, @p1)
RETURNING "Id";
2026-08-07 15:12:05.343 -07:00 [INF] Executed DbCommand (0ms) [Parameters=[@p0='?' (DbType = Int32), @p1='?' (Size = 3)], CommandType='"Text"', CommandTimeout='30']
INSERT INTO "PrefixMappings" ("DxccEntityCode", "Prefix")
VALUES (@p0, @p1)
RETURNING "Id";
2026-08-07 15:12:05.343 -07:00 [INF] Executed DbCommand (0ms) [Parameters=[@p0='?' (DbType = Int32), @p1='?' (Size = 3)], CommandType='"Text"', CommandTimeout='30']
INSERT INTO "PrefixMappings" ("DxccEntityCode", "Prefix")
VALUES (@p0, @p1)
RETURNING "Id";
2026-08-07 15:12:05.344 -07:00 [INF] Executed DbCommand (0ms) [Parameters=[@p0='?' (DbType = Int32), @p1='?' (Size = 3)], CommandType='"Text"', CommandTimeout='30']
INSERT INTO "PrefixMappings" ("DxccEntityCode", "Prefix")
VALUES (@p0, @p1)
RETURNING "Id";
2026-08-07 15:12:05.344 -07:00 [INF] Executed DbCommand (0ms) [Parameters=[@p0='?' (DbType = Int32), @p1='?' (Size = 3)], CommandType='"Text"', CommandTimeout='30']
INSERT INTO "PrefixMappings" ("DxccEntityCode", "Prefix")
VALUES (@p0, @p1)
RETURNING "Id";
2026-08-07 15:12:05.344 -07:00 [INF] Executed DbCommand (0ms) [Parameters=[@p0='?' (DbType = Int32), @p1='?' (Size = 3)], CommandType='"Text"', CommandTimeout='30']
INSERT INTO "PrefixMappings" ("DxccEntityCode", "Prefix")
VALUES (@p0, @p1)
RETURNING "Id";
2026-08-07 15:12:05.344 -07:00 [INF] Executed DbCommand (0ms) [Parameters=[@p0='?' (DbType = Int32), @p1='?' (Size = 3)], CommandType='"Text"', CommandTimeout='30']
INSERT INTO "PrefixMappings" ("DxccEntityCode", "Prefix")
VALUES (@p0, @p1)
RETURNING "Id";
2026-08-07 15:12:05.344 -07:00 [INF] Executed DbCommand (0ms) [Parameters=[@p0='?' (DbType = Int32), @p1='?' (Size = 3)], CommandType='"Text"', CommandTimeout='30']
INSERT INTO "PrefixMappings" ("DxccEntityCode", "Prefix")
VALUES (@p0, @p1)
RETURNING "Id";
2026-08-07 15:12:05.344 -07:00 [INF] Executed DbCommand (0ms) [Parameters=[@p0='?' (DbType = Int32), @p1='?' (Size = 3)], CommandType='"Text"', CommandTimeout='30']
INSERT INTO "PrefixMappings" ("DxccEntityCode", "Prefix")
VALUES (@p0, @p1)
RETURNING "Id";
2026-08-07 15:12:05.344 -07:00 [INF] Executed DbCommand (0ms) [Parameters=[@p0='?' (DbType = Int32), @p1='?' (Size = 3)], CommandType='"Text"', CommandTimeout='30']
INSERT INTO "PrefixMappings" ("DxccEntityCode", "Prefix")
VALUES (@p0, @p1)
RETURNING "Id";
2026-08-07 15:12:05.344 -07:00 [INF] Executed DbCommand (0ms) [Parameters=[@p0='?' (DbType = Int32), @p1='?' (Size = 3)], CommandType='"Text"', CommandTimeout='30']
INSERT INTO "PrefixMappings" ("DxccEntityCode", "Prefix")
VALUES (@p0, @p1)
RETURNING "Id";
2026-08-07 15:12:05.344 -07:00 [INF] Executed DbCommand (0ms) [Parameters=[@p0='?' (DbType = Int32), @p1='?' (Size = 3)], CommandType='"Text"', CommandTimeout='30']
INSERT INTO "PrefixMappings" ("DxccEntityCode", "Prefix")
VALUES (@p0, @p1)
RETURNING "Id";
2026-08-07 15:12:05.344 -07:00 [INF] Executed DbCommand (0ms) [Parameters=[@p0='?' (DbType = Int32), @p1='?' (Size = 2)], CommandType='"Text"', CommandTimeout='30']
INSERT INTO "PrefixMappings" ("DxccEntityCode", "Prefix")
VALUES (@p0, @p1)
RETURNING "Id";
2026-08-07 15:12:05.344 -07:00 [INF] Executed DbCommand (0ms) [Parameters=[@p0='?' (DbType = Int32), @p1='?' (Size = 3)], CommandType='"Text"', CommandTimeout='30']
INSERT INTO "PrefixMappings" ("DxccEntityCode", "Prefix")
VALUES (@p0, @p1)
RETURNING "Id";
2026-08-07 15:12:05.344 -07:00 [INF] Executed DbCommand (0ms) [Parameters=[@p0='?' (DbType = Int32), @p1='?' (Size = 2)], CommandType='"Text"', CommandTimeout='30']
INSERT INTO "PrefixMappings" ("DxccEntityCode", "Prefix")
VALUES (@p0, @p1)
RETURNING "Id";
2026-08-07 15:12:05.344 -07:00 [INF] Executed DbCommand (0ms) [Parameters=[@p0='?' (DbType = Int32), @p1='?' (Size = 2)], CommandType='"Text"', CommandTimeout='30']
INSERT INTO "PrefixMappings" ("DxccEntityCode", "Prefix")
VALUES (@p0, @p1)
RETURNING "Id";
2026-08-07 15:12:05.344 -07:00 [INF] Executed DbCommand (0ms) [Parameters=[@p0='?' (DbType = Int32), @p1='?' (Size = 2)], CommandType='"Text"', CommandTimeout='30']
INSERT INTO "PrefixMappings" ("DxccEntityCode", "Prefix")
VALUES (@p0, @p1)
RETURNING "Id";
2026-08-07 15:12:05.344 -07:00 [INF] Executed DbCommand (0ms) [Parameters=[@p0='?' (DbType = Int32), @p1='?' (Size = 2)], CommandType='"Text"', CommandTimeout='30']
INSERT INTO "PrefixMappings" ("DxccEntityCode", "Prefix")
VALUES (@p0, @p1)
RETURNING "Id";
2026-08-07 15:12:05.344 -07:00 [INF] Executed DbCommand (0ms) [Parameters=[@p0='?' (DbType = Int32), @p1='?' (Size = 2)], CommandType='"Text"', CommandTimeout='30']
INSERT INTO "PrefixMappings" ("DxccEntityCode", "Prefix")
VALUES (@p0, @p1)
RETURNING "Id";
2026-08-07 15:12:05.344 -07:00 [INF] Executed DbCommand (0ms) [Parameters=[@p0='?' (DbType = Int32), @p1='?' (Size = 2)], CommandType='"Text"', CommandTimeout='30']
INSERT INTO "PrefixMappings" ("DxccEntityCode", "Prefix")
VALUES (@p0, @p1)
RETURNING "Id";
2026-08-07 15:12:05.344 -07:00 [INF] Executed DbCommand (0ms) [Parameters=[@p0='?' (DbType = Int32), @p1='?' (Size = 2)], CommandType='"Text"', CommandTimeout='30']
INSERT INTO "PrefixMappings" ("DxccEntityCode", "Prefix")
VALUES (@p0, @p1)
RETURNING "Id";
2026-08-07 15:12:05.344 -07:00 [INF] Executed DbCommand (0ms) [Parameters=[@p0='?' (DbType = Int32), @p1='?' (Size = 2)], CommandType='"Text"', CommandTimeout='30']
INSERT INTO "PrefixMappings" ("DxccEntityCode", "Prefix")
VALUES (@p0, @p1)
RETURNING "Id";
2026-08-07 15:12:05.344 -07:00 [INF] Executed DbCommand (0ms) [Parameters=[@p0='?' (DbType = Int32), @p1='?' (Size = 2)], CommandType='"Text"', CommandTimeout='30']
INSERT INTO "PrefixMappings" ("DxccEntityCode", "Prefix")
VALUES (@p0, @p1)
RETURNING "Id";
2026-08-07 15:12:05.344 -07:00 [INF] Executed DbCommand (0ms) [Parameters=[@p0='?' (DbType = Int32), @p1='?' (Size = 2)], CommandType='"Text"', CommandTimeout='30']
INSERT INTO "PrefixMappings" ("DxccEntityCode", "Prefix")
VALUES (@p0, @p1)
RETURNING "Id";
2026-08-07 15:12:05.344 -07:00 [INF] Executed DbCommand (0ms) [Parameters=[@p0='?' (DbType = Int32), @p1='?' (Size = 2)], CommandType='"Text"', CommandTimeout='30']
INSERT INTO "PrefixMappings" ("DxccEntityCode", "Prefix")
VALUES (@p0, @p1)
RETURNING "Id";
2026-08-07 15:12:05.344 -07:00 [INF] Executed DbCommand (0ms) [Parameters=[@p0='?' (DbType = Int32), @p1='?' (Size = 4)], CommandType='"Text"', CommandTimeout='30']
INSERT INTO "PrefixMappings" ("DxccEntityCode", "Prefix")
VALUES (@p0, @p1)
RETURNING "Id";
2026-08-07 15:12:05.344 -07:00 [INF] Executed DbCommand (0ms) [Parameters=[@p0='?' (DbType = Int32), @p1='?' (Size = 2)], CommandType='"Text"', CommandTimeout='30']
INSERT INTO "PrefixMappings" ("DxccEntityCode", "Prefix")
VALUES (@p0, @p1)
RETURNING "Id";
2026-08-07 15:12:05.344 -07:00 [INF] Executed DbCommand (0ms) [Parameters=[@p0='?' (DbType = Int32), @p1='?' (Size = 2)], CommandType='"Text"', CommandTimeout='30']
INSERT INTO "PrefixMappings" ("DxccEntityCode", "Prefix")
VALUES (@p0, @p1)
RETURNING "Id";
2026-08-07 15:12:05.344 -07:00 [INF] Executed DbCommand (0ms) [Parameters=[@p0='?' (DbType = Int32), @p1='?' (Size = 2)], CommandType='"Text"', CommandTimeout='30']
INSERT INTO "PrefixMappings" ("DxccEntityCode", "Prefix")
VALUES (@p0, @p1)
RETURNING "Id";
2026-08-07 15:12:05.344 -07:00 [INF] Executed DbCommand (0ms) [Parameters=[@p0='?' (DbType = Int32), @p1='?' (Size = 2)], CommandType='"Text"', CommandTimeout='30']
INSERT INTO "PrefixMappings" ("DxccEntityCode", "Prefix")
VALUES (@p0, @p1)
RETURNING "Id";
2026-08-07 15:12:05.344 -07:00 [INF] Executed DbCommand (0ms) [Parameters=[@p0='?' (DbType = Int32), @p1='?' (Size = 2)], CommandType='"Text"', CommandTimeout='30']
INSERT INTO "PrefixMappings" ("DxccEntityCode", "Prefix")
VALUES (@p0, @p1)
RETURNING "Id";
2026-08-07 15:12:05.345 -07:00 [INF] Executed DbCommand (0ms) [Parameters=[@p0='?' (DbType = Int32), @p1='?' (Size = 1)], CommandType='"Text"', CommandTimeout='30']
INSERT INTO "PrefixMappings" ("DxccEntityCode", "Prefix")
VALUES (@p0, @p1)
RETURNING "Id";
2026-08-07 15:12:05.345 -07:00 [INF] Executed DbCommand (0ms) [Parameters=[@p0='?' (DbType = Int32), @p1='?' (Size = 1)], CommandType='"Text"', CommandTimeout='30']
INSERT INTO "PrefixMappings" ("DxccEntityCode", "Prefix")
VALUES (@p0, @p1)
RETURNING "Id";
2026-08-07 15:12:05.345 -07:00 [INF] Executed DbCommand (0ms) [Parameters=[@p0='?' (DbType = Int32), @p1='?' (Size = 2)], CommandType='"Text"', CommandTimeout='30']
INSERT INTO "PrefixMappings" ("DxccEntityCode", "Prefix")
VALUES (@p0, @p1)
RETURNING "Id";
2026-08-07 15:12:05.345 -07:00 [INF] Executed DbCommand (0ms) [Parameters=[@p0='?' (DbType = Int32), @p1='?' (Size = 2)], CommandType='"Text"', CommandTimeout='30']
INSERT INTO "PrefixMappings" ("DxccEntityCode", "Prefix")
VALUES (@p0, @p1)
RETURNING "Id";
2026-08-07 15:12:05.345 -07:00 [INF] Executed DbCommand (0ms) [Parameters=[@p0='?' (DbType = Int32), @p1='?' (Size = 2)], CommandType='"Text"', CommandTimeout='30']
INSERT INTO "PrefixMappings" ("DxccEntityCode", "Prefix")
VALUES (@p0, @p1)
RETURNING "Id";
2026-08-07 15:12:05.345 -07:00 [INF] Executed DbCommand (0ms) [Parameters=[@p0='?' (DbType = Int32), @p1='?' (Size = 2)], CommandType='"Text"', CommandTimeout='30']
INSERT INTO "PrefixMappings" ("DxccEntityCode", "Prefix")
VALUES (@p0, @p1)
RETURNING "Id";
2026-08-07 15:12:05.345 -07:00 [INF] Executed DbCommand (0ms) [Parameters=[@p0='?' (DbType = Int32), @p1='?' (Size = 2)], CommandType='"Text"', CommandTimeout='30']
INSERT INTO "PrefixMappings" ("DxccEntityCode", "Prefix")
VALUES (@p0, @p1)
RETURNING "Id";
2026-08-07 15:12:05.345 -07:00 [INF] Executed DbCommand (0ms) [Parameters=[@p0='?' (DbType = Int32), @p1='?' (Size = 2)], CommandType='"Text"', CommandTimeout='30']
INSERT INTO "PrefixMappings" ("DxccEntityCode", "Prefix")
VALUES (@p0, @p1)
RETURNING "Id";
2026-08-07 15:12:05.345 -07:00 [INF] Executed DbCommand (0ms) [Parameters=[@p0='?' (DbType = Int32), @p1='?' (Size = 2)], CommandType='"Text"', CommandTimeout='30']
INSERT INTO "PrefixMappings" ("DxccEntityCode", "Prefix")
VALUES (@p0, @p1)
RETURNING "Id";
2026-08-07 15:12:05.345 -07:00 [INF] Executed DbCommand (0ms) [Parameters=[@p0='?' (DbType = Int32), @p1='?' (Size = 1)], CommandType='"Text"', CommandTimeout='30']
INSERT INTO "PrefixMappings" ("DxccEntityCode", "Prefix")
VALUES (@p0, @p1)
RETURNING "Id";
2026-08-07 15:12:05.345 -07:00 [INF] Executed DbCommand (0ms) [Parameters=[@p0='?' (DbType = Int32), @p1='?' (Size = 2)], CommandType='"Text"', CommandTimeout='30']
INSERT INTO "PrefixMappings" ("DxccEntityCode", "Prefix")
VALUES (@p0, @p1)
RETURNING "Id";
2026-08-07 15:12:05.345 -07:00 [INF] Executed DbCommand (0ms) [Parameters=[@p0='?' (DbType = Int32), @p1='?' (Size = 2)], CommandType='"Text"', CommandTimeout='30']
INSERT INTO "PrefixMappings" ("DxccEntityCode", "Prefix")
VALUES (@p0, @p1)
RETURNING "Id";
2026-08-07 15:12:05.345 -07:00 [INF] Executed DbCommand (0ms) [Parameters=[@p0='?' (DbType = Int32), @p1='?' (Size = 2)], CommandType='"Text"', CommandTimeout='30']
INSERT INTO "PrefixMappings" ("DxccEntityCode", "Prefix")
VALUES (@p0, @p1)
RETURNING "Id";
2026-08-07 15:12:05.345 -07:00 [INF] Executed DbCommand (0ms) [Parameters=[@p0='?' (DbType = Int32), @p1='?' (Size = 2)], CommandType='"Text"', CommandTimeout='30']
INSERT INTO "PrefixMappings" ("DxccEntityCode", "Prefix")
VALUES (@p0, @p1)
RETURNING "Id";
2026-08-07 15:12:05.345 -07:00 [INF] Executed DbCommand (0ms) [Parameters=[@p0='?' (DbType = Int32), @p1='?' (Size = 2)], CommandType='"Text"', CommandTimeout='30']
INSERT INTO "PrefixMappings" ("DxccEntityCode", "Prefix")
VALUES (@p0, @p1)
RETURNING "Id";
2026-08-07 15:12:05.345 -07:00 [INF] Executed DbCommand (0ms) [Parameters=[@p0='?' (DbType = Int32), @p1='?' (Size = 2)], CommandType='"Text"', CommandTimeout='30']
INSERT INTO "PrefixMappings" ("DxccEntityCode", "Prefix")
VALUES (@p0, @p1)
RETURNING "Id";
2026-08-07 15:12:05.345 -07:00 [INF] Executed DbCommand (0ms) [Parameters=[@p0='?' (DbType = Int32), @p1='?' (Size = 2)], CommandType='"Text"', CommandTimeout='30']
INSERT INTO "PrefixMappings" ("DxccEntityCode", "Prefix")
VALUES (@p0, @p1)
RETURNING "Id";
2026-08-07 15:12:05.345 -07:00 [INF] Executed DbCommand (0ms) [Parameters=[@p0='?' (DbType = Int32), @p1='?' (Size = 2)], CommandType='"Text"', CommandTimeout='30']
INSERT INTO "PrefixMappings" ("DxccEntityCode", "Prefix")
VALUES (@p0, @p1)
RETURNING "Id";
2026-08-07 15:12:05.345 -07:00 [INF] Executed DbCommand (0ms) [Parameters=[@p0='?' (DbType = Int32), @p1='?' (Size = 2)], CommandType='"Text"', CommandTimeout='30']
INSERT INTO "PrefixMappings" ("DxccEntityCode", "Prefix")
VALUES (@p0, @p1)
RETURNING "Id";
2026-08-07 15:12:05.345 -07:00 [INF] Executed DbCommand (0ms) [Parameters=[@p0='?' (DbType = Int32), @p1='?' (Size = 2)], CommandType='"Text"', CommandTimeout='30']
INSERT INTO "PrefixMappings" ("DxccEntityCode", "Prefix")
VALUES (@p0, @p1)
RETURNING "Id";
2026-08-07 15:12:05.345 -07:00 [INF] Executed DbCommand (0ms) [Parameters=[@p0='?' (DbType = Int32), @p1='?' (Size = 2)], CommandType='"Text"', CommandTimeout='30']
INSERT INTO "PrefixMappings" ("DxccEntityCode", "Prefix")
VALUES (@p0, @p1)
RETURNING "Id";
2026-08-07 15:12:05.345 -07:00 [INF] Executed DbCommand (0ms) [Parameters=[@p0='?' (DbType = Int32), @p1='?' (Size = 2)], CommandType='"Text"', CommandTimeout='30']
INSERT INTO "PrefixMappings" ("DxccEntityCode", "Prefix")
VALUES (@p0, @p1)
RETURNING "Id";
2026-08-07 15:12:05.345 -07:00 [INF] Executed DbCommand (0ms) [Parameters=[@p0='?' (DbType = Int32), @p1='?' (Size = 2)], CommandType='"Text"', CommandTimeout='30']
INSERT INTO "PrefixMappings" ("DxccEntityCode", "Prefix")
VALUES (@p0, @p1)
RETURNING "Id";
2026-08-07 15:12:05.345 -07:00 [INF] Executed DbCommand (0ms) [Parameters=[@p0='?' (DbType = Int32), @p1='?' (Size = 2)], CommandType='"Text"', CommandTimeout='30']
INSERT INTO "PrefixMappings" ("DxccEntityCode", "Prefix")
VALUES (@p0, @p1)
RETURNING "Id";
2026-08-07 15:12:05.345 -07:00 [INF] Executed DbCommand (0ms) [Parameters=[@p0='?' (DbType = Int32), @p1='?' (Size = 2)], CommandType='"Text"', CommandTimeout='30']
INSERT INTO "PrefixMappings" ("DxccEntityCode", "Prefix")
VALUES (@p0, @p1)
RETURNING "Id";
2026-08-07 15:12:05.345 -07:00 [INF] Executed DbCommand (0ms) [Parameters=[@p0='?' (DbType = Int32), @p1='?' (Size = 2)], CommandType='"Text"', CommandTimeout='30']
INSERT INTO "PrefixMappings" ("DxccEntityCode", "Prefix")
VALUES (@p0, @p1)
RETURNING "Id";
2026-08-07 15:12:05.345 -07:00 [INF] Executed DbCommand (0ms) [Parameters=[@p0='?' (DbType = Int32), @p1='?' (Size = 2)], CommandType='"Text"', CommandTimeout='30']
INSERT INTO "PrefixMappings" ("DxccEntityCode", "Prefix")
VALUES (@p0, @p1)
RETURNING "Id";
2026-08-07 15:12:05.346 -07:00 [INF] Executed DbCommand (0ms) [Parameters=[@p0='?' (DbType = Int32), @p1='?' (Size = 2)], CommandType='"Text"', CommandTimeout='30']
INSERT INTO "PrefixMappings" ("DxccEntityCode", "Prefix")
VALUES (@p0, @p1)
RETURNING "Id";
2026-08-07 15:12:05.346 -07:00 [INF] Executed DbCommand (0ms) [Parameters=[@p0='?' (DbType = Int32), @p1='?' (Size = 2)], CommandType='"Text"', CommandTimeout='30']
INSERT INTO "PrefixMappings" ("DxccEntityCode", "Prefix")
VALUES (@p0, @p1)
RETURNING "Id";
2026-08-07 15:12:05.346 -07:00 [INF] Executed DbCommand (0ms) [Parameters=[@p0='?' (DbType = Int32), @p1='?' (Size = 2)], CommandType='"Text"', CommandTimeout='30']
INSERT INTO "PrefixMappings" ("DxccEntityCode", "Prefix")
VALUES (@p0, @p1)
RETURNING "Id";
2026-08-07 15:12:05.346 -07:00 [INF] Executed DbCommand (0ms) [Parameters=[@p0='?' (DbType = Int32), @p1='?' (Size = 2)], CommandType='"Text"', CommandTimeout='30']
INSERT INTO "PrefixMappings" ("DxccEntityCode", "Prefix")
VALUES (@p0, @p1)
RETURNING "Id";
2026-08-07 15:12:05.346 -07:00 [INF] Executed DbCommand (0ms) [Parameters=[@p0='?' (DbType = Int32), @p1='?' (Size = 2)], CommandType='"Text"', CommandTimeout='30']
INSERT INTO "PrefixMappings" ("DxccEntityCode", "Prefix")
VALUES (@p0, @p1)
RETURNING "Id";
2026-08-07 15:12:05.346 -07:00 [INF] Executed DbCommand (0ms) [Parameters=[@p0='?' (DbType = Int32), @p1='?' (Size = 2)], CommandType='"Text"', CommandTimeout='30']
INSERT INTO "PrefixMappings" ("DxccEntityCode", "Prefix")
VALUES (@p0, @p1)
RETURNING "Id";
2026-08-07 15:12:05.346 -07:00 [INF] Executed DbCommand (0ms) [Parameters=[@p0='?' (DbType = Int32), @p1='?' (Size = 2)], CommandType='"Text"', CommandTimeout='30']
INSERT INTO "PrefixMappings" ("DxccEntityCode", "Prefix")
VALUES (@p0, @p1)
RETURNING "Id";
2026-08-07 15:12:05.346 -07:00 [INF] Executed DbCommand (0ms) [Parameters=[@p0='?' (DbType = Int32), @p1='?' (Size = 2)], CommandType='"Text"', CommandTimeout='30']
INSERT INTO "PrefixMappings" ("DxccEntityCode", "Prefix")
VALUES (@p0, @p1)
RETURNING "Id";
2026-08-07 15:12:05.346 -07:00 [INF] Executed DbCommand (0ms) [Parameters=[@p0='?' (DbType = Int32), @p1='?' (Size = 2)], CommandType='"Text"', CommandTimeout='30']
INSERT INTO "PrefixMappings" ("DxccEntityCode", "Prefix")
VALUES (@p0, @p1)
RETURNING "Id";
2026-08-07 15:12:05.346 -07:00 [INF] Executed DbCommand (0ms) [Parameters=[@p0='?' (DbType = Int32), @p1='?' (Size = 1)], CommandType='"Text"', CommandTimeout='30']
INSERT INTO "PrefixMappings" ("DxccEntityCode", "Prefix")
VALUES (@p0, @p1)
RETURNING "Id";
2026-08-07 15:12:05.346 -07:00 [INF] Executed DbCommand (0ms) [Parameters=[@p0='?' (DbType = Int32), @p1='?' (Size = 2)], CommandType='"Text"', CommandTimeout='30']
INSERT INTO "PrefixMappings" ("DxccEntityCode", "Prefix")
VALUES (@p0, @p1)
RETURNING "Id";
2026-08-07 15:12:05.346 -07:00 [INF] Executed DbCommand (0ms) [Parameters=[@p0='?' (DbType = Int32), @p1='?' (Size = 3)], CommandType='"Text"', CommandTimeout='30']
INSERT INTO "PrefixMappings" ("DxccEntityCode", "Prefix")
VALUES (@p0, @p1)
RETURNING "Id";
2026-08-07 15:12:05.346 -07:00 [INF] Executed DbCommand (0ms) [Parameters=[@p0='?' (DbType = Int32), @p1='?' (Size = 3)], CommandType='"Text"', CommandTimeout='30']
INSERT INTO "PrefixMappings" ("DxccEntityCode", "Prefix")
VALUES (@p0, @p1)
RETURNING "Id";
2026-08-07 15:12:05.346 -07:00 [INF] Executed DbCommand (0ms) [Parameters=[@p0='?' (DbType = Int32), @p1='?' (Size = 3)], CommandType='"Text"', CommandTimeout='30']
INSERT INTO "PrefixMappings" ("DxccEntityCode", "Prefix")
VALUES (@p0, @p1)
RETURNING "Id";
2026-08-07 15:12:05.346 -07:00 [INF] Executed DbCommand (0ms) [Parameters=[@p0='?' (DbType = Int32), @p1='?' (Size = 2)], CommandType='"Text"', CommandTimeout='30']
INSERT INTO "PrefixMappings" ("DxccEntityCode", "Prefix")
VALUES (@p0, @p1)
RETURNING "Id";
2026-08-07 15:12:05.346 -07:00 [INF] Executed DbCommand (0ms) [Parameters=[@p0='?' (DbType = Int32), @p1='?' (Size = 3)], CommandType='"Text"', CommandTimeout='30']
INSERT INTO "PrefixMappings" ("DxccEntityCode", "Prefix")
VALUES (@p0, @p1)
RETURNING "Id";
2026-08-07 15:12:05.346 -07:00 [INF] Executed DbCommand (0ms) [Parameters=[@p0='?' (DbType = Int32), @p1='?' (Size = 2)], CommandType='"Text"', CommandTimeout='30']
INSERT INTO "PrefixMappings" ("DxccEntityCode", "Prefix")
VALUES (@p0, @p1)
RETURNING "Id";
2026-08-07 15:12:05.346 -07:00 [INF] Executed DbCommand (0ms) [Parameters=[@p0='?' (DbType = Int32), @p1='?' (Size = 2)], CommandType='"Text"', CommandTimeout='30']
INSERT INTO "PrefixMappings" ("DxccEntityCode", "Prefix")
VALUES (@p0, @p1)
RETURNING "Id";
2026-08-07 15:12:05.346 -07:00 [INF] Executed DbCommand (0ms) [Parameters=[@p0='?' (DbType = Int32), @p1='?' (Size = 2)], CommandType='"Text"', CommandTimeout='30']
INSERT INTO "PrefixMappings" ("DxccEntityCode", "Prefix")
VALUES (@p0, @p1)
RETURNING "Id";
2026-08-07 15:12:05.346 -07:00 [INF] Executed DbCommand (0ms) [Parameters=[@p0='?' (DbType = Int32), @p1='?' (Size = 2)], CommandType='"Text"', CommandTimeout='30']
INSERT INTO "PrefixMappings" ("DxccEntityCode", "Prefix")
VALUES (@p0, @p1)
RETURNING "Id";
2026-08-07 15:12:05.346 -07:00 [INF] Executed DbCommand (0ms) [Parameters=[@p0='?' (DbType = Int32), @p1='?' (Size = 2)], CommandType='"Text"', CommandTimeout='30']
INSERT INTO "PrefixMappings" ("DxccEntityCode", "Prefix")
VALUES (@p0, @p1)
RETURNING "Id";
2026-08-07 15:12:05.346 -07:00 [INF] Executed DbCommand (0ms) [Parameters=[@p0='?' (DbType = Int32), @p1='?' (Size = 2)], CommandType='"Text"', CommandTimeout='30']
INSERT INTO "PrefixMappings" ("DxccEntityCode", "Prefix")
VALUES (@p0, @p1)
RETURNING "Id";
2026-08-07 15:12:05.346 -07:00 [INF] Executed DbCommand (0ms) [Parameters=[@p0='?' (DbType = Int32), @p1='?' (Size = 2)], CommandType='"Text"', CommandTimeout='30']
INSERT INTO "PrefixMappings" ("DxccEntityCode", "Prefix")
VALUES (@p0, @p1)
RETURNING "Id";
2026-08-07 15:12:05.346 -07:00 [INF] Executed DbCommand (0ms) [Parameters=[@p0='?' (DbType = Int32), @p1='?' (Size = 2)], CommandType='"Text"', CommandTimeout='30']
INSERT INTO "PrefixMappings" ("DxccEntityCode", "Prefix")
VALUES (@p0, @p1)
RETURNING "Id";
2026-08-07 15:12:05.346 -07:00 [INF] Executed DbCommand (0ms) [Parameters=[@p0='?' (DbType = Int32), @p1='?' (Size = 2)], CommandType='"Text"', CommandTimeout='30']
INSERT INTO "PrefixMappings" ("DxccEntityCode", "Prefix")
VALUES (@p0, @p1)
RETURNING "Id";
2026-08-07 15:12:05.346 -07:00 [INF] Executed DbCommand (0ms) [Parameters=[@p0='?' (DbType = Int32), @p1='?' (Size = 2)], CommandType='"Text"', CommandTimeout='30']
INSERT INTO "PrefixMappings" ("DxccEntityCode", "Prefix")
VALUES (@p0, @p1)
RETURNING "Id";
2026-08-07 15:12:05.346 -07:00 [INF] Executed DbCommand (0ms) [Parameters=[@p0='?' (DbType = Int32), @p1='?' (Size = 2)], CommandType='"Text"', CommandTimeout='30']
INSERT INTO "PrefixMappings" ("DxccEntityCode", "Prefix")
VALUES (@p0, @p1)
RETURNING "Id";
2026-08-07 15:12:05.346 -07:00 [INF] Executed DbCommand (0ms) [Parameters=[@p0='?' (DbType = Int32), @p1='?' (Size = 2)], CommandType='"Text"', CommandTimeout='30']
INSERT INTO "PrefixMappings" ("DxccEntityCode", "Prefix")
VALUES (@p0, @p1)
RETURNING "Id";
2026-08-07 15:12:05.346 -07:00 [INF] Executed DbCommand (0ms) [Parameters=[@p0='?' (DbType = Int32), @p1='?' (Size = 2)], CommandType='"Text"', CommandTimeout='30']
INSERT INTO "PrefixMappings" ("DxccEntityCode", "Prefix")
VALUES (@p0, @p1)
RETURNING "Id";
2026-08-07 15:12:05.347 -07:00 [INF] Executed DbCommand (0ms) [Parameters=[@p0='?' (DbType = Int32), @p1='?' (Size = 2)], CommandType='"Text"', CommandTimeout='30']
INSERT INTO "PrefixMappings" ("DxccEntityCode", "Prefix")
VALUES (@p0, @p1)
RETURNING "Id";
2026-08-07 15:12:05.347 -07:00 [INF] Executed DbCommand (0ms) [Parameters=[@p0='?' (DbType = Int32), @p1='?' (Size = 2)], CommandType='"Text"', CommandTimeout='30']
INSERT INTO "PrefixMappings" ("DxccEntityCode", "Prefix")
VALUES (@p0, @p1)
RETURNING "Id";
2026-08-07 15:12:05.347 -07:00 [INF] Executed DbCommand (0ms) [Parameters=[@p0='?' (DbType = Int32), @p1='?' (Size = 2)], CommandType='"Text"', CommandTimeout='30']
INSERT INTO "PrefixMappings" ("DxccEntityCode", "Prefix")
VALUES (@p0, @p1)
RETURNING "Id";
2026-08-07 15:12:05.347 -07:00 [INF] Executed DbCommand (0ms) [Parameters=[@p0='?' (DbType = Int32), @p1='?' (Size = 2)], CommandType='"Text"', CommandTimeout='30']
INSERT INTO "PrefixMappings" ("DxccEntityCode", "Prefix")
VALUES (@p0, @p1)
RETURNING "Id";
2026-08-07 15:12:05.347 -07:00 [INF] Executed DbCommand (0ms) [Parameters=[@p0='?' (DbType = Int32), @p1='?' (Size = 2)], CommandType='"Text"', CommandTimeout='30']
INSERT INTO "PrefixMappings" ("DxccEntityCode", "Prefix")
VALUES (@p0, @p1)
RETURNING "Id";
2026-08-07 15:12:05.347 -07:00 [INF] Executed DbCommand (0ms) [Parameters=[@p0='?' (DbType = Int32), @p1='?' (Size = 2)], CommandType='"Text"', CommandTimeout='30']
INSERT INTO "PrefixMappings" ("DxccEntityCode", "Prefix")
VALUES (@p0, @p1)
RETURNING "Id";
2026-08-07 15:12:05.347 -07:00 [INF] Executed DbCommand (0ms) [Parameters=[@p0='?' (DbType = Int32), @p1='?' (Size = 2)], CommandType='"Text"', CommandTimeout='30']
INSERT INTO "PrefixMappings" ("DxccEntityCode", "Prefix")
VALUES (@p0, @p1)
RETURNING "Id";
2026-08-07 15:12:05.347 -07:00 [INF] Executed DbCommand (0ms) [Parameters=[@p0='?' (DbType = Int32), @p1='?' (Size = 2)], CommandType='"Text"', CommandTimeout='30']
INSERT INTO "PrefixMappings" ("DxccEntityCode", "Prefix")
VALUES (@p0, @p1)
RETURNING "Id";
2026-08-07 15:12:05.347 -07:00 [INF] Executed DbCommand (0ms) [Parameters=[@p0='?' (DbType = Int32), @p1='?' (Size = 2)], CommandType='"Text"', CommandTimeout='30']
INSERT INTO "PrefixMappings" ("DxccEntityCode", "Prefix")
VALUES (@p0, @p1)
RETURNING "Id";
2026-08-07 15:12:05.347 -07:00 [INF] Executed DbCommand (0ms) [Parameters=[@p0='?' (DbType = Int32), @p1='?' (Size = 2)], CommandType='"Text"', CommandTimeout='30']
INSERT INTO "PrefixMappings" ("DxccEntityCode", "Prefix")
VALUES (@p0, @p1)
RETURNING "Id";
2026-08-07 15:12:05.347 -07:00 [INF] Executed DbCommand (0ms) [Parameters=[@p0='?' (DbType = Int32), @p1='?' (Size = 2)], CommandType='"Text"', CommandTimeout='30']
INSERT INTO "PrefixMappings" ("DxccEntityCode", "Prefix")
VALUES (@p0, @p1)
RETURNING "Id";
2026-08-07 15:12:05.347 -07:00 [INF] Executed DbCommand (0ms) [Parameters=[@p0='?' (DbType = Int32), @p1='?' (Size = 2)], CommandType='"Text"', CommandTimeout='30']
INSERT INTO "PrefixMappings" ("DxccEntityCode", "Prefix")
VALUES (@p0, @p1)
RETURNING "Id";
2026-08-07 15:12:05.347 -07:00 [INF] Executed DbCommand (0ms) [Parameters=[@p0='?' (DbType = Int32), @p1='?' (Size = 2)], CommandType='"Text"', CommandTimeout='30']
INSERT INTO "PrefixMappings" ("DxccEntityCode", "Prefix")
VALUES (@p0, @p1)
RETURNING "Id";
2026-08-07 15:12:05.347 -07:00 [INF] Executed DbCommand (0ms) [Parameters=[@p0='?' (DbType = Int32), @p1='?' (Size = 2)], CommandType='"Text"', CommandTimeout='30']
INSERT INTO "PrefixMappings" ("DxccEntityCode", "Prefix")
VALUES (@p0, @p1)
RETURNING "Id";
2026-08-07 15:12:05.347 -07:00 [INF] Executed DbCommand (0ms) [Parameters=[@p0='?' (DbType = Int32), @p1='?' (Size = 2)], CommandType='"Text"', CommandTimeout='30']
INSERT INTO "PrefixMappings" ("DxccEntityCode", "Prefix")
VALUES (@p0, @p1)
RETURNING "Id";
2026-08-07 15:12:05.347 -07:00 [INF] Executed DbCommand (0ms) [Parameters=[@p0='?' (DbType = Int32), @p1='?' (Size = 3)], CommandType='"Text"', CommandTimeout='30']
INSERT INTO "PrefixMappings" ("DxccEntityCode", "Prefix")
VALUES (@p0, @p1)
RETURNING "Id";
2026-08-07 15:12:05.347 -07:00 [INF] Executed DbCommand (0ms) [Parameters=[@p0='?' (DbType = Int32), @p1='?' (Size = 3)], CommandType='"Text"', CommandTimeout='30']
INSERT INTO "PrefixMappings" ("DxccEntityCode", "Prefix")
VALUES (@p0, @p1)
RETURNING "Id";
2026-08-07 15:12:05.347 -07:00 [INF] Executed DbCommand (0ms) [Parameters=[@p0='?' (DbType = Int32), @p1='?' (Size = 2)], CommandType='"Text"', CommandTimeout='30']
INSERT INTO "PrefixMappings" ("DxccEntityCode", "Prefix")
VALUES (@p0, @p1)
RETURNING "Id";
2026-08-07 15:12:05.347 -07:00 [INF] Executed DbCommand (0ms) [Parameters=[@p0='?' (DbType = Int32), @p1='?' (Size = 2)], CommandType='"Text"', CommandTimeout='30']
INSERT INTO "PrefixMappings" ("DxccEntityCode", "Prefix")
VALUES (@p0, @p1)
RETURNING "Id";
2026-08-07 15:12:05.347 -07:00 [INF] Executed DbCommand (0ms) [Parameters=[@p0='?' (DbType = Int32), @p1='?' (Size = 2)], CommandType='"Text"', CommandTimeout='30']
INSERT INTO "PrefixMappings" ("DxccEntityCode", "Prefix")
VALUES (@p0, @p1)
RETURNING "Id";
2026-08-07 15:12:05.347 -07:00 [INF] Executed DbCommand (0ms) [Parameters=[@p0='?' (DbType = Int32), @p1='?' (Size = 2)], CommandType='"Text"', CommandTimeout='30']
INSERT INTO "PrefixMappings" ("DxccEntityCode", "Prefix")
VALUES (@p0, @p1)
RETURNING "Id";
2026-08-07 15:12:05.347 -07:00 [INF] Executed DbCommand (0ms) [Parameters=[@p0='?' (DbType = Int32), @p1='?' (Size = 2)], CommandType='"Text"', CommandTimeout='30']
INSERT INTO "PrefixMappings" ("DxccEntityCode", "Prefix")
VALUES (@p0, @p1)
RETURNING "Id";
2026-08-07 15:12:05.347 -07:00 [INF] Executed DbCommand (0ms) [Parameters=[@p0='?' (DbType = Int32), @p1='?' (Size = 2)], CommandType='"Text"', CommandTimeout='30']
INSERT INTO "PrefixMappings" ("DxccEntityCode", "Prefix")
VALUES (@p0, @p1)
RETURNING "Id";
2026-08-07 15:12:05.347 -07:00 [INF] Executed DbCommand (0ms) [Parameters=[@p0='?' (DbType = Int32), @p1='?' (Size = 2)], CommandType='"Text"', CommandTimeout='30']
INSERT INTO "PrefixMappings" ("DxccEntityCode", "Prefix")
VALUES (@p0, @p1)
RETURNING "Id";
2026-08-07 15:12:05.347 -07:00 [INF] Executed DbCommand (0ms) [Parameters=[@p0='?' (DbType = Int32), @p1='?' (Size = 2)], CommandType='"Text"', CommandTimeout='30']
INSERT INTO "PrefixMappings" ("DxccEntityCode", "Prefix")
VALUES (@p0, @p1)
RETURNING "Id";
2026-08-07 15:12:05.347 -07:00 [INF] Executed DbCommand (0ms) [Parameters=[@p0='?' (DbType = Int32), @p1='?' (Size = 2)], CommandType='"Text"', CommandTimeout='30']
INSERT INTO "PrefixMappings" ("DxccEntityCode", "Prefix")
VALUES (@p0, @p1)
RETURNING "Id";
2026-08-07 15:12:05.348 -07:00 [INF] Executed DbCommand (0ms) [Parameters=[@p0='?' (DbType = Int32), @p1='?' (Size = 2)], CommandType='"Text"', CommandTimeout='30']
INSERT INTO "PrefixMappings" ("DxccEntityCode", "Prefix")
VALUES (@p0, @p1)
RETURNING "Id";
2026-08-07 15:12:05.348 -07:00 [INF] Executed DbCommand (0ms) [Parameters=[@p0='?' (DbType = Int32), @p1='?' (Size = 2)], CommandType='"Text"', CommandTimeout='30']
INSERT INTO "PrefixMappings" ("DxccEntityCode", "Prefix")
VALUES (@p0, @p1)
RETURNING "Id";
2026-08-07 15:12:05.348 -07:00 [INF] Executed DbCommand (0ms) [Parameters=[@p0='?' (DbType = Int32), @p1='?' (Size = 2)], CommandType='"Text"', CommandTimeout='30']
INSERT INTO "PrefixMappings" ("DxccEntityCode", "Prefix")
VALUES (@p0, @p1)
RETURNING "Id";
2026-08-07 15:12:05.348 -07:00 [INF] Executed DbCommand (0ms) [Parameters=[@p0='?' (DbType = Int32), @p1='?' (Size = 2)], CommandType='"Text"', CommandTimeout='30']
INSERT INTO "PrefixMappings" ("DxccEntityCode", "Prefix")
VALUES (@p0, @p1)
RETURNING "Id";
2026-08-07 15:12:05.348 -07:00 [INF] Executed DbCommand (0ms) [Parameters=[@p0='?' (DbType = Int32), @p1='?' (Size = 2)], CommandType='"Text"', CommandTimeout='30']
INSERT INTO "PrefixMappings" ("DxccEntityCode", "Prefix")
VALUES (@p0, @p1)
RETURNING "Id";
2026-08-07 15:12:05.348 -07:00 [INF] Executed DbCommand (0ms) [Parameters=[@p0='?' (DbType = Int32), @p1='?' (Size = 2)], CommandType='"Text"', CommandTimeout='30']
INSERT INTO "PrefixMappings" ("DxccEntityCode", "Prefix")
VALUES (@p0, @p1)
RETURNING "Id";
2026-08-07 15:12:05.348 -07:00 [INF] Executed DbCommand (0ms) [Parameters=[@p0='?' (DbType = Int32), @p1='?' (Size = 2)], CommandType='"Text"', CommandTimeout='30']
INSERT INTO "PrefixMappings" ("DxccEntityCode", "Prefix")
VALUES (@p0, @p1)
RETURNING "Id";
2026-08-07 15:12:05.348 -07:00 [INF] Executed DbCommand (0ms) [Parameters=[@p0='?' (DbType = Int32), @p1='?' (Size = 3)], CommandType='"Text"', CommandTimeout='30']
INSERT INTO "PrefixMappings" ("DxccEntityCode", "Prefix")
VALUES (@p0, @p1)
RETURNING "Id";
2026-08-07 15:12:05.348 -07:00 [INF] Executed DbCommand (0ms) [Parameters=[@p0='?' (DbType = Int32), @p1='?' (Size = 2)], CommandType='"Text"', CommandTimeout='30']
INSERT INTO "PrefixMappings" ("DxccEntityCode", "Prefix")
VALUES (@p0, @p1)
RETURNING "Id";
2026-08-07 15:12:05.348 -07:00 [INF] Executed DbCommand (0ms) [Parameters=[@p0='?' (DbType = Int32), @p1='?' (Size = 2)], CommandType='"Text"', CommandTimeout='30']
INSERT INTO "PrefixMappings" ("DxccEntityCode", "Prefix")
VALUES (@p0, @p1)
RETURNING "Id";
2026-08-07 15:12:05.348 -07:00 [INF] Executed DbCommand (0ms) [Parameters=[@p0='?' (DbType = Int32), @p1='?' (Size = 2)], CommandType='"Text"', CommandTimeout='30']
INSERT INTO "PrefixMappings" ("DxccEntityCode", "Prefix")
VALUES (@p0, @p1)
RETURNING "Id";
2026-08-07 15:12:05.348 -07:00 [INF] Executed DbCommand (0ms) [Parameters=[@p0='?' (DbType = Int32), @p1='?' (Size = 2)], CommandType='"Text"', CommandTimeout='30']
INSERT INTO "PrefixMappings" ("DxccEntityCode", "Prefix")
VALUES (@p0, @p1)
RETURNING "Id";
2026-08-07 15:12:05.348 -07:00 [INF] Executed DbCommand (0ms) [Parameters=[@p0='?' (DbType = Int32), @p1='?' (Size = 2)], CommandType='"Text"', CommandTimeout='30']
INSERT INTO "PrefixMappings" ("DxccEntityCode", "Prefix")
VALUES (@p0, @p1)
RETURNING "Id";
2026-08-07 15:12:05.348 -07:00 [INF] Executed DbCommand (0ms) [Parameters=[@p0='?' (DbType = Int32), @p1='?' (Size = 2)], CommandType='"Text"', CommandTimeout='30']
INSERT INTO "PrefixMappings" ("DxccEntityCode", "Prefix")
VALUES (@p0, @p1)
RETURNING "Id";
2026-08-07 15:12:05.348 -07:00 [INF] Executed DbCommand (0ms) [Parameters=[@p0='?' (DbType = Int32), @p1='?' (Size = 2)], CommandType='"Text"', CommandTimeout='30']
INSERT INTO "PrefixMappings" ("DxccEntityCode", "Prefix")
VALUES (@p0, @p1)
RETURNING "Id";
2026-08-07 15:12:05.348 -07:00 [INF] Executed DbCommand (0ms) [Parameters=[@p0='?' (DbType = Int32), @p1='?' (Size = 2)], CommandType='"Text"', CommandTimeout='30']
INSERT INTO "PrefixMappings" ("DxccEntityCode", "Prefix")
VALUES (@p0, @p1)
RETURNING "Id";
2026-08-07 15:12:05.348 -07:00 [INF] Executed DbCommand (0ms) [Parameters=[@p0='?' (DbType = Int32), @p1='?' (Size = 2)], CommandType='"Text"', CommandTimeout='30']
INSERT INTO "PrefixMappings" ("DxccEntityCode", "Prefix")
VALUES (@p0, @p1)
RETURNING "Id";
2026-08-07 15:12:05.348 -07:00 [INF] Executed DbCommand (0ms) [Parameters=[@p0='?' (DbType = Int32), @p1='?' (Size = 2)], CommandType='"Text"', CommandTimeout='30']
INSERT INTO "PrefixMappings" ("DxccEntityCode", "Prefix")
VALUES (@p0, @p1)
RETURNING "Id";
2026-08-07 15:12:05.348 -07:00 [INF] Executed DbCommand (0ms) [Parameters=[@p0='?' (DbType = Int32), @p1='?' (Size = 2)], CommandType='"Text"', CommandTimeout='30']
INSERT INTO "PrefixMappings" ("DxccEntityCode", "Prefix")
VALUES (@p0, @p1)
RETURNING "Id";
2026-08-07 15:12:05.348 -07:00 [INF] Executed DbCommand (0ms) [Parameters=[@p0='?' (DbType = Int32), @p1='?' (Size = 2)], CommandType='"Text"', CommandTimeout='30']
INSERT INTO "PrefixMappings" ("DxccEntityCode", "Prefix")
VALUES (@p0, @p1)
RETURNING "Id";
2026-08-07 15:12:05.348 -07:00 [INF] Executed DbCommand (0ms) [Parameters=[@p0='?' (DbType = Int32), @p1='?' (Size = 2)], CommandType='"Text"', CommandTimeout='30']
INSERT INTO "PrefixMappings" ("DxccEntityCode", "Prefix")
VALUES (@p0, @p1)
RETURNING "Id";
2026-08-07 15:12:05.348 -07:00 [INF] Executed DbCommand (0ms) [Parameters=[@p0='?' (DbType = Int32), @p1='?' (Size = 3)], CommandType='"Text"', CommandTimeout='30']
INSERT INTO "PrefixMappings" ("DxccEntityCode", "Prefix")
VALUES (@p0, @p1)
RETURNING "Id";
2026-08-07 15:12:05.348 -07:00 [INF] Executed DbCommand (0ms) [Parameters=[@p0='?' (DbType = Int32), @p1='?' (Size = 3)], CommandType='"Text"', CommandTimeout='30']
INSERT INTO "PrefixMappings" ("DxccEntityCode", "Prefix")
VALUES (@p0, @p1)
RETURNING "Id";
2026-08-07 15:12:05.348 -07:00 [INF] Executed DbCommand (0ms) [Parameters=[@p0='?' (DbType = Int32), @p1='?' (Size = 3)], CommandType='"Text"', CommandTimeout='30']
INSERT INTO "PrefixMappings" ("DxccEntityCode", "Prefix")
VALUES (@p0, @p1)
RETURNING "Id";
2026-08-07 15:12:05.348 -07:00 [INF] Executed DbCommand (0ms) [Parameters=[@p0='?' (DbType = Int32), @p1='?' (Size = 2)], CommandType='"Text"', CommandTimeout='30']
INSERT INTO "PrefixMappings" ("DxccEntityCode", "Prefix")
VALUES (@p0, @p1)
RETURNING "Id";
2026-08-07 15:12:05.349 -07:00 [INF] Executed DbCommand (0ms) [Parameters=[@p0='?' (DbType = Int32), @p1='?' (Size = 3)], CommandType='"Text"', CommandTimeout='30']
INSERT INTO "PrefixMappings" ("DxccEntityCode", "Prefix")
VALUES (@p0, @p1)
RETURNING "Id";
2026-08-07 15:12:05.349 -07:00 [INF] Executed DbCommand (0ms) [Parameters=[@p0='?' (DbType = Int32), @p1='?' (Size = 2)], CommandType='"Text"', CommandTimeout='30']
INSERT INTO "PrefixMappings" ("DxccEntityCode", "Prefix")
VALUES (@p0, @p1)
RETURNING "Id";
2026-08-07 15:12:05.349 -07:00 [INF] Executed DbCommand (0ms) [Parameters=[@p0='?' (DbType = Int32), @p1='?' (Size = 2)], CommandType='"Text"', CommandTimeout='30']
INSERT INTO "PrefixMappings" ("DxccEntityCode", "Prefix")
VALUES (@p0, @p1)
RETURNING "Id";
2026-08-07 15:12:05.349 -07:00 [INF] Executed DbCommand (0ms) [Parameters=[@p0='?' (DbType = Int32), @p1='?' (Size = 2)], CommandType='"Text"', CommandTimeout='30']
INSERT INTO "PrefixMappings" ("DxccEntityCode", "Prefix")
VALUES (@p0, @p1)
RETURNING "Id";
2026-08-07 15:12:05.349 -07:00 [INF] Executed DbCommand (0ms) [Parameters=[@p0='?' (DbType = Int32), @p1='?' (Size = 2)], CommandType='"Text"', CommandTimeout='30']
INSERT INTO "PrefixMappings" ("DxccEntityCode", "Prefix")
VALUES (@p0, @p1)
RETURNING "Id";
2026-08-07 15:12:05.349 -07:00 [INF] Executed DbCommand (0ms) [Parameters=[@p0='?' (DbType = Int32), @p1='?' (Size = 2)], CommandType='"Text"', CommandTimeout='30']
INSERT INTO "PrefixMappings" ("DxccEntityCode", "Prefix")
VALUES (@p0, @p1)
RETURNING "Id";
2026-08-07 15:12:05.349 -07:00 [INF] Executed DbCommand (0ms) [Parameters=[@p0='?' (DbType = Int32), @p1='?' (Size = 2)], CommandType='"Text"', CommandTimeout='30']
INSERT INTO "PrefixMappings" ("DxccEntityCode", "Prefix")
VALUES (@p0, @p1)
RETURNING "Id";
2026-08-07 15:12:05.349 -07:00 [INF] Executed DbCommand (0ms) [Parameters=[@p0='?' (DbType = Int32), @p1='?' (Size = 2)], CommandType='"Text"', CommandTimeout='30']
INSERT INTO "PrefixMappings" ("DxccEntityCode", "Prefix")
VALUES (@p0, @p1)
RETURNING "Id";
2026-08-07 15:12:05.349 -07:00 [INF] Executed DbCommand (0ms) [Parameters=[@p0='?' (DbType = Int32), @p1='?' (Size = 2)], CommandType='"Text"', CommandTimeout='30']
INSERT INTO "PrefixMappings" ("DxccEntityCode", "Prefix")
VALUES (@p0, @p1)
RETURNING "Id";
2026-08-07 15:12:05.349 -07:00 [INF] Executed DbCommand (0ms) [Parameters=[@p0='?' (DbType = Int32), @p1='?' (Size = 2)], CommandType='"Text"', CommandTimeout='30']
INSERT INTO "PrefixMappings" ("DxccEntityCode", "Prefix")
VALUES (@p0, @p1)
RETURNING "Id";
2026-08-07 15:12:05.349 -07:00 [INF] Executed DbCommand (0ms) [Parameters=[@p0='?' (DbType = Int32), @p1='?' (Size = 2)], CommandType='"Text"', CommandTimeout='30']
INSERT INTO "PrefixMappings" ("DxccEntityCode", "Prefix")
VALUES (@p0, @p1)
RETURNING "Id";
2026-08-07 15:12:05.349 -07:00 [INF] Executed DbCommand (0ms) [Parameters=[@p0='?' (DbType = Int32), @p1='?' (Size = 2)], CommandType='"Text"', CommandTimeout='30']
INSERT INTO "PrefixMappings" ("DxccEntityCode", "Prefix")
VALUES (@p0, @p1)
RETURNING "Id";
2026-08-07 15:12:05.349 -07:00 [INF] Executed DbCommand (0ms) [Parameters=[@p0='?' (DbType = Int32), @p1='?' (Size = 4)], CommandType='"Text"', CommandTimeout='30']
INSERT INTO "PrefixMappings" ("DxccEntityCode", "Prefix")
VALUES (@p0, @p1)
RETURNING "Id";
2026-08-07 15:12:05.349 -07:00 [INF] Executed DbCommand (0ms) [Parameters=[@p0='?' (DbType = Int32), @p1='?' (Size = 1)], CommandType='"Text"', CommandTimeout='30']
INSERT INTO "PrefixMappings" ("DxccEntityCode", "Prefix")
VALUES (@p0, @p1)
RETURNING "Id";
2026-08-07 15:12:05.349 -07:00 [INF] Executed DbCommand (0ms) [Parameters=[@p0='?' (DbType = Int32), @p1='?' (Size = 1)], CommandType='"Text"', CommandTimeout='30']
INSERT INTO "PrefixMappings" ("DxccEntityCode", "Prefix")
VALUES (@p0, @p1)
RETURNING "Id";
2026-08-07 15:12:05.349 -07:00 [INF] Executed DbCommand (0ms) [Parameters=[@p0='?' (DbType = Int32), @p1='?' (Size = 1)], CommandType='"Text"', CommandTimeout='30']
INSERT INTO "PrefixMappings" ("DxccEntityCode", "Prefix")
VALUES (@p0, @p1)
RETURNING "Id";
2026-08-07 15:12:05.349 -07:00 [INF] Executed DbCommand (0ms) [Parameters=[@p0='?' (DbType = Int32), @p1='?' (Size = 2)], CommandType='"Text"', CommandTimeout='30']
INSERT INTO "PrefixMappings" ("DxccEntityCode", "Prefix")
VALUES (@p0, @p1)
RETURNING "Id";
2026-08-07 15:12:05.349 -07:00 [INF] Executed DbCommand (0ms) [Parameters=[@p0='?' (DbType = Int32), @p1='?' (Size = 2)], CommandType='"Text"', CommandTimeout='30']
INSERT INTO "PrefixMappings" ("DxccEntityCode", "Prefix")
VALUES (@p0, @p1)
RETURNING "Id";
2026-08-07 15:12:05.349 -07:00 [INF] Executed DbCommand (0ms) [Parameters=[@p0='?' (DbType = Int32), @p1='?' (Size = 2)], CommandType='"Text"', CommandTimeout='30']
INSERT INTO "PrefixMappings" ("DxccEntityCode", "Prefix")
VALUES (@p0, @p1)
RETURNING "Id";
2026-08-07 15:12:05.349 -07:00 [INF] Executed DbCommand (0ms) [Parameters=[@p0='?' (DbType = Int32), @p1='?' (Size = 2)], CommandType='"Text"', CommandTimeout='30']
INSERT INTO "PrefixMappings" ("DxccEntityCode", "Prefix")
VALUES (@p0, @p1)
RETURNING "Id";
2026-08-07 15:12:05.349 -07:00 [INF] Executed DbCommand (0ms) [Parameters=[@p0='?' (DbType = Int32), @p1='?' (Size = 2)], CommandType='"Text"', CommandTimeout='30']
INSERT INTO "PrefixMappings" ("DxccEntityCode", "Prefix")
VALUES (@p0, @p1)
RETURNING "Id";
2026-08-07 15:12:05.349 -07:00 [INF] Executed DbCommand (0ms) [Parameters=[@p0='?' (DbType = Int32), @p1='?' (Size = 2)], CommandType='"Text"', CommandTimeout='30']
INSERT INTO "PrefixMappings" ("DxccEntityCode", "Prefix")
VALUES (@p0, @p1)
RETURNING "Id";
2026-08-07 15:12:05.349 -07:00 [INF] Executed DbCommand (0ms) [Parameters=[@p0='?' (DbType = Int32), @p1='?' (Size = 2)], CommandType='"Text"', CommandTimeout='30']
INSERT INTO "PrefixMappings" ("DxccEntityCode", "Prefix")
VALUES (@p0, @p1)
RETURNING "Id";
2026-08-07 15:12:05.349 -07:00 [INF] Executed DbCommand (0ms) [Parameters=[@p0='?' (DbType = Int32), @p1='?' (Size = 2)], CommandType='"Text"', CommandTimeout='30']
INSERT INTO "PrefixMappings" ("DxccEntityCode", "Prefix")
VALUES (@p0, @p1)
RETURNING "Id";
2026-08-07 15:12:05.349 -07:00 [INF] Executed DbCommand (0ms) [Parameters=[@p0='?' (DbType = Int32), @p1='?' (Size = 2)], CommandType='"Text"', CommandTimeout='30']
INSERT INTO "PrefixMappings" ("DxccEntityCode", "Prefix")
VALUES (@p0, @p1)
RETURNING "Id";
2026-08-07 15:12:05.349 -07:00 [INF] Executed DbCommand (0ms) [Parameters=[@p0='?' (DbType = Int32), @p1='?' (Size = 2)], CommandType='"Text"', CommandTimeout='30']
INSERT INTO "PrefixMappings" ("DxccEntityCode", "Prefix")
VALUES (@p0, @p1)
RETURNING "Id";
2026-08-07 15:12:05.349 -07:00 [INF] Executed DbCommand (0ms) [Parameters=[@p0='?' (DbType = Int32), @p1='?' (Size = 2)], CommandType='"Text"', CommandTimeout='30']
INSERT INTO "PrefixMappings" ("DxccEntityCode", "Prefix")
VALUES (@p0, @p1)
RETURNING "Id";
2026-08-07 15:12:05.349 -07:00 [INF] Executed DbCommand (0ms) [Parameters=[@p0='?' (DbType = Int32), @p1='?' (Size = 2)], CommandType='"Text"', CommandTimeout='30']
INSERT INTO "PrefixMappings" ("DxccEntityCode", "Prefix")
VALUES (@p0, @p1)
RETURNING "Id";
2026-08-07 15:12:05.349 -07:00 [INF] Executed DbCommand (0ms) [Parameters=[@p0='?' (DbType = Int32), @p1='?' (Size = 2)], CommandType='"Text"', CommandTimeout='30']
INSERT INTO "PrefixMappings" ("DxccEntityCode", "Prefix")
VALUES (@p0, @p1)
RETURNING "Id";
2026-08-07 15:12:05.350 -07:00 [INF] Executed DbCommand (0ms) [Parameters=[@p0='?' (DbType = Int32), @p1='?' (Size = 2)], CommandType='"Text"', CommandTimeout='30']
INSERT INTO "PrefixMappings" ("DxccEntityCode", "Prefix")
VALUES (@p0, @p1)
RETURNING "Id";
2026-08-07 15:12:05.350 -07:00 [INF] Executed DbCommand (0ms) [Parameters=[@p0='?' (DbType = Int32), @p1='?' (Size = 2)], CommandType='"Text"', CommandTimeout='30']
INSERT INTO "PrefixMappings" ("DxccEntityCode", "Prefix")
VALUES (@p0, @p1)
RETURNING "Id";
2026-08-07 15:12:05.350 -07:00 [INF] Executed DbCommand (0ms) [Parameters=[@p0='?' (DbType = Int32), @p1='?' (Size = 2)], CommandType='"Text"', CommandTimeout='30']
INSERT INTO "PrefixMappings" ("DxccEntityCode", "Prefix")
VALUES (@p0, @p1)
RETURNING "Id";
2026-08-07 15:12:05.350 -07:00 [INF] Executed DbCommand (0ms) [Parameters=[@p0='?' (DbType = Int32), @p1='?' (Size = 3)], CommandType='"Text"', CommandTimeout='30']
INSERT INTO "PrefixMappings" ("DxccEntityCode", "Prefix")
VALUES (@p0, @p1)
RETURNING "Id";
2026-08-07 15:12:05.350 -07:00 [INF] Executed DbCommand (0ms) [Parameters=[@p0='?' (DbType = Int32), @p1='?' (Size = 2)], CommandType='"Text"', CommandTimeout='30']
INSERT INTO "PrefixMappings" ("DxccEntityCode", "Prefix")
VALUES (@p0, @p1)
RETURNING "Id";
2026-08-07 15:12:05.350 -07:00 [INF] Executed DbCommand (0ms) [Parameters=[@p0='?' (DbType = Int32), @p1='?' (Size = 2)], CommandType='"Text"', CommandTimeout='30']
INSERT INTO "PrefixMappings" ("DxccEntityCode", "Prefix")
VALUES (@p0, @p1)
RETURNING "Id";
2026-08-07 15:12:05.350 -07:00 [INF] Executed DbCommand (0ms) [Parameters=[@p0='?' (DbType = Int32), @p1='?' (Size = 2)], CommandType='"Text"', CommandTimeout='30']
INSERT INTO "PrefixMappings" ("DxccEntityCode", "Prefix")
VALUES (@p0, @p1)
RETURNING "Id";
2026-08-07 15:12:05.350 -07:00 [INF] Executed DbCommand (0ms) [Parameters=[@p0='?' (DbType = Int32), @p1='?' (Size = 2)], CommandType='"Text"', CommandTimeout='30']
INSERT INTO "PrefixMappings" ("DxccEntityCode", "Prefix")
VALUES (@p0, @p1)
RETURNING "Id";
2026-08-07 15:12:05.350 -07:00 [INF] Executed DbCommand (0ms) [Parameters=[@p0='?' (DbType = Int32), @p1='?' (Size = 2)], CommandType='"Text"', CommandTimeout='30']
INSERT INTO "PrefixMappings" ("DxccEntityCode", "Prefix")
VALUES (@p0, @p1)
RETURNING "Id";
2026-08-07 15:12:05.350 -07:00 [INF] Executed DbCommand (0ms) [Parameters=[@p0='?' (DbType = Int32), @p1='?' (Size = 2)], CommandType='"Text"', CommandTimeout='30']
INSERT INTO "PrefixMappings" ("DxccEntityCode", "Prefix")
VALUES (@p0, @p1)
RETURNING "Id";
2026-08-07 15:12:05.350 -07:00 [INF] Executed DbCommand (0ms) [Parameters=[@p0='?' (DbType = Int32), @p1='?' (Size = 2)], CommandType='"Text"', CommandTimeout='30']
INSERT INTO "PrefixMappings" ("DxccEntityCode", "Prefix")
VALUES (@p0, @p1)
RETURNING "Id";
2026-08-07 15:12:05.350 -07:00 [INF] Executed DbCommand (0ms) [Parameters=[@p0='?' (DbType = Int32), @p1='?' (Size = 2)], CommandType='"Text"', CommandTimeout='30']
INSERT INTO "PrefixMappings" ("DxccEntityCode", "Prefix")
VALUES (@p0, @p1)
RETURNING "Id";
2026-08-07 15:12:05.350 -07:00 [INF] Executed DbCommand (0ms) [Parameters=[@p0='?' (DbType = Int32), @p1='?' (Size = 2)], CommandType='"Text"', CommandTimeout='30']
INSERT INTO "PrefixMappings" ("DxccEntityCode", "Prefix")
VALUES (@p0, @p1)
RETURNING "Id";
2026-08-07 15:12:05.350 -07:00 [INF] Executed DbCommand (0ms) [Parameters=[@p0='?' (DbType = Int32), @p1='?' (Size = 2)], CommandType='"Text"', CommandTimeout='30']
INSERT INTO "PrefixMappings" ("DxccEntityCode", "Prefix")
VALUES (@p0, @p1)
RETURNING "Id";
2026-08-07 15:12:05.350 -07:00 [INF] Executed DbCommand (0ms) [Parameters=[@p0='?' (DbType = Int32), @p1='?' (Size = 2)], CommandType='"Text"', CommandTimeout='30']
INSERT INTO "PrefixMappings" ("DxccEntityCode", "Prefix")
VALUES (@p0, @p1)
RETURNING "Id";
2026-08-07 15:12:05.350 -07:00 [INF] Executed DbCommand (0ms) [Parameters=[@p0='?' (DbType = Int32), @p1='?' (Size = 2)], CommandType='"Text"', CommandTimeout='30']
INSERT INTO "PrefixMappings" ("DxccEntityCode", "Prefix")
VALUES (@p0, @p1)
RETURNING "Id";
2026-08-07 15:12:05.350 -07:00 [INF] Executed DbCommand (0ms) [Parameters=[@p0='?' (DbType = Int32), @p1='?' (Size = 2)], CommandType='"Text"', CommandTimeout='30']
INSERT INTO "PrefixMappings" ("DxccEntityCode", "Prefix")
VALUES (@p0, @p1)
RETURNING "Id";
2026-08-07 15:12:05.350 -07:00 [INF] Executed DbCommand (0ms) [Parameters=[@p0='?' (DbType = Int32), @p1='?' (Size = 2)], CommandType='"Text"', CommandTimeout='30']
INSERT INTO "PrefixMappings" ("DxccEntityCode", "Prefix")
VALUES (@p0, @p1)
RETURNING "Id";
2026-08-07 15:12:05.350 -07:00 [INF] Executed DbCommand (0ms) [Parameters=[@p0='?' (DbType = Int32), @p1='?' (Size = 2)], CommandType='"Text"', CommandTimeout='30']
INSERT INTO "PrefixMappings" ("DxccEntityCode", "Prefix")
VALUES (@p0, @p1)
RETURNING "Id";
2026-08-07 15:12:05.350 -07:00 [INF] Executed DbCommand (0ms) [Parameters=[@p0='?' (DbType = Int32), @p1='?' (Size = 2)], CommandType='"Text"', CommandTimeout='30']
INSERT INTO "PrefixMappings" ("DxccEntityCode", "Prefix")
VALUES (@p0, @p1)
RETURNING "Id";
2026-08-07 15:12:05.350 -07:00 [INF] Executed DbCommand (0ms) [Parameters=[@p0='?' (DbType = Int32), @p1='?' (Size = 2)], CommandType='"Text"', CommandTimeout='30']
INSERT INTO "PrefixMappings" ("DxccEntityCode", "Prefix")
VALUES (@p0, @p1)
RETURNING "Id";
2026-08-07 15:12:05.350 -07:00 [INF] Executed DbCommand (0ms) [Parameters=[@p0='?' (DbType = Int32), @p1='?' (Size = 3)], CommandType='"Text"', CommandTimeout='30']
INSERT INTO "PrefixMappings" ("DxccEntityCode", "Prefix")
VALUES (@p0, @p1)
RETURNING "Id";
2026-08-07 15:12:05.350 -07:00 [INF] Executed DbCommand (0ms) [Parameters=[@p0='?' (DbType = Int32), @p1='?' (Size = 2)], CommandType='"Text"', CommandTimeout='30']
INSERT INTO "PrefixMappings" ("DxccEntityCode", "Prefix")
VALUES (@p0, @p1)
RETURNING "Id";
2026-08-07 15:12:05.350 -07:00 [INF] Executed DbCommand (0ms) [Parameters=[@p0='?' (DbType = Int32), @p1='?' (Size = 2)], CommandType='"Text"', CommandTimeout='30']
INSERT INTO "PrefixMappings" ("DxccEntityCode", "Prefix")
VALUES (@p0, @p1)
RETURNING "Id";
2026-08-07 15:12:05.350 -07:00 [INF] Executed DbCommand (0ms) [Parameters=[@p0='?' (DbType = Int32), @p1='?' (Size = 2)], CommandType='"Text"', CommandTimeout='30']
INSERT INTO "PrefixMappings" ("DxccEntityCode", "Prefix")
VALUES (@p0, @p1)
RETURNING "Id";
2026-08-07 15:12:05.350 -07:00 [INF] Executed DbCommand (0ms) [Parameters=[@p0='?' (DbType = Int32), @p1='?' (Size = 2)], CommandType='"Text"', CommandTimeout='30']
INSERT INTO "PrefixMappings" ("DxccEntityCode", "Prefix")
VALUES (@p0, @p1)
RETURNING "Id";
2026-08-07 15:12:05.350 -07:00 [INF] Executed DbCommand (0ms) [Parameters=[@p0='?' (DbType = Int32), @p1='?' (Size = 2)], CommandType='"Text"', CommandTimeout='30']
INSERT INTO "PrefixMappings" ("DxccEntityCode", "Prefix")
VALUES (@p0, @p1)
RETURNING "Id";
2026-08-07 15:12:05.350 -07:00 [INF] Executed DbCommand (0ms) [Parameters=[@p0='?' (DbType = Int32), @p1='?' (Size = 2)], CommandType='"Text"', CommandTimeout='30']
INSERT INTO "PrefixMappings" ("DxccEntityCode", "Prefix")
VALUES (@p0, @p1)
RETURNING "Id";
2026-08-07 15:12:05.351 -07:00 [INF] Executed DbCommand (0ms) [Parameters=[@p0='?' (DbType = Int32), @p1='?' (Size = 2)], CommandType='"Text"', CommandTimeout='30']
INSERT INTO "PrefixMappings" ("DxccEntityCode", "Prefix")
VALUES (@p0, @p1)
RETURNING "Id";
2026-08-07 15:12:05.351 -07:00 [INF] Executed DbCommand (0ms) [Parameters=[@p0='?' (DbType = Int32), @p1='?' (Size = 2)], CommandType='"Text"', CommandTimeout='30']
INSERT INTO "PrefixMappings" ("DxccEntityCode", "Prefix")
VALUES (@p0, @p1)
RETURNING "Id";
2026-08-07 15:12:05.351 -07:00 [INF] Executed DbCommand (0ms) [Parameters=[@p0='?' (DbType = Int32), @p1='?' (Size = 2)], CommandType='"Text"', CommandTimeout='30']
INSERT INTO "PrefixMappings" ("DxccEntityCode", "Prefix")
VALUES (@p0, @p1)
RETURNING "Id";
2026-08-07 15:12:05.351 -07:00 [INF] Executed DbCommand (0ms) [Parameters=[@p0='?' (DbType = Int32), @p1='?' (Size = 2)], CommandType='"Text"', CommandTimeout='30']
INSERT INTO "PrefixMappings" ("DxccEntityCode", "Prefix")
VALUES (@p0, @p1)
RETURNING "Id";
2026-08-07 15:12:05.351 -07:00 [INF] Executed DbCommand (0ms) [Parameters=[@p0='?' (DbType = Int32), @p1='?' (Size = 2)], CommandType='"Text"', CommandTimeout='30']
INSERT INTO "PrefixMappings" ("DxccEntityCode", "Prefix")
VALUES (@p0, @p1)
RETURNING "Id";
2026-08-07 15:12:05.351 -07:00 [INF] Executed DbCommand (0ms) [Parameters=[@p0='?' (DbType = Int32), @p1='?' (Size = 2)], CommandType='"Text"', CommandTimeout='30']
INSERT INTO "PrefixMappings" ("DxccEntityCode", "Prefix")
VALUES (@p0, @p1)
RETURNING "Id";
2026-08-07 15:12:05.351 -07:00 [INF] Executed DbCommand (0ms) [Parameters=[@p0='?' (DbType = Int32), @p1='?' (Size = 2)], CommandType='"Text"', CommandTimeout='30']
INSERT INTO "PrefixMappings" ("DxccEntityCode", "Prefix")
VALUES (@p0, @p1)
RETURNING "Id";
2026-08-07 15:12:05.351 -07:00 [INF] Executed DbCommand (0ms) [Parameters=[@p0='?' (DbType = Int32), @p1='?' (Size = 2)], CommandType='"Text"', CommandTimeout='30']
INSERT INTO "PrefixMappings" ("DxccEntityCode", "Prefix")
VALUES (@p0, @p1)
RETURNING "Id";
2026-08-07 15:12:05.351 -07:00 [INF] Executed DbCommand (0ms) [Parameters=[@p0='?' (DbType = Int32), @p1='?' (Size = 2)], CommandType='"Text"', CommandTimeout='30']
INSERT INTO "PrefixMappings" ("DxccEntityCode", "Prefix")
VALUES (@p0, @p1)
RETURNING "Id";
2026-08-07 15:12:05.351 -07:00 [INF] Executed DbCommand (0ms) [Parameters=[@p0='?' (DbType = Int32), @p1='?' (Size = 2)], CommandType='"Text"', CommandTimeout='30']
INSERT INTO "PrefixMappings" ("DxccEntityCode", "Prefix")
VALUES (@p0, @p1)
RETURNING "Id";
2026-08-07 15:12:05.351 -07:00 [INF] Executed DbCommand (0ms) [Parameters=[@p0='?' (DbType = Int32), @p1='?' (Size = 2)], CommandType='"Text"', CommandTimeout='30']
INSERT INTO "PrefixMappings" ("DxccEntityCode", "Prefix")
VALUES (@p0, @p1)
RETURNING "Id";
2026-08-07 15:12:05.351 -07:00 [INF] Executed DbCommand (0ms) [Parameters=[@p0='?' (DbType = Int32), @p1='?' (Size = 2)], CommandType='"Text"', CommandTimeout='30']
INSERT INTO "PrefixMappings" ("DxccEntityCode", "Prefix")
VALUES (@p0, @p1)
RETURNING "Id";
2026-08-07 15:12:05.351 -07:00 [INF] Executed DbCommand (0ms) [Parameters=[@p0='?' (DbType = Int32), @p1='?' (Size = 2)], CommandType='"Text"', CommandTimeout='30']
INSERT INTO "PrefixMappings" ("DxccEntityCode", "Prefix")
VALUES (@p0, @p1)
RETURNING "Id";
2026-08-07 15:12:05.351 -07:00 [INF] Executed DbCommand (0ms) [Parameters=[@p0='?' (DbType = Int32), @p1='?' (Size = 2)], CommandType='"Text"', CommandTimeout='30']
INSERT INTO "PrefixMappings" ("DxccEntityCode", "Prefix")
VALUES (@p0, @p1)
RETURNING "Id";
2026-08-07 15:12:05.351 -07:00 [INF] Executed DbCommand (0ms) [Parameters=[@p0='?' (DbType = Int32), @p1='?' (Size = 2)], CommandType='"Text"', CommandTimeout='30']
INSERT INTO "PrefixMappings" ("DxccEntityCode", "Prefix")
VALUES (@p0, @p1)
RETURNING "Id";
2026-08-07 15:12:05.351 -07:00 [INF] Executed DbCommand (0ms) [Parameters=[@p0='?' (DbType = Int32), @p1='?' (Size = 2)], CommandType='"Text"', CommandTimeout='30']
INSERT INTO "PrefixMappings" ("DxccEntityCode", "Prefix")
VALUES (@p0, @p1)
RETURNING "Id";
2026-08-07 15:12:05.351 -07:00 [INF] Executed DbCommand (0ms) [Parameters=[@p0='?' (DbType = Int32), @p1='?' (Size = 2)], CommandType='"Text"', CommandTimeout='30']
INSERT INTO "PrefixMappings" ("DxccEntityCode", "Prefix")
VALUES (@p0, @p1)
RETURNING "Id";
2026-08-07 15:12:05.351 -07:00 [INF] Executed DbCommand (0ms) [Parameters=[@p0='?' (DbType = Int32), @p1='?' (Size = 2)], CommandType='"Text"', CommandTimeout='30']
INSERT INTO "PrefixMappings" ("DxccEntityCode", "Prefix")
VALUES (@p0, @p1)
RETURNING "Id";
2026-08-07 15:12:05.351 -07:00 [INF] Executed DbCommand (0ms) [Parameters=[@p0='?' (DbType = Int32), @p1='?' (Size = 2)], CommandType='"Text"', CommandTimeout='30']
INSERT INTO "PrefixMappings" ("DxccEntityCode", "Prefix")
VALUES (@p0, @p1)
RETURNING "Id";
2026-08-07 15:12:05.351 -07:00 [INF] Executed DbCommand (0ms) [Parameters=[@p0='?' (DbType = Int32), @p1='?' (Size = 2)], CommandType='"Text"', CommandTimeout='30']
INSERT INTO "PrefixMappings" ("DxccEntityCode", "Prefix")
VALUES (@p0, @p1)
RETURNING "Id";
2026-08-07 15:12:05.351 -07:00 [INF] Executed DbCommand (0ms) [Parameters=[@p0='?' (DbType = Int32), @p1='?' (Size = 2)], CommandType='"Text"', CommandTimeout='30']
INSERT INTO "PrefixMappings" ("DxccEntityCode", "Prefix")
VALUES (@p0, @p1)
RETURNING "Id";
2026-08-07 15:12:05.351 -07:00 [INF] Executed DbCommand (0ms) [Parameters=[@p0='?' (DbType = Int32), @p1='?' (Size = 2)], CommandType='"Text"', CommandTimeout='30']
INSERT INTO "PrefixMappings" ("DxccEntityCode", "Prefix")
VALUES (@p0, @p1)
RETURNING "Id";
2026-08-07 15:12:05.351 -07:00 [INF] Executed DbCommand (0ms) [Parameters=[@p0='?' (DbType = Int32), @p1='?' (Size = 2)], CommandType='"Text"', CommandTimeout='30']
INSERT INTO "PrefixMappings" ("DxccEntityCode", "Prefix")
VALUES (@p0, @p1)
RETURNING "Id";
2026-08-07 15:12:05.351 -07:00 [INF] Executed DbCommand (0ms) [Parameters=[@p0='?' (DbType = Int32), @p1='?' (Size = 2)], CommandType='"Text"', CommandTimeout='30']
INSERT INTO "PrefixMappings" ("DxccEntityCode", "Prefix")
VALUES (@p0, @p1)
RETURNING "Id";
2026-08-07 15:12:05.351 -07:00 [INF] Executed DbCommand (0ms) [Parameters=[@p0='?' (DbType = Int32), @p1='?' (Size = 2)], CommandType='"Text"', CommandTimeout='30']
INSERT INTO "PrefixMappings" ("DxccEntityCode", "Prefix")
VALUES (@p0, @p1)
RETURNING "Id";
2026-08-07 15:12:05.351 -07:00 [INF] Executed DbCommand (0ms) [Parameters=[@p0='?' (DbType = Int32), @p1='?' (Size = 2)], CommandType='"Text"', CommandTimeout='30']
INSERT INTO "PrefixMappings" ("DxccEntityCode", "Prefix")
VALUES (@p0, @p1)
RETURNING "Id";
2026-08-07 15:12:05.351 -07:00 [INF] Executed DbCommand (0ms) [Parameters=[@p0='?' (DbType = Int32), @p1='?' (Size = 2)], CommandType='"Text"', CommandTimeout='30']
INSERT INTO "PrefixMappings" ("DxccEntityCode", "Prefix")
VALUES (@p0, @p1)
RETURNING "Id";
2026-08-07 15:12:05.351 -07:00 [INF] Executed DbCommand (0ms) [Parameters=[@p0='?' (DbType = Int32), @p1='?' (Size = 2)], CommandType='"Text"', CommandTimeout='30']
INSERT INTO "PrefixMappings" ("DxccEntityCode", "Prefix")
VALUES (@p0, @p1)
RETURNING "Id";
2026-08-07 15:12:05.351 -07:00 [INF] Executed DbCommand (0ms) [Parameters=[@p0='?' (DbType = Int32), @p1='?' (Size = 2)], CommandType='"Text"', CommandTimeout='30']
INSERT INTO "PrefixMappings" ("DxccEntityCode", "Prefix")
VALUES (@p0, @p1)
RETURNING "Id";
2026-08-07 15:12:05.352 -07:00 [INF] Executed DbCommand (0ms) [Parameters=[@p0='?' (DbType = Int32), @p1='?' (Size = 2)], CommandType='"Text"', CommandTimeout='30']
INSERT INTO "PrefixMappings" ("DxccEntityCode", "Prefix")
VALUES (@p0, @p1)
RETURNING "Id";
2026-08-07 15:12:05.352 -07:00 [INF] Executed DbCommand (0ms) [Parameters=[@p0='?' (DbType = Int32), @p1='?' (Size = 2)], CommandType='"Text"', CommandTimeout='30']
INSERT INTO "PrefixMappings" ("DxccEntityCode", "Prefix")
VALUES (@p0, @p1)
RETURNING "Id";
2026-08-07 15:12:05.352 -07:00 [INF] Executed DbCommand (0ms) [Parameters=[@p0='?' (DbType = Int32), @p1='?' (Size = 2)], CommandType='"Text"', CommandTimeout='30']
INSERT INTO "PrefixMappings" ("DxccEntityCode", "Prefix")
VALUES (@p0, @p1)
RETURNING "Id";
2026-08-07 15:12:05.352 -07:00 [INF] Executed DbCommand (0ms) [Parameters=[@p0='?' (DbType = Int32), @p1='?' (Size = 2)], CommandType='"Text"', CommandTimeout='30']
INSERT INTO "PrefixMappings" ("DxccEntityCode", "Prefix")
VALUES (@p0, @p1)
RETURNING "Id";
2026-08-07 15:12:05.352 -07:00 [INF] Executed DbCommand (0ms) [Parameters=[@p0='?' (DbType = Int32), @p1='?' (Size = 2)], CommandType='"Text"', CommandTimeout='30']
INSERT INTO "PrefixMappings" ("DxccEntityCode", "Prefix")
VALUES (@p0, @p1)
RETURNING "Id";
2026-08-07 15:12:05.352 -07:00 [INF] Executed DbCommand (0ms) [Parameters=[@p0='?' (DbType = Int32), @p1='?' (Size = 2)], CommandType='"Text"', CommandTimeout='30']
INSERT INTO "PrefixMappings" ("DxccEntityCode", "Prefix")
VALUES (@p0, @p1)
RETURNING "Id";
2026-08-07 15:12:05.352 -07:00 [INF] Executed DbCommand (0ms) [Parameters=[@p0='?' (DbType = Int32), @p1='?' (Size = 2)], CommandType='"Text"', CommandTimeout='30']
INSERT INTO "PrefixMappings" ("DxccEntityCode", "Prefix")
VALUES (@p0, @p1)
RETURNING "Id";
2026-08-07 15:12:05.352 -07:00 [INF] Executed DbCommand (0ms) [Parameters=[@p0='?' (DbType = Int32), @p1='?' (Size = 2)], CommandType='"Text"', CommandTimeout='30']
INSERT INTO "PrefixMappings" ("DxccEntityCode", "Prefix")
VALUES (@p0, @p1)
RETURNING "Id";
2026-08-07 15:12:05.352 -07:00 [INF] Executed DbCommand (0ms) [Parameters=[@p0='?' (DbType = Int32), @p1='?' (Size = 2)], CommandType='"Text"', CommandTimeout='30']
INSERT INTO "PrefixMappings" ("DxccEntityCode", "Prefix")
VALUES (@p0, @p1)
RETURNING "Id";
2026-08-07 15:12:05.352 -07:00 [INF] Executed DbCommand (0ms) [Parameters=[@p0='?' (DbType = Int32), @p1='?' (Size = 2)], CommandType='"Text"', CommandTimeout='30']
INSERT INTO "PrefixMappings" ("DxccEntityCode", "Prefix")
VALUES (@p0, @p1)
RETURNING "Id";
2026-08-07 15:12:05.352 -07:00 [INF] Executed DbCommand (0ms) [Parameters=[@p0='?' (DbType = Int32), @p1='?' (Size = 2)], CommandType='"Text"', CommandTimeout='30']
INSERT INTO "PrefixMappings" ("DxccEntityCode", "Prefix")
VALUES (@p0, @p1)
RETURNING "Id";
2026-08-07 15:12:05.352 -07:00 [INF] Executed DbCommand (0ms) [Parameters=[@p0='?' (DbType = Int32), @p1='?' (Size = 2)], CommandType='"Text"', CommandTimeout='30']
INSERT INTO "PrefixMappings" ("DxccEntityCode", "Prefix")
VALUES (@p0, @p1)
RETURNING "Id";
2026-08-07 15:12:05.352 -07:00 [INF] Executed DbCommand (0ms) [Parameters=[@p0='?' (DbType = Int32), @p1='?' (Size = 2)], CommandType='"Text"', CommandTimeout='30']
INSERT INTO "PrefixMappings" ("DxccEntityCode", "Prefix")
VALUES (@p0, @p1)
RETURNING "Id";
2026-08-07 15:12:05.352 -07:00 [INF] Executed DbCommand (0ms) [Parameters=[@p0='?' (DbType = Int32), @p1='?' (Size = 2)], CommandType='"Text"', CommandTimeout='30']
INSERT INTO "PrefixMappings" ("DxccEntityCode", "Prefix")
VALUES (@p0, @p1)
RETURNING "Id";
2026-08-07 15:12:05.352 -07:00 [INF] Executed DbCommand (0ms) [Parameters=[@p0='?' (DbType = Int32), @p1='?' (Size = 2)], CommandType='"Text"', CommandTimeout='30']
INSERT INTO "PrefixMappings" ("DxccEntityCode", "Prefix")
VALUES (@p0, @p1)
RETURNING "Id";
2026-08-07 15:12:05.352 -07:00 [INF] Executed DbCommand (0ms) [Parameters=[@p0='?' (DbType = Int32), @p1='?' (Size = 2)], CommandType='"Text"', CommandTimeout='30']
INSERT INTO "PrefixMappings" ("DxccEntityCode", "Prefix")
VALUES (@p0, @p1)
RETURNING "Id";
2026-08-07 15:12:05.352 -07:00 [INF] Executed DbCommand (0ms) [Parameters=[@p0='?' (DbType = Int32), @p1='?' (Size = 2)], CommandType='"Text"', CommandTimeout='30']
INSERT INTO "PrefixMappings" ("DxccEntityCode", "Prefix")
VALUES (@p0, @p1)
RETURNING "Id";
2026-08-07 15:12:05.352 -07:00 [INF] Executed DbCommand (0ms) [Parameters=[@p0='?' (DbType = Int32), @p1='?' (Size = 2)], CommandType='"Text"', CommandTimeout='30']
INSERT INTO "PrefixMappings" ("DxccEntityCode", "Prefix")
VALUES (@p0, @p1)
RETURNING "Id";
2026-08-07 15:12:05.352 -07:00 [INF] Executed DbCommand (0ms) [Parameters=[@p0='?' (DbType = Int32), @p1='?' (Size = 2)], CommandType='"Text"', CommandTimeout='30']
INSERT INTO "PrefixMappings" ("DxccEntityCode", "Prefix")
VALUES (@p0, @p1)
RETURNING "Id";
2026-08-07 15:12:05.352 -07:00 [INF] Executed DbCommand (0ms) [Parameters=[@p0='?' (DbType = Int32), @p1='?' (Size = 2)], CommandType='"Text"', CommandTimeout='30']
INSERT INTO "PrefixMappings" ("DxccEntityCode", "Prefix")
VALUES (@p0, @p1)
RETURNING "Id";
2026-08-07 15:12:05.352 -07:00 [INF] Executed DbCommand (0ms) [Parameters=[@p0='?' (DbType = Int32), @p1='?' (Size = 2)], CommandType='"Text"', CommandTimeout='30']
INSERT INTO "PrefixMappings" ("DxccEntityCode", "Prefix")
VALUES (@p0, @p1)
RETURNING "Id";
2026-08-07 15:12:05.352 -07:00 [INF] Executed DbCommand (0ms) [Parameters=[@p0='?' (DbType = Int32), @p1='?' (Size = 2)], CommandType='"Text"', CommandTimeout='30']
INSERT INTO "PrefixMappings" ("DxccEntityCode", "Prefix")
VALUES (@p0, @p1)
RETURNING "Id";
2026-08-07 15:12:05.352 -07:00 [INF] Executed DbCommand (0ms) [Parameters=[@p0='?' (DbType = Int32), @p1='?' (Size = 2)], CommandType='"Text"', CommandTimeout='30']
INSERT INTO "PrefixMappings" ("DxccEntityCode", "Prefix")
VALUES (@p0, @p1)
RETURNING "Id";
2026-08-07 15:12:05.352 -07:00 [INF] Executed DbCommand (0ms) [Parameters=[@p0='?' (DbType = Int32), @p1='?' (Size = 2)], CommandType='"Text"', CommandTimeout='30']
INSERT INTO "PrefixMappings" ("DxccEntityCode", "Prefix")
VALUES (@p0, @p1)
RETURNING "Id";
2026-08-07 15:12:05.352 -07:00 [INF] Executed DbCommand (0ms) [Parameters=[@p0='?' (DbType = Int32), @p1='?' (Size = 2)], CommandType='"Text"', CommandTimeout='30']
INSERT INTO "PrefixMappings" ("DxccEntityCode", "Prefix")
VALUES (@p0, @p1)
RETURNING "Id";
2026-08-07 15:12:05.353 -07:00 [INF] Executed DbCommand (0ms) [Parameters=[@p0='?' (DbType = Int32), @p1='?' (Size = 2)], CommandType='"Text"', CommandTimeout='30']
INSERT INTO "PrefixMappings" ("DxccEntityCode", "Prefix")
VALUES (@p0, @p1)
RETURNING "Id";
2026-08-07 15:12:05.353 -07:00 [INF] Executed DbCommand (0ms) [Parameters=[@p0='?' (DbType = Int32), @p1='?' (Size = 2)], CommandType='"Text"', CommandTimeout='30']
INSERT INTO "PrefixMappings" ("DxccEntityCode", "Prefix")
VALUES (@p0, @p1)
RETURNING "Id";
2026-08-07 15:12:05.353 -07:00 [INF] Executed DbCommand (0ms) [Parameters=[@p0='?' (DbType = Int32), @p1='?' (Size = 2)], CommandType='"Text"', CommandTimeout='30']
INSERT INTO "PrefixMappings" ("DxccEntityCode", "Prefix")
VALUES (@p0, @p1)
RETURNING "Id";
2026-08-07 15:12:05.353 -07:00 [INF] Executed DbCommand (0ms) [Parameters=[@p0='?' (DbType = Int32), @p1='?' (Size = 2)], CommandType='"Text"', CommandTimeout='30']
INSERT INTO "PrefixMappings" ("DxccEntityCode", "Prefix")
VALUES (@p0, @p1)
RETURNING "Id";
2026-08-07 15:12:05.353 -07:00 [INF] Executed DbCommand (0ms) [Parameters=[@p0='?' (DbType = Int32), @p1='?' (Size = 2)], CommandType='"Text"', CommandTimeout='30']
INSERT INTO "PrefixMappings" ("DxccEntityCode", "Prefix")
VALUES (@p0, @p1)
RETURNING "Id";
2026-08-07 15:12:05.353 -07:00 [INF] Executed DbCommand (0ms) [Parameters=[@p0='?' (DbType = Int32), @p1='?' (Size = 2)], CommandType='"Text"', CommandTimeout='30']
INSERT INTO "PrefixMappings" ("DxccEntityCode", "Prefix")
VALUES (@p0, @p1)
RETURNING "Id";
2026-08-07 15:12:05.353 -07:00 [INF] Executed DbCommand (0ms) [Parameters=[@p0='?' (DbType = Int32), @p1='?' (Size = 2)], CommandType='"Text"', CommandTimeout='30']
INSERT INTO "PrefixMappings" ("DxccEntityCode", "Prefix")
VALUES (@p0, @p1)
RETURNING "Id";
2026-08-07 15:12:05.353 -07:00 [INF] Executed DbCommand (0ms) [Parameters=[@p0='?' (DbType = Int32), @p1='?' (Size = 2)], CommandType='"Text"', CommandTimeout='30']
INSERT INTO "PrefixMappings" ("DxccEntityCode", "Prefix")
VALUES (@p0, @p1)
RETURNING "Id";
2026-08-07 15:12:05.353 -07:00 [INF] Executed DbCommand (0ms) [Parameters=[@p0='?' (DbType = Int32), @p1='?' (Size = 2)], CommandType='"Text"', CommandTimeout='30']
INSERT INTO "PrefixMappings" ("DxccEntityCode", "Prefix")
VALUES (@p0, @p1)
RETURNING "Id";
2026-08-07 15:12:05.353 -07:00 [INF] Executed DbCommand (0ms) [Parameters=[@p0='?' (DbType = Int32), @p1='?' (Size = 2)], CommandType='"Text"', CommandTimeout='30']
INSERT INTO "PrefixMappings" ("DxccEntityCode", "Prefix")
VALUES (@p0, @p1)
RETURNING "Id";
2026-08-07 15:12:05.353 -07:00 [INF] Executed DbCommand (0ms) [Parameters=[@p0='?' (DbType = Int32), @p1='?' (Size = 2)], CommandType='"Text"', CommandTimeout='30']
INSERT INTO "PrefixMappings" ("DxccEntityCode", "Prefix")
VALUES (@p0, @p1)
RETURNING "Id";
2026-08-07 15:12:05.353 -07:00 [INF] Executed DbCommand (0ms) [Parameters=[@p0='?' (DbType = Int32), @p1='?' (Size = 2)], CommandType='"Text"', CommandTimeout='30']
INSERT INTO "PrefixMappings" ("DxccEntityCode", "Prefix")
VALUES (@p0, @p1)
RETURNING "Id";
2026-08-07 15:12:05.353 -07:00 [INF] Executed DbCommand (0ms) [Parameters=[@p0='?' (DbType = Int32), @p1='?' (Size = 2)], CommandType='"Text"', CommandTimeout='30']
INSERT INTO "PrefixMappings" ("DxccEntityCode", "Prefix")
VALUES (@p0, @p1)
RETURNING "Id";
2026-08-07 15:12:05.353 -07:00 [INF] Executed DbCommand (0ms) [Parameters=[@p0='?' (DbType = Int32), @p1='?' (Size = 2)], CommandType='"Text"', CommandTimeout='30']
INSERT INTO "PrefixMappings" ("DxccEntityCode", "Prefix")
VALUES (@p0, @p1)
RETURNING "Id";
2026-08-07 15:12:05.353 -07:00 [INF] Executed DbCommand (0ms) [Parameters=[@p0='?' (DbType = Int32), @p1='?' (Size = 2)], CommandType='"Text"', CommandTimeout='30']
INSERT INTO "PrefixMappings" ("DxccEntityCode", "Prefix")
VALUES (@p0, @p1)
RETURNING "Id";
2026-08-07 15:12:05.353 -07:00 [INF] Executed DbCommand (0ms) [Parameters=[@p0='?' (DbType = Int32), @p1='?' (Size = 2)], CommandType='"Text"', CommandTimeout='30']
INSERT INTO "PrefixMappings" ("DxccEntityCode", "Prefix")
VALUES (@p0, @p1)
RETURNING "Id";
2026-08-07 15:12:05.353 -07:00 [INF] Executed DbCommand (0ms) [Parameters=[@p0='?' (DbType = Int32), @p1='?' (Size = 2)], CommandType='"Text"', CommandTimeout='30']
INSERT INTO "PrefixMappings" ("DxccEntityCode", "Prefix")
VALUES (@p0, @p1)
RETURNING "Id";
2026-08-07 15:12:05.353 -07:00 [INF] Executed DbCommand (0ms) [Parameters=[@p0='?' (DbType = Int32), @p1='?' (Size = 2)], CommandType='"Text"', CommandTimeout='30']
INSERT INTO "PrefixMappings" ("DxccEntityCode", "Prefix")
VALUES (@p0, @p1)
RETURNING "Id";
2026-08-07 15:12:05.353 -07:00 [INF] Executed DbCommand (0ms) [Parameters=[@p0='?' (DbType = Int32), @p1='?' (Size = 2)], CommandType='"Text"', CommandTimeout='30']
INSERT INTO "PrefixMappings" ("DxccEntityCode", "Prefix")
VALUES (@p0, @p1)
RETURNING "Id";
2026-08-07 15:12:05.353 -07:00 [INF] Executed DbCommand (0ms) [Parameters=[@p0='?' (DbType = Int32), @p1='?' (Size = 2)], CommandType='"Text"', CommandTimeout='30']
INSERT INTO "PrefixMappings" ("DxccEntityCode", "Prefix")
VALUES (@p0, @p1)
RETURNING "Id";
2026-08-07 15:12:05.353 -07:00 [INF] Executed DbCommand (0ms) [Parameters=[@p0='?' (DbType = Int32), @p1='?' (Size = 2)], CommandType='"Text"', CommandTimeout='30']
INSERT INTO "PrefixMappings" ("DxccEntityCode", "Prefix")
VALUES (@p0, @p1)
RETURNING "Id";
2026-08-07 15:12:05.353 -07:00 [INF] Executed DbCommand (0ms) [Parameters=[@p0='?' (DbType = Int32), @p1='?' (Size = 2)], CommandType='"Text"', CommandTimeout='30']
INSERT INTO "PrefixMappings" ("DxccEntityCode", "Prefix")
VALUES (@p0, @p1)
RETURNING "Id";
2026-08-07 15:12:05.353 -07:00 [INF] Executed DbCommand (0ms) [Parameters=[@p0='?' (DbType = Int32), @p1='?' (Size = 2)], CommandType='"Text"', CommandTimeout='30']
INSERT INTO "PrefixMappings" ("DxccEntityCode", "Prefix")
VALUES (@p0, @p1)
RETURNING "Id";
2026-08-07 15:12:05.353 -07:00 [INF] Executed DbCommand (0ms) [Parameters=[@p0='?' (DbType = Int32), @p1='?' (Size = 2)], CommandType='"Text"', CommandTimeout='30']
INSERT INTO "PrefixMappings" ("DxccEntityCode", "Prefix")
VALUES (@p0, @p1)
RETURNING "Id";
2026-08-07 15:12:05.353 -07:00 [INF] Executed DbCommand (0ms) [Parameters=[@p0='?' (DbType = Int32), @p1='?' (Size = 2)], CommandType='"Text"', CommandTimeout='30']
INSERT INTO "PrefixMappings" ("DxccEntityCode", "Prefix")
VALUES (@p0, @p1)
RETURNING "Id";
2026-08-07 15:12:05.353 -07:00 [INF] Executed DbCommand (0ms) [Parameters=[@p0='?' (DbType = Int32), @p1='?' (Size = 2)], CommandType='"Text"', CommandTimeout='30']
INSERT INTO "PrefixMappings" ("DxccEntityCode", "Prefix")
VALUES (@p0, @p1)
RETURNING "Id";
2026-08-07 15:12:05.354 -07:00 [INF] Executed DbCommand (0ms) [Parameters=[@p0='?' (DbType = Int32), @p1='?' (Size = 2)], CommandType='"Text"', CommandTimeout='30']
INSERT INTO "PrefixMappings" ("DxccEntityCode", "Prefix")
VALUES (@p0, @p1)
RETURNING "Id";
2026-08-07 15:12:05.354 -07:00 [INF] Executed DbCommand (0ms) [Parameters=[@p0='?' (DbType = Int32), @p1='?' (Size = 2)], CommandType='"Text"', CommandTimeout='30']
INSERT INTO "PrefixMappings" ("DxccEntityCode", "Prefix")
VALUES (@p0, @p1)
RETURNING "Id";
2026-08-07 15:12:05.354 -07:00 [INF] Executed DbCommand (0ms) [Parameters=[@p0='?' (DbType = Int32), @p1='?' (Size = 2)], CommandType='"Text"', CommandTimeout='30']
INSERT INTO "PrefixMappings" ("DxccEntityCode", "Prefix")
VALUES (@p0, @p1)
RETURNING "Id";
2026-08-07 15:12:05.354 -07:00 [INF] Executed DbCommand (0ms) [Parameters=[@p0='?' (DbType = Int32), @p1='?' (Size = 2)], CommandType='"Text"', CommandTimeout='30']
INSERT INTO "PrefixMappings" ("DxccEntityCode", "Prefix")
VALUES (@p0, @p1)
RETURNING "Id";
2026-08-07 15:12:05.354 -07:00 [INF] Executed DbCommand (0ms) [Parameters=[@p0='?' (DbType = Int32), @p1='?' (Size = 2)], CommandType='"Text"', CommandTimeout='30']
INSERT INTO "PrefixMappings" ("DxccEntityCode", "Prefix")
VALUES (@p0, @p1)
RETURNING "Id";
2026-08-07 15:12:05.354 -07:00 [INF] Executed DbCommand (0ms) [Parameters=[@p0='?' (DbType = Int32), @p1='?' (Size = 2)], CommandType='"Text"', CommandTimeout='30']
INSERT INTO "PrefixMappings" ("DxccEntityCode", "Prefix")
VALUES (@p0, @p1)
RETURNING "Id";
2026-08-07 15:12:05.354 -07:00 [INF] Executed DbCommand (0ms) [Parameters=[@p0='?' (DbType = Int32), @p1='?' (Size = 2)], CommandType='"Text"', CommandTimeout='30']
INSERT INTO "PrefixMappings" ("DxccEntityCode", "Prefix")
VALUES (@p0, @p1)
RETURNING "Id";
2026-08-07 15:12:05.354 -07:00 [INF] Executed DbCommand (0ms) [Parameters=[@p0='?' (DbType = Int32), @p1='?' (Size = 2)], CommandType='"Text"', CommandTimeout='30']
INSERT INTO "PrefixMappings" ("DxccEntityCode", "Prefix")
VALUES (@p0, @p1)
RETURNING "Id";
2026-08-07 15:12:05.354 -07:00 [INF] Executed DbCommand (0ms) [Parameters=[@p0='?' (DbType = Int32), @p1='?' (Size = 2)], CommandType='"Text"', CommandTimeout='30']
INSERT INTO "PrefixMappings" ("DxccEntityCode", "Prefix")
VALUES (@p0, @p1)
RETURNING "Id";
2026-08-07 15:12:05.354 -07:00 [INF] Executed DbCommand (0ms) [Parameters=[@p0='?' (DbType = Int32), @p1='?' (Size = 2)], CommandType='"Text"', CommandTimeout='30']
INSERT INTO "PrefixMappings" ("DxccEntityCode", "Prefix")
VALUES (@p0, @p1)
RETURNING "Id";
2026-08-07 15:12:05.354 -07:00 [INF] Executed DbCommand (0ms) [Parameters=[@p0='?' (DbType = Int32), @p1='?' (Size = 2)], CommandType='"Text"', CommandTimeout='30']
INSERT INTO "PrefixMappings" ("DxccEntityCode", "Prefix")
VALUES (@p0, @p1)
RETURNING "Id";
2026-08-07 15:12:05.354 -07:00 [INF] Executed DbCommand (0ms) [Parameters=[@p0='?' (DbType = Int32), @p1='?' (Size = 2)], CommandType='"Text"', CommandTimeout='30']
INSERT INTO "PrefixMappings" ("DxccEntityCode", "Prefix")
VALUES (@p0, @p1)
RETURNING "Id";
2026-08-07 15:12:05.354 -07:00 [INF] Executed DbCommand (0ms) [Parameters=[@p0='?' (DbType = Int32), @p1='?' (Size = 2)], CommandType='"Text"', CommandTimeout='30']
INSERT INTO "PrefixMappings" ("DxccEntityCode", "Prefix")
VALUES (@p0, @p1)
RETURNING "Id";
2026-08-07 15:12:05.354 -07:00 [INF] Executed DbCommand (0ms) [Parameters=[@p0='?' (DbType = Int32), @p1='?' (Size = 2)], CommandType='"Text"', CommandTimeout='30']
INSERT INTO "PrefixMappings" ("DxccEntityCode", "Prefix")
VALUES (@p0, @p1)
RETURNING "Id";
2026-08-07 15:12:05.354 -07:00 [INF] Executed DbCommand (0ms) [Parameters=[@p0='?' (DbType = Int32), @p1='?' (Size = 2)], CommandType='"Text"', CommandTimeout='30']
INSERT INTO "PrefixMappings" ("DxccEntityCode", "Prefix")
VALUES (@p0, @p1)
RETURNING "Id";
2026-08-07 15:12:05.354 -07:00 [INF] Executed DbCommand (0ms) [Parameters=[@p0='?' (DbType = Int32), @p1='?' (Size = 2)], CommandType='"Text"', CommandTimeout='30']
INSERT INTO "PrefixMappings" ("DxccEntityCode", "Prefix")
VALUES (@p0, @p1)
RETURNING "Id";
2026-08-07 15:12:05.354 -07:00 [INF] Executed DbCommand (0ms) [Parameters=[@p0='?' (DbType = Int32), @p1='?' (Size = 2)], CommandType='"Text"', CommandTimeout='30']
INSERT INTO "PrefixMappings" ("DxccEntityCode", "Prefix")
VALUES (@p0, @p1)
RETURNING "Id";
2026-08-07 15:12:05.354 -07:00 [INF] Executed DbCommand (0ms) [Parameters=[@p0='?' (DbType = Int32), @p1='?' (Size = 2)], CommandType='"Text"', CommandTimeout='30']
INSERT INTO "PrefixMappings" ("DxccEntityCode", "Prefix")
VALUES (@p0, @p1)
RETURNING "Id";
2026-08-07 15:12:05.354 -07:00 [INF] Executed DbCommand (0ms) [Parameters=[@p0='?' (DbType = Int32), @p1='?' (Size = 2)], CommandType='"Text"', CommandTimeout='30']
INSERT INTO "PrefixMappings" ("DxccEntityCode", "Prefix")
VALUES (@p0, @p1)
RETURNING "Id";
2026-08-07 15:12:05.354 -07:00 [INF] Executed DbCommand (0ms) [Parameters=[@p0='?' (DbType = Int32), @p1='?' (Size = 2)], CommandType='"Text"', CommandTimeout='30']
INSERT INTO "PrefixMappings" ("DxccEntityCode", "Prefix")
VALUES (@p0, @p1)
RETURNING "Id";
2026-08-07 15:12:05.354 -07:00 [INF] Executed DbCommand (0ms) [Parameters=[@p0='?' (DbType = Int32), @p1='?' (Size = 2)], CommandType='"Text"', CommandTimeout='30']
INSERT INTO "PrefixMappings" ("DxccEntityCode", "Prefix")
VALUES (@p0, @p1)
RETURNING "Id";
2026-08-07 15:12:05.354 -07:00 [INF] Executed DbCommand (0ms) [Parameters=[@p0='?' (DbType = Int32), @p1='?' (Size = 2)], CommandType='"Text"', CommandTimeout='30']
INSERT INTO "PrefixMappings" ("DxccEntityCode", "Prefix")
VALUES (@p0, @p1)
RETURNING "Id";
2026-08-07 15:12:05.354 -07:00 [INF] Executed DbCommand (0ms) [Parameters=[@p0='?' (DbType = Int32), @p1='?' (Size = 2)], CommandType='"Text"', CommandTimeout='30']
INSERT INTO "PrefixMappings" ("DxccEntityCode", "Prefix")
VALUES (@p0, @p1)
RETURNING "Id";
2026-08-07 15:12:05.354 -07:00 [INF] Executed DbCommand (0ms) [Parameters=[@p0='?' (DbType = Int32), @p1='?' (Size = 2)], CommandType='"Text"', CommandTimeout='30']
INSERT INTO "PrefixMappings" ("DxccEntityCode", "Prefix")
VALUES (@p0, @p1)
RETURNING "Id";
2026-08-07 15:12:05.354 -07:00 [INF] Executed DbCommand (0ms) [Parameters=[@p0='?' (DbType = Int32), @p1='?' (Size = 2)], CommandType='"Text"', CommandTimeout='30']
INSERT INTO "PrefixMappings" ("DxccEntityCode", "Prefix")
VALUES (@p0, @p1)
RETURNING "Id";
2026-08-07 15:12:05.354 -07:00 [INF] Executed DbCommand (0ms) [Parameters=[@p0='?' (DbType = Int32), @p1='?' (Size = 2)], CommandType='"Text"', CommandTimeout='30']
INSERT INTO "PrefixMappings" ("DxccEntityCode", "Prefix")
VALUES (@p0, @p1)
RETURNING "Id";
2026-08-07 15:12:05.354 -07:00 [INF] Executed DbCommand (0ms) [Parameters=[@p0='?' (DbType = Int32), @p1='?' (Size = 2)], CommandType='"Text"', CommandTimeout='30']
INSERT INTO "PrefixMappings" ("DxccEntityCode", "Prefix")
VALUES (@p0, @p1)
RETURNING "Id";
2026-08-07 15:12:05.354 -07:00 [INF] Executed DbCommand (0ms) [Parameters=[@p0='?' (DbType = Int32), @p1='?' (Size = 3)], CommandType='"Text"', CommandTimeout='30']
INSERT INTO "PrefixMappings" ("DxccEntityCode", "Prefix")
VALUES (@p0, @p1)
RETURNING "Id";
2026-08-07 15:12:05.355 -07:00 [INF] Executed DbCommand (0ms) [Parameters=[@p0='?' (DbType = Int32), @p1='?' (Size = 2)], CommandType='"Text"', CommandTimeout='30']
INSERT INTO "PrefixMappings" ("DxccEntityCode", "Prefix")
VALUES (@p0, @p1)
RETURNING "Id";
2026-08-07 15:12:05.355 -07:00 [INF] Executed DbCommand (0ms) [Parameters=[@p0='?' (DbType = Int32), @p1='?' (Size = 2)], CommandType='"Text"', CommandTimeout='30']
INSERT INTO "PrefixMappings" ("DxccEntityCode", "Prefix")
VALUES (@p0, @p1)
RETURNING "Id";
2026-08-07 15:12:05.355 -07:00 [INF] Executed DbCommand (0ms) [Parameters=[@p0='?' (DbType = Int32), @p1='?' (Size = 2)], CommandType='"Text"', CommandTimeout='30']
INSERT INTO "PrefixMappings" ("DxccEntityCode", "Prefix")
VALUES (@p0, @p1)
RETURNING "Id";
2026-08-07 15:12:05.355 -07:00 [INF] Executed DbCommand (0ms) [Parameters=[@p0='?' (DbType = Int32), @p1='?' (Size = 2)], CommandType='"Text"', CommandTimeout='30']
INSERT INTO "PrefixMappings" ("DxccEntityCode", "Prefix")
VALUES (@p0, @p1)
RETURNING "Id";
2026-08-07 15:12:05.355 -07:00 [INF] Executed DbCommand (0ms) [Parameters=[@p0='?' (DbType = Int32), @p1='?' (Size = 2)], CommandType='"Text"', CommandTimeout='30']
INSERT INTO "PrefixMappings" ("DxccEntityCode", "Prefix")
VALUES (@p0, @p1)
RETURNING "Id";
2026-08-07 15:12:05.355 -07:00 [INF] Executed DbCommand (0ms) [Parameters=[@p0='?' (DbType = Int32), @p1='?' (Size = 2)], CommandType='"Text"', CommandTimeout='30']
INSERT INTO "PrefixMappings" ("DxccEntityCode", "Prefix")
VALUES (@p0, @p1)
RETURNING "Id";
2026-08-07 15:12:05.355 -07:00 [INF] Executed DbCommand (0ms) [Parameters=[@p0='?' (DbType = Int32), @p1='?' (Size = 2)], CommandType='"Text"', CommandTimeout='30']
INSERT INTO "PrefixMappings" ("DxccEntityCode", "Prefix")
VALUES (@p0, @p1)
RETURNING "Id";
2026-08-07 15:12:05.355 -07:00 [INF] Executed DbCommand (0ms) [Parameters=[@p0='?' (DbType = Int32), @p1='?' (Size = 2)], CommandType='"Text"', CommandTimeout='30']
INSERT INTO "PrefixMappings" ("DxccEntityCode", "Prefix")
VALUES (@p0, @p1)
RETURNING "Id";
2026-08-07 15:12:05.355 -07:00 [INF] Executed DbCommand (0ms) [Parameters=[@p0='?' (DbType = Int32), @p1='?' (Size = 2)], CommandType='"Text"', CommandTimeout='30']
INSERT INTO "PrefixMappings" ("DxccEntityCode", "Prefix")
VALUES (@p0, @p1)
RETURNING "Id";
2026-08-07 15:12:05.355 -07:00 [INF] Executed DbCommand (0ms) [Parameters=[@p0='?' (DbType = Int32), @p1='?' (Size = 2)], CommandType='"Text"', CommandTimeout='30']
INSERT INTO "PrefixMappings" ("DxccEntityCode", "Prefix")
VALUES (@p0, @p1)
RETURNING "Id";
2026-08-07 15:12:05.355 -07:00 [INF] Executed DbCommand (0ms) [Parameters=[@p0='?' (DbType = Int32), @p1='?' (Size = 2)], CommandType='"Text"', CommandTimeout='30']
INSERT INTO "PrefixMappings" ("DxccEntityCode", "Prefix")
VALUES (@p0, @p1)
RETURNING "Id";
2026-08-07 15:12:05.355 -07:00 [INF] Executed DbCommand (0ms) [Parameters=[@p0='?' (DbType = Int32), @p1='?' (Size = 2)], CommandType='"Text"', CommandTimeout='30']
INSERT INTO "PrefixMappings" ("DxccEntityCode", "Prefix")
VALUES (@p0, @p1)
RETURNING "Id";
2026-08-07 15:12:05.355 -07:00 [INF] Executed DbCommand (0ms) [Parameters=[@p0='?' (DbType = Int32), @p1='?' (Size = 2)], CommandType='"Text"', CommandTimeout='30']
INSERT INTO "PrefixMappings" ("DxccEntityCode", "Prefix")
VALUES (@p0, @p1)
RETURNING "Id";
2026-08-07 15:12:05.355 -07:00 [INF] Executed DbCommand (0ms) [Parameters=[@p0='?' (DbType = Int32), @p1='?' (Size = 3)], CommandType='"Text"', CommandTimeout='30']
INSERT INTO "PrefixMappings" ("DxccEntityCode", "Prefix")
VALUES (@p0, @p1)
RETURNING "Id";
2026-08-07 15:12:05.355 -07:00 [INF] Executed DbCommand (0ms) [Parameters=[@p0='?' (DbType = Int32), @p1='?' (Size = 2)], CommandType='"Text"', CommandTimeout='30']
INSERT INTO "PrefixMappings" ("DxccEntityCode", "Prefix")
VALUES (@p0, @p1)
RETURNING "Id";
2026-08-07 15:12:05.355 -07:00 [INF] Executed DbCommand (0ms) [Parameters=[@p0='?' (DbType = Int32), @p1='?' (Size = 2)], CommandType='"Text"', CommandTimeout='30']
INSERT INTO "PrefixMappings" ("DxccEntityCode", "Prefix")
VALUES (@p0, @p1)
RETURNING "Id";
2026-08-07 15:12:05.355 -07:00 [INF] Executed DbCommand (0ms) [Parameters=[@p0='?' (DbType = Int32), @p1='?' (Size = 3)], CommandType='"Text"', CommandTimeout='30']
INSERT INTO "PrefixMappings" ("DxccEntityCode", "Prefix")
VALUES (@p0, @p1)
RETURNING "Id";
2026-08-07 15:12:05.355 -07:00 [INF] Executed DbCommand (0ms) [Parameters=[@p0='?' (DbType = Int32), @p1='?' (Size = 3)], CommandType='"Text"', CommandTimeout='30']
INSERT INTO "PrefixMappings" ("DxccEntityCode", "Prefix")
VALUES (@p0, @p1)
RETURNING "Id";
2026-08-07 15:12:05.355 -07:00 [INF] Executed DbCommand (0ms) [Parameters=[@p0='?' (DbType = Int32), @p1='?' (Size = 3)], CommandType='"Text"', CommandTimeout='30']
INSERT INTO "PrefixMappings" ("DxccEntityCode", "Prefix")
VALUES (@p0, @p1)
RETURNING "Id";
2026-08-07 15:12:05.355 -07:00 [INF] Executed DbCommand (0ms) [Parameters=[@p0='?' (DbType = Int32), @p1='?' (Size = 3)], CommandType='"Text"', CommandTimeout='30']
INSERT INTO "PrefixMappings" ("DxccEntityCode", "Prefix")
VALUES (@p0, @p1)
RETURNING "Id";
2026-08-07 15:12:05.355 -07:00 [INF] Executed DbCommand (0ms) [Parameters=[@p0='?' (DbType = Int32), @p1='?' (Size = 3)], CommandType='"Text"', CommandTimeout='30']
INSERT INTO "PrefixMappings" ("DxccEntityCode", "Prefix")
VALUES (@p0, @p1)
RETURNING "Id";
2026-08-07 15:12:05.355 -07:00 [INF] Executed DbCommand (0ms) [Parameters=[@p0='?' (DbType = Int32), @p1='?' (Size = 2)], CommandType='"Text"', CommandTimeout='30']
INSERT INTO "PrefixMappings" ("DxccEntityCode", "Prefix")
VALUES (@p0, @p1)
RETURNING "Id";
2026-08-07 15:12:05.356 -07:00 [INF] Executed DbCommand (0ms) [Parameters=[@p0='?' (DbType = Int32), @p1='?' (Size = 2)], CommandType='"Text"', CommandTimeout='30']
INSERT INTO "PrefixMappings" ("DxccEntityCode", "Prefix")
VALUES (@p0, @p1)
RETURNING "Id";
2026-08-07 15:12:05.389 -07:00 [INF] Executed DbCommand (0ms) [Parameters=[], CommandType='"Text"', CommandTimeout='30']
SELECT "s"."Id", "s"."Callsign", "s"."IsDefault", "s"."MyCounty", "s"."MyGridSquare", "s"."MyState", "s"."Notes", "s"."ObservesDaylightSavingTime", "s"."Op", "s"."OperatorCallsign", "s"."Qth", "s"."SkccNr", "s"."UtcOffsetHours"
FROM "StationProfiles" AS "s"
ORDER BY "s"."Callsign"
2026-08-07 15:12:05.674 -07:00 [INF] Executed DbCommand (0ms) [Parameters=[], CommandType='"Text"', CommandTimeout='30']
SELECT "s"."Id", "s"."Callsign", "s"."IsDefault", "s"."MyCounty", "s"."MyGridSquare", "s"."MyState", "s"."Notes", "s"."ObservesDaylightSavingTime", "s"."Op", "s"."OperatorCallsign", "s"."Qth", "s"."SkccNr", "s"."UtcOffsetHours"
FROM "StationProfiles" AS "s"
ORDER BY "s"."Callsign"
2026-08-07 15:12:46.424 -07:00 [INF] Executed DbCommand (0ms) [Parameters=[], CommandType='"Text"', CommandTimeout='30']
SELECT "s"."Id", "s"."Callsign", "s"."IsDefault", "s"."MyCounty", "s"."MyGridSquare", "s"."MyState", "s"."Notes", "s"."ObservesDaylightSavingTime", "s"."Op", "s"."OperatorCallsign", "s"."Qth", "s"."SkccNr", "s"."UtcOffsetHours"
FROM "StationProfiles" AS "s"
WHERE "s"."IsDefault"
2026-08-07 15:12:46.436 -07:00 [INF] Executed DbCommand (0ms) [Parameters=[@p0='?' (Size = 5), @p1='?' (DbType = Boolean), @p2='?' (Size = 7), @p3='?' (Size = 6), @p4='?' (Size = 2), @p5='?', @p6='?' (DbType = Boolean), @p7='?', @p8='?', @p9='?' (Size = 4), @p10='?' (Size = 5), @p11='?' (DbType = Decimal)], CommandType='"Text"', CommandTimeout='30']
INSERT INTO "StationProfiles" ("Callsign", "IsDefault", "MyCounty", "MyGridSquare", "MyState", "Notes", "ObservesDaylightSavingTime", "Op", "OperatorCallsign", "Qth", "SkccNr", "UtcOffsetHours")
VALUES (@p0, @p1, @p2, @p3, @p4, @p5, @p6, @p7, @p8, @p9, @p10, @p11)
RETURNING "Id";
2026-08-07 15:12:46.439 -07:00 [INF] Executed DbCommand (0ms) [Parameters=[], CommandType='"Text"', CommandTimeout='30']
SELECT "s"."Id", "s"."Callsign", "s"."IsDefault", "s"."MyCounty", "s"."MyGridSquare", "s"."MyState", "s"."Notes", "s"."ObservesDaylightSavingTime", "s"."Op", "s"."OperatorCallsign", "s"."Qth", "s"."SkccNr", "s"."UtcOffsetHours"
FROM "StationProfiles" AS "s"
ORDER BY "s"."Callsign"
